2025 01 01 00.0 01.50 33969.00000 33969.06250  4.000   27 1
2025 01 01 03.0 04.50 33969.12500 33969.18750  5.333   56 1
2025 01 01 06.0 07.50 33969.25000 33969.31250  5.000   48 1
2025 01 01 09.0 10.50 33969.37500 33969.43750  6.000   80 1
2025 01 01 12.0 13.50 33969.50000 33969.56250  6.667  111 1
2025 01 01 15.0 16.50 33969.62500 33969.68750  8.000  207 1
2025 01 01 18.0 19.50 33969.75000 33969.81250  6.333   94 1
2025 01 01 21.0 22.50 33969.87500 33969.93750  4.000   27 1
2025 01 02 00.0 01.50 33970.00000 33970.06250  3.333   18 1
2025 01 02 03.0 04.50 33970.12500 33970.18750  2.000    7 1
2025 01 02 06.0 07.50 33970.25000 33970.31250  3.333   18 1
2025 01 02 09.0 10.50 33970.37500 33970.43750  4.667   39 1
2025 01 02 12.0 13.50 33970.50000 33970.56250  4.333   32 1
2025 01 02 15.0 16.50 33970.62500 33970.68750  3.667   22 1
2025 01 02 18.0 19.50 33970.75000 33970.81250  3.333   18 1
2025 01 02 21.0 22.50 33970.87500 33970.93750  3.000   15 1
2025 01 03 00.0 01.50 33971.00000 33971.06250  3.000   15 1
2025 01 03 03.0 04.50 33971.12500 33971.18750  3.333   18 1
2025 01 03 06.0 07.50 33971.25000 33971.31250  3.333   18 1
2025 01 03 09.0 10.50 33971.37500 33971.43750  2.000    7 1
2025 01 03 12.0 13.50 33971.50000 33971.56250  0.667    3 1
2025 01 03 15.0 16.50 33971.62500 33971.68750  1.333    5 1
2025 01 03 18.0 19.50 33971.75000 33971.81250  1.000    4 1
2025 01 03 21.0 22.50 33971.87500 33971.93750  1.667    6 1
2025 01 04 00.0 01.50 33972.00000 33972.06250  2.000    7 1
2025 01 04 03.0 04.50 33972.12500 33972.18750  4.667   39 1
2025 01 04 06.0 07.50 33972.25000 33972.31250  5.000   48 1
2025 01 04 09.0 10.50 33972.37500 33972.43750  4.333   32 1
2025 01 04 12.0 13.50 33972.50000 33972.56250  3.333   18 1
2025 01 04 15.0 16.50 33972.62500 33972.68750  4.333   32 1
2025 01 04 18.0 19.50 33972.75000 33972.81250  5.333   56 1
2025 01 04 21.0 22.50 33972.87500 33972.93750  3.000   15 1
2025 01 05 00.0 01.50 33973.00000 33973.06250  3.333   18 1
2025 01 05 03.0 04.50 33973.12500 33973.18750  2.333    9 1
2025 01 05 06.0 07.50 33973.25000 33973.31250  2.333    9 1
2025 01 05 09.0 10.50 33973.37500 33973.43750  3.333   18 1
2025 01 05 12.0 13.50 33973.50000 33973.56250  3.000   15 1
2025 01 05 15.0 16.50 33973.62500 33973.68750  4.333   32 1
2025 01 05 18.0 19.50 33973.75000 33973.81250  4.000   27 1
2025 01 05 21.0 22.50 33973.87500 33973.93750  2.667   12 1
2025 01 06 00.0 01.50 33974.00000 33974.06250  3.000   15 1
2025 01 06 03.0 04.50 33974.12500 33974.18750  3.667   22 1
2025 01 06 06.0 07.50 33974.25000 33974.31250  2.667   12 1
2025 01 06 09.0 10.50 33974.37500 33974.43750  3.000   15 1
2025 01 06 12.0 13.50 33974.50000 33974.56250  2.667   12 1
2025 01 06 15.0 16.50 33974.62500 33974.68750  3.000   15 1
2025 01 06 18.0 19.50 33974.75000 33974.81250  2.333    9 1
2025 01 06 21.0 22.50 33974.87500 33974.93750  2.333    9 1
2025 01 07 00.0 01.50 33975.00000 33975.06250  2.333    9 1
2025 01 07 03.0 04.50 33975.12500 33975.18750  2.667   12 1
2025 01 07 06.0 07.50 33975.25000 33975.31250  2.333    9 1
2025 01 07 09.0 10.50 33975.37500 33975.43750  2.667   12 1
2025 01 07 12.0 13.50 33975.50000 33975.56250  2.333    9 1
2025 01 07 15.0 16.50 33975.62500 33975.68750  3.333   18 1
2025 01 07 18.0 19.50 33975.75000 33975.81250  2.000    7 1
2025 01 07 21.0 22.50 33975.87500 33975.93750  2.000    7 1
2025 01 08 00.0 01.50 33976.00000 33976.06250  3.667   22 1
2025 01 08 03.0 04.50 33976.12500 33976.18750  2.333    9 1
2025 01 08 06.0 07.50 33976.25000 33976.31250  1.667    6 1
2025 01 08 09.0 10.50 33976.37500 33976.43750  0.000    0 1
2025 01 08 12.0 13.50 33976.50000 33976.56250  1.000    4 1
2025 01 08 15.0 16.50 33976.62500 33976.68750  2.333    9 1
2025 01 08 18.0 19.50 33976.75000 33976.81250  1.000    4 1
2025 01 08 21.0 22.50 33976.87500 33976.93750  0.667    3 1
2025 01 09 00.0 01.50 33977.00000 33977.06250  2.000    7 1
2025 01 09 03.0 04.50 33977.12500 33977.18750  1.000    4 1
2025 01 09 06.0 07.50 33977.25000 33977.31250  1.667    6 1
2025 01 09 09.0 10.50 33977.37500 33977.43750  2.000    7 1
2025 01 09 12.0 13.50 33977.50000 33977.56250  3.667   22 1
2025 01 09 15.0 16.50 33977.62500 33977.68750  2.667   12 1
2025 01 09 18.0 19.50 33977.75000 33977.81250  1.667    6 1
2025 01 09 21.0 22.50 33977.87500 33977.93750  1.333    5 1
2025 01 10 00.0 01.50 33978.00000 33978.06250  1.000    4 1
2025 01 10 03.0 04.50 33978.12500 33978.18750  3.333   18 1
2025 01 10 06.0 07.50 33978.25000 33978.31250  2.000    7 1
2025 01 10 09.0 10.50 33978.37500 33978.43750  2.667   12 1
2025 01 10 12.0 13.50 33978.50000 33978.56250  3.000   15 1
2025 01 10 15.0 16.50 33978.62500 33978.68750  1.333    5 1
2025 01 10 18.0 19.50 33978.75000 33978.81250  2.333    9 1
2025 01 10 21.0 22.50 33978.87500 33978.93750  4.000   27 1
2025 01 11 00.0 01.50 33979.00000 33979.06250  2.333    9 1
2025 01 11 03.0 04.50 33979.12500 33979.18750  1.000    4 1
2025 01 11 06.0 07.50 33979.25000 33979.31250  1.333    5 1
2025 01 11 09.0 10.50 33979.37500 33979.43750  1.000    4 1
2025 01 11 12.0 13.50 33979.50000 33979.56250  1.667    6 1
2025 01 11 15.0 16.50 33979.62500 33979.68750  3.000   15 1
2025 01 11 18.0 19.50 33979.75000 33979.81250  1.333    5 1
2025 01 11 21.0 22.50 33979.87500 33979.93750  0.667    3 1
2025 01 12 00.0 01.50 33980.00000 33980.06250  1.333    5 1
2025 01 12 03.0 04.50 33980.12500 33980.18750  1.667    6 1
2025 01 12 06.0 07.50 33980.25000 33980.31250  1.667    6 1
2025 01 12 09.0 10.50 33980.37500 33980.43750  1.667    6 1
2025 01 12 12.0 13.50 33980.50000 33980.56250  2.333    9 1
2025 01 12 15.0 16.50 33980.62500 33980.68750  1.333    5 1
2025 01 12 18.0 19.50 33980.75000 33980.81250  1.333    5 1
2025 01 12 21.0 22.50 33980.87500 33980.93750  1.667    6 1
2025 01 13 00.0 01.50 33981.00000 33981.06250  4.000   27 1
2025 01 13 03.0 04.50 33981.12500 33981.18750  2.333    9 1
2025 01 13 06.0 07.50 33981.25000 33981.31250  1.000    4 1
2025 01 13 09.0 10.50 33981.37500 33981.43750  2.333    9 1
2025 01 13 12.0 13.50 33981.50000 33981.56250  2.000    7 1
2025 01 13 15.0 16.50 33981.62500 33981.68750  2.333    9 1
2025 01 13 18.0 19.50 33981.75000 33981.81250  2.333    9 1
2025 01 13 21.0 22.50 33981.87500 33981.93750  2.000    7 1
2025 01 14 00.0 01.50 33982.00000 33982.06250  2.667   12 1
2025 01 14 03.0 04.50 33982.12500 33982.18750  2.333    9 1
2025 01 14 06.0 07.50 33982.25000 33982.31250  2.333    9 1
2025 01 14 09.0 10.50 33982.37500 33982.43750  2.000    7 1
2025 01 14 12.0 13.50 33982.50000 33982.56250  2.000    7 1
2025 01 14 15.0 16.50 33982.62500 33982.68750  2.667   12 1
2025 01 14 18.0 19.50 33982.75000 33982.81250  3.000   15 1
2025 01 14 21.0 22.50 33982.87500 33982.93750  2.667   12 1
2025 01 15 00.0 01.50 33983.00000 33983.06250  3.333   18 1
2025 01 15 03.0 04.50 33983.12500 33983.18750  3.667   22 1
2025 01 15 06.0 07.50 33983.25000 33983.31250  3.667   22 1
2025 01 15 09.0 10.50 33983.37500 33983.43750  2.667   12 1
2025 01 15 12.0 13.50 33983.50000 33983.56250  3.000   15 1
2025 01 15 15.0 16.50 33983.62500 33983.68750  3.333   18 1
2025 01 15 18.0 19.50 33983.75000 33983.81250  2.667   12 1
2025 01 15 21.0 22.50 33983.87500 33983.93750  1.667    6 1
2025 01 16 00.0 01.50 33984.00000 33984.06250  2.667   12 1
2025 01 16 03.0 04.50 33984.12500 33984.18750  3.333   18 1
2025 01 16 06.0 07.50 33984.25000 33984.31250  1.667    6 1
2025 01 16 09.0 10.50 33984.37500 33984.43750  2.333    9 1
2025 01 16 12.0 13.50 33984.50000 33984.56250  3.000   15 1
2025 01 16 15.0 16.50 33984.62500 33984.68750  3.000   15 1
2025 01 16 18.0 19.50 33984.75000 33984.81250  3.667   22 1
2025 01 16 21.0 22.50 33984.87500 33984.93750  2.667   12 1
2025 01 17 00.0 01.50 33985.00000 33985.06250  3.333   18 1
2025 01 17 03.0 04.50 33985.12500 33985.18750  4.000   27 1
2025 01 17 06.0 07.50 33985.25000 33985.31250  3.667   22 1
2025 01 17 09.0 10.50 33985.37500 33985.43750  3.000   15 1
2025 01 17 12.0 13.50 33985.50000 33985.56250  3.333   18 1
2025 01 17 15.0 16.50 33985.62500 33985.68750  3.000   15 1
2025 01 17 18.0 19.50 33985.75000 33985.81250  4.000   27 1
2025 01 17 21.0 22.50 33985.87500 33985.93750  4.000   27 1
2025 01 18 00.0 01.50 33986.00000 33986.06250  2.000    7 1
2025 01 18 03.0 04.50 33986.12500 33986.18750  2.000    7 1
2025 01 18 06.0 07.50 33986.25000 33986.31250  2.333    9 1
2025 01 18 09.0 10.50 33986.37500 33986.43750  2.000    7 1
2025 01 18 12.0 13.50 33986.50000 33986.56250  2.333    9 1
2025 01 18 15.0 16.50 33986.62500 33986.68750  2.000    7 1
2025 01 18 18.0 19.50 33986.75000 33986.81250  2.000    7 1
2025 01 18 21.0 22.50 33986.87500 33986.93750  2.000    7 1
2025 01 19 00.0 01.50 33987.00000 33987.06250  1.000    4 1
2025 01 19 03.0 04.50 33987.12500 33987.18750  2.333    9 1
2025 01 19 06.0 07.50 33987.25000 33987.31250  3.667   22 1
2025 01 19 09.0 10.50 33987.37500 33987.43750  2.667   12 1
2025 01 19 12.0 13.50 33987.50000 33987.56250  3.333   18 1
2025 01 19 15.0 16.50 33987.62500 33987.68750  3.000   15 1
2025 01 19 18.0 19.50 33987.75000 33987.81250  3.000   15 1
2025 01 19 21.0 22.50 33987.87500 33987.93750  3.667   22 1
2025 01 20 00.0 01.50 33988.00000 33988.06250  3.667   22 1
2025 01 20 03.0 04.50 33988.12500 33988.18750  3.333   18 1
2025 01 20 06.0 07.50 33988.25000 33988.31250  3.000   15 1
2025 01 20 09.0 10.50 33988.37500 33988.43750  3.000   15 1
2025 01 20 12.0 13.50 33988.50000 33988.56250  4.333   32 1
2025 01 20 15.0 16.50 33988.62500 33988.68750  3.000   15 1
2025 01 20 18.0 19.50 33988.75000 33988.81250  2.667   12 1
2025 01 20 21.0 22.50 33988.87500 33988.93750  3.667   22 1
2025 01 21 00.0 01.50 33989.00000 33989.06250  2.333    9 1
2025 01 21 03.0 04.50 33989.12500 33989.18750  3.000   15 1
2025 01 21 06.0 07.50 33989.25000 33989.31250  2.000    7 1
2025 01 21 09.0 10.50 33989.37500 33989.43750  1.667    6 1
2025 01 21 12.0 13.50 33989.50000 33989.56250  1.000    4 1
2025 01 21 15.0 16.50 33989.62500 33989.68750  2.667   12 1
2025 01 21 18.0 19.50 33989.75000 33989.81250  3.000   15 1
2025 01 21 21.0 22.50 33989.87500 33989.93750  2.333    9 1
2025 01 22 00.0 01.50 33990.00000 33990.06250  2.667   12 1
2025 01 22 03.0 04.50 33990.12500 33990.18750  2.000    7 1
2025 01 22 06.0 07.50 33990.25000 33990.31250  3.000   15 1
2025 01 22 09.0 10.50 33990.37500 33990.43750  2.333    9 1
2025 01 22 12.0 13.50 33990.50000 33990.56250  1.667    6 1
2025 01 22 15.0 16.50 33990.62500 33990.68750  1.333    5 1
2025 01 22 18.0 19.50 33990.75000 33990.81250  1.000    4 1
2025 01 22 21.0 22.50 33990.87500 33990.93750  3.000   15 1
2025 01 23 00.0 01.50 33991.00000 33991.06250  3.333   18 1
2025 01 23 03.0 04.50 33991.12500 33991.18750  1.667    6 1
2025 01 23 06.0 07.50 33991.25000 33991.31250  0.667    3 1
2025 01 23 09.0 10.50 33991.37500 33991.43750  1.000    4 1
2025 01 23 12.0 13.50 33991.50000 33991.56250  1.333    5 1
2025 01 23 15.0 16.50 33991.62500 33991.68750  3.667   22 1
2025 01 23 18.0 19.50 33991.75000 33991.81250  3.667   22 1
2025 01 23 21.0 22.50 33991.87500 33991.93750  2.333    9 1
2025 01 24 00.0 01.50 33992.00000 33992.06250  1.333    5 1
2025 01 24 03.0 04.50 33992.12500 33992.18750  1.333    5 1
2025 01 24 06.0 07.50 33992.25000 33992.31250  2.333    9 1
2025 01 24 09.0 10.50 33992.37500 33992.43750  1.333    5 1
2025 01 24 12.0 13.50 33992.50000 33992.56250  2.000    7 1
2025 01 24 15.0 16.50 33992.62500 33992.68750  1.000    4 1
2025 01 24 18.0 19.50 33992.75000 33992.81250  1.000    4 1
2025 01 24 21.0 22.50 33992.87500 33992.93750  2.333    9 1
2025 01 25 00.0 01.50 33993.00000 33993.06250  0.333    2 1
2025 01 25 03.0 04.50 33993.12500 33993.18750  0.000    0 1
2025 01 25 06.0 07.50 33993.25000 33993.31250  0.333    2 1
2025 01 25 09.0 10.50 33993.37500 33993.43750  0.333    2 1
2025 01 25 12.0 13.50 33993.50000 33993.56250  0.667    3 1
2025 01 25 15.0 16.50 33993.62500 33993.68750  1.000    4 1
2025 01 25 18.0 19.50 33993.75000 33993.81250  0.000    0 1
2025 01 25 21.0 22.50 33993.87500 33993.93750  0.667    3 1
2025 01 26 00.0 01.50 33994.00000 33994.06250  0.333    2 1
2025 01 26 03.0 04.50 33994.12500 33994.18750  0.667    3 1
2025 01 26 06.0 07.50 33994.25000 33994.31250  0.333    2 1
2025 01 26 09.0 10.50 33994.37500 33994.43750  0.333    2 1
2025 01 26 12.0 13.50 33994.50000 33994.56250  0.333    2 1
2025 01 26 15.0 16.50 33994.62500 33994.68750  0.000    0 1
2025 01 26 18.0 19.50 33994.75000 33994.81250  0.000    0 1
2025 01 26 21.0 22.50 33994.87500 33994.93750  0.333    2 1
2025 01 27 00.0 01.50 33995.00000 33995.06250  0.000    0 1
2025 01 27 03.0 04.50 33995.12500 33995.18750  0.000    0 1
2025 01 27 06.0 07.50 33995.25000 33995.31250  1.333    5 1
2025 01 27 09.0 10.50 33995.37500 33995.43750  1.667    6 1
2025 01 27 12.0 13.50 33995.50000 33995.56250  1.333    5 1
2025 01 27 15.0 16.50 33995.62500 33995.68750  2.667   12 1
2025 01 27 18.0 19.50 33995.75000 33995.81250  2.000    7 1
2025 01 27 21.0 22.50 33995.87500 33995.93750  2.000    7 1
2025 01 28 00.0 01.50 33996.00000 33996.06250  2.000    7 1
2025 01 28 03.0 04.50 33996.12500 33996.18750  1.333    5 1
2025 01 28 06.0 07.50 33996.25000 33996.31250  0.667    3 1
2025 01 28 09.0 10.50 33996.37500 33996.43750  2.333    9 1
2025 01 28 12.0 13.50 33996.50000 33996.56250  2.667   12 1
2025 01 28 15.0 16.50 33996.62500 33996.68750  2.667   12 1
2025 01 28 18.0 19.50 33996.75000 33996.81250  3.667   22 1
2025 01 28 21.0 22.50 33996.87500 33996.93750  2.667   12 1
2025 01 29 00.0 01.50 33997.00000 33997.06250  2.000    7 1
2025 01 29 03.0 04.50 33997.12500 33997.18750  1.000    4 1
2025 01 29 06.0 07.50 33997.25000 33997.31250  1.000    4 1
2025 01 29 09.0 10.50 33997.37500 33997.43750  2.000    7 1
2025 01 29 12.0 13.50 33997.50000 33997.56250  2.000    7 1
2025 01 29 15.0 16.50 33997.62500 33997.68750  1.667    6 1
2025 01 29 18.0 19.50 33997.75000 33997.81250  1.333    5 1
2025 01 29 21.0 22.50 33997.87500 33997.93750  1.333    5 1
2025 01 30 00.0 01.50 33998.00000 33998.06250  0.667    3 1
2025 01 30 03.0 04.50 33998.12500 33998.18750  0.667    3 1
2025 01 30 06.0 07.50 33998.25000 33998.31250  0.667    3 1
2025 01 30 09.0 10.50 33998.37500 33998.43750  0.333    2 1
2025 01 30 12.0 13.50 33998.50000 33998.56250  0.667    3 1
2025 01 30 15.0 16.50 33998.62500 33998.68750  1.333    5 1
2025 01 30 18.0 19.50 33998.75000 33998.81250  2.000    7 1
2025 01 30 21.0 22.50 33998.87500 33998.93750  2.667   12 1
2025 01 31 00.0 01.50 33999.00000 33999.06250  1.667    6 1
2025 01 31 03.0 04.50 33999.12500 33999.18750  0.667    3 1
2025 01 31 06.0 07.50 33999.25000 33999.31250  1.000    4 1
2025 01 31 09.0 10.50 33999.37500 33999.43750  1.667    6 1
2025 01 31 12.0 13.50 33999.50000 33999.56250  2.000    7 1
2025 01 31 15.0 16.50 33999.62500 33999.68750  1.667    6 1
2025 01 31 18.0 19.50 33999.75000 33999.81250  2.000    7 1
2025 01 31 21.0 22.50 33999.87500 33999.93750  2.667   12 1
2025 02 01 00.0 01.50 34000.00000 34000.06250  3.667   22 1
2025 02 01 03.0 04.50 34000.12500 34000.18750  3.667   22 1
2025 02 01 06.0 07.50 34000.25000 34000.31250  3.667   22 1
2025 02 01 09.0 10.50 34000.37500 34000.43750  3.000   15 1
2025 02 01 12.0 13.50 34000.50000 34000.56250  4.000   27 1
2025 02 01 15.0 16.50 34000.62500 34000.68750  3.667   22 1
2025 02 01 18.0 19.50 34000.75000 34000.81250  4.333   32 1
2025 02 01 21.0 22.50 34000.87500 34000.93750  4.000   27 1
2025 02 02 00.0 01.50 34001.00000 34001.06250  3.333   18 1
2025 02 02 03.0 04.50 34001.12500 34001.18750  4.000   27 1
2025 02 02 06.0 07.50 34001.25000 34001.31250  3.667   22 1
2025 02 02 09.0 10.50 34001.37500 34001.43750  3.333   18 1
2025 02 02 12.0 13.50 34001.50000 34001.56250  3.667   22 1
2025 02 02 15.0 16.50 34001.62500 34001.68750  4.333   32 1
2025 02 02 18.0 19.50 34001.75000 34001.81250  2.333    9 1
2025 02 02 21.0 22.50 34001.87500 34001.93750  1.667    6 1
2025 02 03 00.0 01.50 34002.00000 34002.06250  0.667    3 1
2025 02 03 03.0 04.50 34002.12500 34002.18750  0.333    2 1
2025 02 03 06.0 07.50 34002.25000 34002.31250  0.667    3 1
2025 02 03 09.0 10.50 34002.37500 34002.43750  1.000    4 1
2025 02 03 12.0 13.50 34002.50000 34002.56250  0.667    3 1
2025 02 03 15.0 16.50 34002.62500 34002.68750  0.333    2 1
2025 02 03 18.0 19.50 34002.75000 34002.81250  0.333    2 1
2025 02 03 21.0 22.50 34002.87500 34002.93750  1.000    4 1
2025 02 04 00.0 01.50 34003.00000 34003.06250  1.000    4 1
2025 02 04 03.0 04.50 34003.12500 34003.18750  1.000    4 1
2025 02 04 06.0 07.50 34003.25000 34003.31250  1.667    6 1
2025 02 04 09.0 10.50 34003.37500 34003.43750  1.333    5 1
2025 02 04 12.0 13.50 34003.50000 34003.56250  0.667    3 1
2025 02 04 15.0 16.50 34003.62500 34003.68750  0.667    3 1
2025 02 04 18.0 19.50 34003.75000 34003.81250  1.000    4 1
2025 02 04 21.0 22.50 34003.87500 34003.93750  0.667    3 1
2025 02 05 00.0 01.50 34004.00000 34004.06250  0.667    3 1
2025 02 05 03.0 04.50 34004.12500 34004.18750  1.667    6 1
2025 02 05 06.0 07.50 34004.25000 34004.31250  0.667    3 1
2025 02 05 09.0 10.50 34004.37500 34004.43750  1.000    4 1
2025 02 05 12.0 13.50 34004.50000 34004.56250  1.667    6 1
2025 02 05 15.0 16.50 34004.62500 34004.68750  2.667   12 1
2025 02 05 18.0 19.50 34004.75000 34004.81250  1.000    4 1
2025 02 05 21.0 22.50 34004.87500 34004.93750  2.000    7 1
2025 02 06 00.0 01.50 34005.00000 34005.06250  2.333    9 1
2025 02 06 03.0 04.50 34005.12500 34005.18750  2.333    9 1
2025 02 06 06.0 07.50 34005.25000 34005.31250  1.667    6 1
2025 02 06 09.0 10.50 34005.37500 34005.43750  1.000    4 1
2025 02 06 12.0 13.50 34005.50000 34005.56250  2.667   12 1
2025 02 06 15.0 16.50 34005.62500 34005.68750  1.667    6 1
2025 02 06 18.0 19.50 34005.75000 34005.81250  1.333    5 1
2025 02 06 21.0 22.50 34005.87500 34005.93750  1.000    4 1
2025 02 07 00.0 01.50 34006.00000 34006.06250  0.333    2 1
2025 02 07 03.0 04.50 34006.12500 34006.18750  0.333    2 1
2025 02 07 06.0 07.50 34006.25000 34006.31250  0.333    2 1
2025 02 07 09.0 10.50 34006.37500 34006.43750  0.667    3 1
2025 02 07 12.0 13.50 34006.50000 34006.56250  0.667    3 1
2025 02 07 15.0 16.50 34006.62500 34006.68750  1.000    4 1
2025 02 07 18.0 19.50 34006.75000 34006.81250  0.333    2 1
2025 02 07 21.0 22.50 34006.87500 34006.93750  0.333    2 1
2025 02 08 00.0 01.50 34007.00000 34007.06250  0.000    0 1
2025 02 08 03.0 04.50 34007.12500 34007.18750  2.333    9 1
2025 02 08 06.0 07.50 34007.25000 34007.31250  3.333   18 1
2025 02 08 09.0 10.50 34007.37500 34007.43750  2.667   12 1
2025 02 08 12.0 13.50 34007.50000 34007.56250  3.000   15 1
2025 02 08 15.0 16.50 34007.62500 34007.68750  2.000    7 1
2025 02 08 18.0 19.50 34007.75000 34007.81250  1.000    4 1
2025 02 08 21.0 22.50 34007.87500 34007.93750  1.000    4 1
2025 02 09 00.0 01.50 34008.00000 34008.06250  1.000    4 1
2025 02 09 03.0 04.50 34008.12500 34008.18750  1.667    6 1
2025 02 09 06.0 07.50 34008.25000 34008.31250  1.667    6 1
2025 02 09 09.0 10.50 34008.37500 34008.43750  2.000    7 1
2025 02 09 12.0 13.50 34008.50000 34008.56250  3.000   15 1
2025 02 09 15.0 16.50 34008.62500 34008.68750  4.000   27 1
2025 02 09 18.0 19.50 34008.75000 34008.81250  4.667   39 1
2025 02 09 21.0 22.50 34008.87500 34008.93750  4.333   32 1
2025 02 10 00.0 01.50 34009.00000 34009.06250  4.667   39 1
2025 02 10 03.0 04.50 34009.12500 34009.18750  2.667   12 1
2025 02 10 06.0 07.50 34009.25000 34009.31250  4.000   27 1
2025 02 10 09.0 10.50 34009.37500 34009.43750  4.000   27 1
2025 02 10 12.0 13.50 34009.50000 34009.56250  3.333   18 1
2025 02 10 15.0 16.50 34009.62500 34009.68750  3.667   22 1
2025 02 10 18.0 19.50 34009.75000 34009.81250  3.667   22 1
2025 02 10 21.0 22.50 34009.87500 34009.93750  3.667   22 1
2025 02 11 00.0 01.50 34010.00000 34010.06250  3.667   22 1
2025 02 11 03.0 04.50 34010.12500 34010.18750  3.000   15 1
2025 02 11 06.0 07.50 34010.25000 34010.31250  2.667   12 1
2025 02 11 09.0 10.50 34010.37500 34010.43750  3.333   18 1
2025 02 11 12.0 13.50 34010.50000 34010.56250  3.000   15 1
2025 02 11 15.0 16.50 34010.62500 34010.68750  3.333   18 1
2025 02 11 18.0 19.50 34010.75000 34010.81250  3.000   15 1
2025 02 11 21.0 22.50 34010.87500 34010.93750  2.667   12 1
2025 02 12 00.0 01.50 34011.00000 34011.06250  3.333   18 1
2025 02 12 03.0 04.50 34011.12500 34011.18750  4.333   32 1
2025 02 12 06.0 07.50 34011.25000 34011.31250  2.667   12 1
2025 02 12 09.0 10.50 34011.37500 34011.43750  3.000   15 1
2025 02 12 12.0 13.50 34011.50000 34011.56250  2.667   12 1
2025 02 12 15.0 16.50 34011.62500 34011.68750  3.000   15 1
2025 02 12 18.0 19.50 34011.75000 34011.81250  3.000   15 1
2025 02 12 21.0 22.50 34011.87500 34011.93750  2.667   12 1
2025 02 13 00.0 01.50 34012.00000 34012.06250  3.000   15 1
2025 02 13 03.0 04.50 34012.12500 34012.18750  4.333   32 1
2025 02 13 06.0 07.50 34012.25000 34012.31250  3.667   22 1
2025 02 13 09.0 10.50 34012.37500 34012.43750  3.667   22 1
2025 02 13 12.0 13.50 34012.50000 34012.56250  3.667   22 1
2025 02 13 15.0 16.50 34012.62500 34012.68750  2.333    9 1
2025 02 13 18.0 19.50 34012.75000 34012.81250  3.667   22 1
2025 02 13 21.0 22.50 34012.87500 34012.93750  4.000   27 1
2025 02 14 00.0 01.50 34013.00000 34013.06250  4.333   32 1
2025 02 14 03.0 04.50 34013.12500 34013.18750  4.667   39 1
2025 02 14 06.0 07.50 34013.25000 34013.31250  3.333   18 1
2025 02 14 09.0 10.50 34013.37500 34013.43750  2.667   12 1
2025 02 14 12.0 13.50 34013.50000 34013.56250  4.000   27 1
2025 02 14 15.0 16.50 34013.62500 34013.68750  3.000   15 1
2025 02 14 18.0 19.50 34013.75000 34013.81250  3.333   18 1
2025 02 14 21.0 22.50 34013.87500 34013.93750  3.667   22 1
2025 02 15 00.0 01.50 34014.00000 34014.06250  3.667   22 1
2025 02 15 03.0 04.50 34014.12500 34014.18750  3.667   22 1
2025 02 15 06.0 07.50 34014.25000 34014.31250  3.333   18 1
2025 02 15 09.0 10.50 34014.37500 34014.43750  5.000   48 1
2025 02 15 12.0 13.50 34014.50000 34014.56250  3.333   18 1
2025 02 15 15.0 16.50 34014.62500 34014.68750  4.333   32 1
2025 02 15 18.0 19.50 34014.75000 34014.81250  3.667   22 1
2025 02 15 21.0 22.50 34014.87500 34014.93750  4.667   39 1
2025 02 16 00.0 01.50 34015.00000 34015.06250  2.333    9 1
2025 02 16 03.0 04.50 34015.12500 34015.18750  4.000   27 1
2025 02 16 06.0 07.50 34015.25000 34015.31250  3.000   15 1
2025 02 16 09.0 10.50 34015.37500 34015.43750  4.000   27 1
2025 02 16 12.0 13.50 34015.50000 34015.56250  3.000   15 1
2025 02 16 15.0 16.50 34015.62500 34015.68750  3.000   15 1
2025 02 16 18.0 19.50 34015.75000 34015.81250  3.667   22 1
2025 02 16 21.0 22.50 34015.87500 34015.93750  4.000   27 1
2025 02 17 00.0 01.50 34016.00000 34016.06250  2.667   12 1
2025 02 17 03.0 04.50 34016.12500 34016.18750  3.333   18 1
2025 02 17 06.0 07.50 34016.25000 34016.31250  2.333    9 1
2025 02 17 09.0 10.50 34016.37500 34016.43750  2.333    9 1
2025 02 17 12.0 13.50 34016.50000 34016.56250  3.333   18 1
2025 02 17 15.0 16.50 34016.62500 34016.68750  3.667   22 1
2025 02 17 18.0 19.50 34016.75000 34016.81250  1.667    6 1
2025 02 17 21.0 22.50 34016.87500 34016.93750  3.333   18 1
2025 02 18 00.0 01.50 34017.00000 34017.06250  3.667   22 1
2025 02 18 03.0 04.50 34017.12500 34017.18750  3.333   18 1
2025 02 18 06.0 07.50 34017.25000 34017.31250  1.667    6 1
2025 02 18 09.0 10.50 34017.37500 34017.43750  0.667    3 1
2025 02 18 12.0 13.50 34017.50000 34017.56250  1.333    5 1
2025 02 18 15.0 16.50 34017.62500 34017.68750  2.667   12 1
2025 02 18 18.0 19.50 34017.75000 34017.81250  2.000    7 1
2025 02 18 21.0 22.50 34017.87500 34017.93750  4.333   32 1
2025 02 19 00.0 01.50 34018.00000 34018.06250  5.000   48 1
2025 02 19 03.0 04.50 34018.12500 34018.18750  3.333   18 1
2025 02 19 06.0 07.50 34018.25000 34018.31250  4.333   32 1
2025 02 19 09.0 10.50 34018.37500 34018.43750  2.000    7 1
2025 02 19 12.0 13.50 34018.50000 34018.56250  1.667    6 1
2025 02 19 15.0 16.50 34018.62500 34018.68750  2.333    9 1
2025 02 19 18.0 19.50 34018.75000 34018.81250  4.000   27 1
2025 02 19 21.0 22.50 34018.87500 34018.93750  3.000   15 1
2025 02 20 00.0 01.50 34019.00000 34019.06250  3.333   18 1
2025 02 20 03.0 04.50 34019.12500 34019.18750  2.667   12 1
2025 02 20 06.0 07.50 34019.25000 34019.31250  1.333    5 1
2025 02 20 09.0 10.50 34019.37500 34019.43750  0.333    2 1
2025 02 20 12.0 13.50 34019.50000 34019.56250  1.333    5 1
2025 02 20 15.0 16.50 34019.62500 34019.68750  0.000    0 1
2025 02 20 18.0 19.50 34019.75000 34019.81250  0.000    0 1
2025 02 20 21.0 22.50 34019.87500 34019.93750  0.667    3 1
2025 02 21 00.0 01.50 34020.00000 34020.06250  2.667   12 1
2025 02 21 03.0 04.50 34020.12500 34020.18750  0.667    3 1
2025 02 21 06.0 07.50 34020.25000 34020.31250  0.667    3 1
2025 02 21 09.0 10.50 34020.37500 34020.43750  0.333    2 1
2025 02 21 12.0 13.50 34020.50000 34020.56250  1.000    4 1
2025 02 21 15.0 16.50 34020.62500 34020.68750  0.667    3 1
2025 02 21 18.0 19.50 34020.75000 34020.81250  0.333    2 1
2025 02 21 21.0 22.50 34020.87500 34020.93750  1.667    6 1
2025 02 22 00.0 01.50 34021.00000 34021.06250  2.667   12 1
2025 02 22 03.0 04.50 34021.12500 34021.18750  0.333    2 1
2025 02 22 06.0 07.50 34021.25000 34021.31250  0.333    2 1
2025 02 22 09.0 10.50 34021.37500 34021.43750  1.333    5 1
2025 02 22 12.0 13.50 34021.50000 34021.56250  2.000    7 1
2025 02 22 15.0 16.50 34021.62500 34021.68750  0.667    3 1
2025 02 22 18.0 19.50 34021.75000 34021.81250  0.667    3 1
2025 02 22 21.0 22.50 34021.87500 34021.93750  2.333    9 1
2025 02 23 00.0 01.50 34022.00000 34022.06250  2.667   12 1
2025 02 23 03.0 04.50 34022.12500 34022.18750  1.667    6 1
2025 02 23 06.0 07.50 34022.25000 34022.31250  1.000    4 1
2025 02 23 09.0 10.50 34022.37500 34022.43750  0.667    3 1
2025 02 23 12.0 13.50 34022.50000 34022.56250  0.333    2 1
2025 02 23 15.0 16.50 34022.62500 34022.68750  0.667    3 1
2025 02 23 18.0 19.50 34022.75000 34022.81250  0.667    3 1
2025 02 23 21.0 22.50 34022.87500 34022.93750  3.000   15 1
2025 02 24 00.0 01.50 34023.00000 34023.06250  3.000   15 1
2025 02 24 03.0 04.50 34023.12500 34023.18750  1.000    4 1
2025 02 24 06.0 07.50 34023.25000 34023.31250  1.333    5 1
2025 02 24 09.0 10.50 34023.37500 34023.43750  3.000   15 1
2025 02 24 12.0 13.50 34023.50000 34023.56250  3.000   15 1
2025 02 24 15.0 16.50 34023.62500 34023.68750  2.000    7 1
2025 02 24 18.0 19.50 34023.75000 34023.81250  4.667   39 1
2025 02 24 21.0 22.50 34023.87500 34023.93750  2.667   12 1
2025 02 25 00.0 01.50 34024.00000 34024.06250  1.333    5 1
2025 02 25 03.0 04.50 34024.12500 34024.18750  1.000    4 1
2025 02 25 06.0 07.50 34024.25000 34024.31250  2.000    7 1
2025 02 25 09.0 10.50 34024.37500 34024.43750  1.333    5 1
2025 02 25 12.0 13.50 34024.50000 34024.56250  1.333    5 1
2025 02 25 15.0 16.50 34024.62500 34024.68750  1.667    6 1
2025 02 25 18.0 19.50 34024.75000 34024.81250  2.667   12 1
2025 02 25 21.0 22.50 34024.87500 34024.93750  3.000   15 1
2025 02 26 00.0 01.50 34025.00000 34025.06250  3.000   15 1
2025 02 26 03.0 04.50 34025.12500 34025.18750  3.333   18 1
2025 02 26 06.0 07.50 34025.25000 34025.31250  3.000   15 1
2025 02 26 09.0 10.50 34025.37500 34025.43750  2.333    9 1
2025 02 26 12.0 13.50 34025.50000 34025.56250  3.000   15 1
2025 02 26 15.0 16.50 34025.62500 34025.68750  3.333   18 1
2025 02 26 18.0 19.50 34025.75000 34025.81250  3.000   15 1
2025 02 26 21.0 22.50 34025.87500 34025.93750  2.000    7 1
2025 02 27 00.0 01.50 34026.00000 34026.06250  4.000   27 1
2025 02 27 03.0 04.50 34026.12500 34026.18750  4.333   32 1
2025 02 27 06.0 07.50 34026.25000 34026.31250  3.333   18 1
2025 02 27 09.0 10.50 34026.37500 34026.43750  5.667   67 1
2025 02 27 12.0 13.50 34026.50000 34026.56250  3.667   22 1
2025 02 27 15.0 16.50 34026.62500 34026.68750  4.333   32 1
2025 02 27 18.0 19.50 34026.75000 34026.81250  3.333   18 1
2025 02 27 21.0 22.50 34026.87500 34026.93750  4.000   27 1
2025 02 28 00.0 01.50 34027.00000 34027.06250  5.000   48 1
2025 02 28 03.0 04.50 34027.12500 34027.18750  3.667   22 1
2025 02 28 06.0 07.50 34027.25000 34027.31250  4.667   39 1
2025 02 28 09.0 10.50 34027.37500 34027.43750  4.333   32 1
2025 02 28 12.0 13.50 34027.50000 34027.56250  4.667   39 1
2025 02 28 15.0 16.50 34027.62500 34027.68750  4.333   32 1
2025 02 28 18.0 19.50 34027.75000 34027.81250  4.000   27 1
2025 02 28 21.0 22.50 34027.87500 34027.93750  2.667   12 1
2025 03 01 00.0 01.50 34028.00000 34028.06250  2.333    9 1
2025 03 01 03.0 04.50 34028.12500 34028.18750  3.667   22 1
2025 03 01 06.0 07.50 34028.25000 34028.31250  4.000   27 1
2025 03 01 09.0 10.50 34028.37500 34028.43750  3.667   22 1
2025 03 01 12.0 13.50 34028.50000 34028.56250  3.667   22 1
2025 03 01 15.0 16.50 34028.62500 34028.68750  1.667    6 1
2025 03 01 18.0 19.50 34028.75000 34028.81250  3.333   18 1
2025 03 01 21.0 22.50 34028.87500 34028.93750  3.000   15 1
2025 03 02 00.0 01.50 34029.00000 34029.06250  1.333    5 1
2025 03 02 03.0 04.50 34029.12500 34029.18750  2.000    7 1
2025 03 02 06.0 07.50 34029.25000 34029.31250  2.333    9 1
2025 03 02 09.0 10.50 34029.37500 34029.43750  1.333    5 1
2025 03 02 12.0 13.50 34029.50000 34029.56250  1.333    5 1
2025 03 02 15.0 16.50 34029.62500 34029.68750  1.000    4 1
2025 03 02 18.0 19.50 34029.75000 34029.81250  0.333    2 1
2025 03 02 21.0 22.50 34029.87500 34029.93750  0.000    0 1
2025 03 03 00.0 01.50 34030.00000 34030.06250  1.333    5 1
2025 03 03 03.0 04.50 34030.12500 34030.18750  1.000    4 1
2025 03 03 06.0 07.50 34030.25000 34030.31250  0.667    3 1
2025 03 03 09.0 10.50 34030.37500 34030.43750  1.333    5 1
2025 03 03 12.0 13.50 34030.50000 34030.56250  0.667    3 1
2025 03 03 15.0 16.50 34030.62500 34030.68750  1.000    4 1
2025 03 03 18.0 19.50 34030.75000 34030.81250  1.000    4 1
2025 03 03 21.0 22.50 34030.87500 34030.93750  1.000    4 1
2025 03 04 00.0 01.50 34031.00000 34031.06250  1.000    4 1
2025 03 04 03.0 04.50 34031.12500 34031.18750  2.333    9 1
2025 03 04 06.0 07.50 34031.25000 34031.31250  1.667    6 1
2025 03 04 09.0 10.50 34031.37500 34031.43750  1.333    5 1
2025 03 04 12.0 13.50 34031.50000 34031.56250  1.333    5 1
2025 03 04 15.0 16.50 34031.62500 34031.68750  1.667    6 1
2025 03 04 18.0 19.50 34031.75000 34031.81250  2.667   12 1
2025 03 04 21.0 22.50 34031.87500 34031.93750  4.333   32 1
2025 03 05 00.0 01.50 34032.00000 34032.06250  3.333   18 1
2025 03 05 03.0 04.50 34032.12500 34032.18750  3.000   15 1
2025 03 05 06.0 07.50 34032.25000 34032.31250  2.333    9 1
2025 03 05 09.0 10.50 34032.37500 34032.43750  2.000    7 1
2025 03 05 12.0 13.50 34032.50000 34032.56250  1.667    6 1
2025 03 05 15.0 16.50 34032.62500 34032.68750  2.667   12 1
2025 03 05 18.0 19.50 34032.75000 34032.81250  1.667    6 1
2025 03 05 21.0 22.50 34032.87500 34032.93750  2.000    7 1
2025 03 06 00.0 01.50 34033.00000 34033.06250  2.000    7 1
2025 03 06 03.0 04.50 34033.12500 34033.18750  1.333    5 1
2025 03 06 06.0 07.50 34033.25000 34033.31250  2.333    9 1
2025 03 06 09.0 10.50 34033.37500 34033.43750  1.333    5 1
2025 03 06 12.0 13.50 34033.50000 34033.56250  0.667    3 1
2025 03 06 15.0 16.50 34033.62500 34033.68750  1.333    5 1
2025 03 06 18.0 19.50 34033.75000 34033.81250  2.333    9 1
2025 03 06 21.0 22.50 34033.87500 34033.93750  1.000    4 1
2025 03 07 00.0 01.50 34034.00000 34034.06250  0.667    3 1
2025 03 07 03.0 04.50 34034.12500 34034.18750  2.667   12 1
2025 03 07 06.0 07.50 34034.25000 34034.31250  2.667   12 1
2025 03 07 09.0 10.50 34034.37500 34034.43750  3.000   15 1
2025 03 07 12.0 13.50 34034.50000 34034.56250  2.000    7 1
2025 03 07 15.0 16.50 34034.62500 34034.68750  3.000   15 1
2025 03 07 18.0 19.50 34034.75000 34034.81250  2.333    9 1
2025 03 07 21.0 22.50 34034.87500 34034.93750  0.667    3 1
2025 03 08 00.0 01.50 34035.00000 34035.06250  1.667    6 1
2025 03 08 03.0 04.50 34035.12500 34035.18750  3.000   15 1
2025 03 08 06.0 07.50 34035.25000 34035.31250  3.000   15 1
2025 03 08 09.0 10.50 34035.37500 34035.43750  3.667   22 1
2025 03 08 12.0 13.50 34035.50000 34035.56250  2.333    9 1
2025 03 08 15.0 16.50 34035.62500 34035.68750  3.333   18 1
2025 03 08 18.0 19.50 34035.75000 34035.81250  4.667   39 1
2025 03 08 21.0 22.50 34035.87500 34035.93750  5.000   48 1
2025 03 09 00.0 01.50 34036.00000 34036.06250  4.667   39 1
2025 03 09 03.0 04.50 34036.12500 34036.18750  5.667   67 1
2025 03 09 06.0 07.50 34036.25000 34036.31250  4.000   27 1
2025 03 09 09.0 10.50 34036.37500 34036.43750  5.000   48 1
2025 03 09 12.0 13.50 34036.50000 34036.56250  4.000   27 1
2025 03 09 15.0 16.50 34036.62500 34036.68750  3.000   15 1
2025 03 09 18.0 19.50 34036.75000 34036.81250  2.333    9 1
2025 03 09 21.0 22.50 34036.87500 34036.93750  3.333   18 1
2025 03 10 00.0 01.50 34037.00000 34037.06250  2.333    9 1
2025 03 10 03.0 04.50 34037.12500 34037.18750  1.667    6 1
2025 03 10 06.0 07.50 34037.25000 34037.31250  2.000    7 1
2025 03 10 09.0 10.50 34037.37500 34037.43750  2.333    9 1
2025 03 10 12.0 13.50 34037.50000 34037.56250  2.333    9 1
2025 03 10 15.0 16.50 34037.62500 34037.68750  2.667   12 1
2025 03 10 18.0 19.50 34037.75000 34037.81250  1.333    5 1
2025 03 10 21.0 22.50 34037.87500 34037.93750  2.333    9 1
2025 03 11 00.0 01.50 34038.00000 34038.06250  2.000    7 1
2025 03 11 03.0 04.50 34038.12500 34038.18750  2.333    9 1
2025 03 11 06.0 07.50 34038.25000 34038.31250  2.000    7 1
2025 03 11 09.0 10.50 34038.37500 34038.43750  2.667   12 1
2025 03 11 12.0 13.50 34038.50000 34038.56250  2.667   12 1
2025 03 11 15.0 16.50 34038.62500 34038.68750  1.667    6 1
2025 03 11 18.0 19.50 34038.75000 34038.81250  1.333    5 1
2025 03 11 21.0 22.50 34038.87500 34038.93750  2.667   12 1
2025 03 12 00.0 01.50 34039.00000 34039.06250  3.667   22 1
2025 03 12 03.0 04.50 34039.12500 34039.18750  3.333   18 1
2025 03 12 06.0 07.50 34039.25000 34039.31250  3.000   15 1
2025 03 12 09.0 10.50 34039.37500 34039.43750  4.000   27 1
2025 03 12 12.0 13.50 34039.50000 34039.56250  4.333   32 1
2025 03 12 15.0 16.50 34039.62500 34039.68750  5.000   48 1
2025 03 12 18.0 19.50 34039.75000 34039.81250  5.000   48 1
2025 03 12 21.0 22.50 34039.87500 34039.93750  4.333   32 1
2025 03 13 00.0 01.50 34040.00000 34040.06250  5.000   48 1
2025 03 13 03.0 04.50 34040.12500 34040.18750  4.667   39 1
2025 03 13 06.0 07.50 34040.25000 34040.31250  5.000   48 1
2025 03 13 09.0 10.50 34040.37500 34040.43750  4.333   32 1
2025 03 13 12.0 13.50 34040.50000 34040.56250  5.000   48 1
2025 03 13 15.0 16.50 34040.62500 34040.68750  3.667   22 1
2025 03 13 18.0 19.50 34040.75000 34040.81250  4.333   32 1
2025 03 13 21.0 22.50 34040.87500 34040.93750  3.667   22 1
2025 03 14 00.0 01.50 34041.00000 34041.06250  5.333   56 1
2025 03 14 03.0 04.50 34041.12500 34041.18750  2.667   12 1
2025 03 14 06.0 07.50 34041.25000 34041.31250  3.333   18 1
2025 03 14 09.0 10.50 34041.37500 34041.43750  3.000   15 1
2025 03 14 12.0 13.50 34041.50000 34041.56250  3.000   15 1
2025 03 14 15.0 16.50 34041.62500 34041.68750  3.667   22 1
2025 03 14 18.0 19.50 34041.75000 34041.81250  3.000   15 1
2025 03 14 21.0 22.50 34041.87500 34041.93750  3.333   18 1
2025 03 15 00.0 01.50 34042.00000 34042.06250  4.000   27 1
2025 03 15 03.0 04.50 34042.12500 34042.18750  3.333   18 1
2025 03 15 06.0 07.50 34042.25000 34042.31250  3.333   18 1
2025 03 15 09.0 10.50 34042.37500 34042.43750  3.667   22 1
2025 03 15 12.0 13.50 34042.50000 34042.56250  3.667   22 1
2025 03 15 15.0 16.50 34042.62500 34042.68750  3.333   18 1
2025 03 15 18.0 19.50 34042.75000 34042.81250  0.667    3 1
2025 03 15 21.0 22.50 34042.87500 34042.93750  0.667    3 1
2025 03 16 00.0 01.50 34043.00000 34043.06250  1.667    6 1
2025 03 16 03.0 04.50 34043.12500 34043.18750  2.000    7 1
2025 03 16 06.0 07.50 34043.25000 34043.31250  2.000    7 1
2025 03 16 09.0 10.50 34043.37500 34043.43750  2.333    9 1
2025 03 16 12.0 13.50 34043.50000 34043.56250  3.333   18 1
2025 03 16 15.0 16.50 34043.62500 34043.68750  1.000    4 1
2025 03 16 18.0 19.50 34043.75000 34043.81250  2.000    7 1
2025 03 16 21.0 22.50 34043.87500 34043.93750  2.667   12 1
2025 03 17 00.0 01.50 34044.00000 34044.06250  3.333   18 1
2025 03 17 03.0 04.50 34044.12500 34044.18750  3.000   15 1
2025 03 17 06.0 07.50 34044.25000 34044.31250  2.667   12 1
2025 03 17 09.0 10.50 34044.37500 34044.43750  1.667    6 1
2025 03 17 12.0 13.50 34044.50000 34044.56250  3.000   15 1
2025 03 17 15.0 16.50 34044.62500 34044.68750  3.000   15 1
2025 03 17 18.0 19.50 34044.75000 34044.81250  3.333   18 1
2025 03 17 21.0 22.50 34044.87500 34044.93750  2.667   12 1
2025 03 18 00.0 01.50 34045.00000 34045.06250  3.000   15 1
2025 03 18 03.0 04.50 34045.12500 34045.18750  3.000   15 1
2025 03 18 06.0 07.50 34045.25000 34045.31250  2.333    9 1
2025 03 18 09.0 10.50 34045.37500 34045.43750  2.333    9 1
2025 03 18 12.0 13.50 34045.50000 34045.56250  3.333   18 1
2025 03 18 15.0 16.50 34045.62500 34045.68750  2.667   12 1
2025 03 18 18.0 19.50 34045.75000 34045.81250  1.667    6 1
2025 03 18 21.0 22.50 34045.87500 34045.93750  2.000    7 1
2025 03 19 00.0 01.50 34046.00000 34046.06250  2.333    9 1
2025 03 19 03.0 04.50 34046.12500 34046.18750  4.000   27 1
2025 03 19 06.0 07.50 34046.25000 34046.31250  4.000   27 1
2025 03 19 09.0 10.50 34046.37500 34046.43750  2.667   12 1
2025 03 19 12.0 13.50 34046.50000 34046.56250  3.000   15 1
2025 03 19 15.0 16.50 34046.62500 34046.68750  3.333   18 1
2025 03 19 18.0 19.50 34046.75000 34046.81250  4.667   39 1
2025 03 19 21.0 22.50 34046.87500 34046.93750  3.000   15 1
2025 03 20 00.0 01.50 34047.00000 34047.06250  1.667    6 1
2025 03 20 03.0 04.50 34047.12500 34047.18750  1.667    6 1
2025 03 20 06.0 07.50 34047.25000 34047.31250  1.667    6 1
2025 03 20 09.0 10.50 34047.37500 34047.43750  0.667    3 1
2025 03 20 12.0 13.50 34047.50000 34047.56250  1.333    5 1
2025 03 20 15.0 16.50 34047.62500 34047.68750  0.667    3 1
2025 03 20 18.0 19.50 34047.75000 34047.81250  0.667    3 1
2025 03 20 21.0 22.50 34047.87500 34047.93750  2.333    9 1
2025 03 21 00.0 01.50 34048.00000 34048.06250  3.333   18 1
2025 03 21 03.0 04.50 34048.12500 34048.18750  3.000   15 1
2025 03 21 06.0 07.50 34048.25000 34048.31250  1.667    6 1
2025 03 21 09.0 10.50 34048.37500 34048.43750  1.667    6 1
2025 03 21 12.0 13.50 34048.50000 34048.56250  2.667   12 1
2025 03 21 15.0 16.50 34048.62500 34048.68750  4.000   27 1
2025 03 21 18.0 19.50 34048.75000 34048.81250  5.333   56 1
2025 03 21 21.0 22.50 34048.87500 34048.93750  5.000   48 1
2025 03 22 00.0 01.50 34049.00000 34049.06250  5.667   67 1
2025 03 22 03.0 04.50 34049.12500 34049.18750  5.000   48 1
2025 03 22 06.0 07.50 34049.25000 34049.31250  2.667   12 1
2025 03 22 09.0 10.50 34049.37500 34049.43750  2.667   12 1
2025 03 22 12.0 13.50 34049.50000 34049.56250  4.000   27 1
2025 03 22 15.0 16.50 34049.62500 34049.68750  4.333   32 1
2025 03 22 18.0 19.50 34049.75000 34049.81250  3.667   22 1
2025 03 22 21.0 22.50 34049.87500 34049.93750  4.333   32 1
2025 03 23 00.0 01.50 34050.00000 34050.06250  4.000   27 1
2025 03 23 03.0 04.50 34050.12500 34050.18750  2.000    7 1
2025 03 23 06.0 07.50 34050.25000 34050.31250  2.667   12 1
2025 03 23 09.0 10.50 34050.37500 34050.43750  1.667    6 1
2025 03 23 12.0 13.50 34050.50000 34050.56250  2.000    7 1
2025 03 23 15.0 16.50 34050.62500 34050.68750  1.000    4 1
2025 03 23 18.0 19.50 34050.75000 34050.81250  2.000    7 1
2025 03 23 21.0 22.50 34050.87500 34050.93750  1.333    5 1
2025 03 24 00.0 01.50 34051.00000 34051.06250  4.000   27 1
2025 03 24 03.0 04.50 34051.12500 34051.18750  4.333   32 1
2025 03 24 06.0 07.50 34051.25000 34051.31250  2.667   12 1
2025 03 24 09.0 10.50 34051.37500 34051.43750  3.000   15 1
2025 03 24 12.0 13.50 34051.50000 34051.56250  3.667   22 1
2025 03 24 15.0 16.50 34051.62500 34051.68750  3.667   22 1
2025 03 24 18.0 19.50 34051.75000 34051.81250  2.667   12 1
2025 03 24 21.0 22.50 34051.87500 34051.93750  1.667    6 1
2025 03 25 00.0 01.50 34052.00000 34052.06250  3.333   18 1
2025 03 25 03.0 04.50 34052.12500 34052.18750  2.667   12 1
2025 03 25 06.0 07.50 34052.25000 34052.31250  2.333    9 1
2025 03 25 09.0 10.50 34052.37500 34052.43750  3.000   15 1
2025 03 25 12.0 13.50 34052.50000 34052.56250  2.000    7 1
2025 03 25 15.0 16.50 34052.62500 34052.68750  2.667   12 1
2025 03 25 18.0 19.50 34052.75000 34052.81250  4.000   27 1
2025 03 25 21.0 22.50 34052.87500 34052.93750  3.000   15 1
2025 03 26 00.0 01.50 34053.00000 34053.06250  4.333   32 1
2025 03 26 03.0 04.50 34053.12500 34053.18750  4.333   32 1
2025 03 26 06.0 07.50 34053.25000 34053.31250  2.333    9 1
2025 03 26 09.0 10.50 34053.37500 34053.43750  3.333   18 1
2025 03 26 12.0 13.50 34053.50000 34053.56250  5.667   67 1
2025 03 26 15.0 16.50 34053.62500 34053.68750  5.667   67 1
2025 03 26 18.0 19.50 34053.75000 34053.81250  5.667   67 1
2025 03 26 21.0 22.50 34053.87500 34053.93750  4.333   32 1
2025 03 27 00.0 01.50 34054.00000 34054.06250  3.667   22 1
2025 03 27 03.0 04.50 34054.12500 34054.18750  4.333   32 1
2025 03 27 06.0 07.50 34054.25000 34054.31250  4.667   39 1
2025 03 27 09.0 10.50 34054.37500 34054.43750  4.000   27 1
2025 03 27 12.0 13.50 34054.50000 34054.56250  4.667   39 1
2025 03 27 15.0 16.50 34054.62500 34054.68750  4.667   39 1
2025 03 27 18.0 19.50 34054.75000 34054.81250  3.667   22 1
2025 03 27 21.0 22.50 34054.87500 34054.93750  3.667   22 1
2025 03 28 00.0 01.50 34055.00000 34055.06250  2.333    9 1
2025 03 28 03.0 04.50 34055.12500 34055.18750  3.000   15 1
2025 03 28 06.0 07.50 34055.25000 34055.31250  2.667   12 1
2025 03 28 09.0 10.50 34055.37500 34055.43750  2.333    9 1
2025 03 28 12.0 13.50 34055.50000 34055.56250  2.667   12 1
2025 03 28 15.0 16.50 34055.62500 34055.68750  2.667   12 1
2025 03 28 18.0 19.50 34055.75000 34055.81250  3.333   18 1
2025 03 28 21.0 22.50 34055.87500 34055.93750  4.000   27 1
2025 03 29 00.0 01.50 34056.00000 34056.06250  3.000   15 1
2025 03 29 03.0 04.50 34056.12500 34056.18750  3.333   18 1
2025 03 29 06.0 07.50 34056.25000 34056.31250  1.667    6 1
2025 03 29 09.0 10.50 34056.37500 34056.43750  1.333    5 1
2025 03 29 12.0 13.50 34056.50000 34056.56250  1.000    4 1
2025 03 29 15.0 16.50 34056.62500 34056.68750  1.000    4 1
2025 03 29 18.0 19.50 34056.75000 34056.81250  0.333    2 1
2025 03 29 21.0 22.50 34056.87500 34056.93750  1.000    4 1
2025 03 30 00.0 01.50 34057.00000 34057.06250  1.333    5 1
2025 03 30 03.0 04.50 34057.12500 34057.18750  2.333    9 1
2025 03 30 06.0 07.50 34057.25000 34057.31250  2.333    9 1
2025 03 30 09.0 10.50 34057.37500 34057.43750  1.333    5 1
2025 03 30 12.0 13.50 34057.50000 34057.56250  0.667    3 1
2025 03 30 15.0 16.50 34057.62500 34057.68750  0.667    3 1
2025 03 30 18.0 19.50 34057.75000 34057.81250  1.000    4 1
2025 03 30 21.0 22.50 34057.87500 34057.93750  0.667    3 1
2025 03 31 00.0 01.50 34058.00000 34058.06250  0.333    2 1
2025 03 31 03.0 04.50 34058.12500 34058.18750  1.667    6 1
2025 03 31 06.0 07.50 34058.25000 34058.31250  2.000    7 1
2025 03 31 09.0 10.50 34058.37500 34058.43750  1.667    6 1
2025 03 31 12.0 13.50 34058.50000 34058.56250  1.333    5 1
2025 03 31 15.0 16.50 34058.62500 34058.68750  1.667    6 1
2025 03 31 18.0 19.50 34058.75000 34058.81250  1.000    4 1
2025 03 31 21.0 22.50 34058.87500 34058.93750  1.000    4 1
2025 04 01 00.0 01.50 34059.00000 34059.06250  1.000    4 1
2025 04 01 03.0 04.50 34059.12500 34059.18750  0.667    3 1
2025 04 01 06.0 07.50 34059.25000 34059.31250  0.667    3 1
2025 04 01 09.0 10.50 34059.37500 34059.43750  0.333    2 1
2025 04 01 12.0 13.50 34059.50000 34059.56250  1.333    5 1
2025 04 01 15.0 16.50 34059.62500 34059.68750  1.000    4 1
2025 04 01 18.0 19.50 34059.75000 34059.81250  2.333    9 1
2025 04 01 21.0 22.50 34059.87500 34059.93750  2.000    7 1
2025 04 02 00.0 01.50 34060.00000 34060.06250  3.667   22 1
2025 04 02 03.0 04.50 34060.12500 34060.18750  3.333   18 1
2025 04 02 06.0 07.50 34060.25000 34060.31250  3.333   18 1
2025 04 02 09.0 10.50 34060.37500 34060.43750  3.667   22 1
2025 04 02 12.0 13.50 34060.50000 34060.56250  2.667   12 1
2025 04 02 15.0 16.50 34060.62500 34060.68750  1.667    6 1
2025 04 02 18.0 19.50 34060.75000 34060.81250  3.333   18 1
2025 04 02 21.0 22.50 34060.87500 34060.93750  3.333   18 1
2025 04 03 00.0 01.50 34061.00000 34061.06250  3.333   18 1
2025 04 03 03.0 04.50 34061.12500 34061.18750  2.333    9 1
2025 04 03 06.0 07.50 34061.25000 34061.31250  3.667   22 1
2025 04 03 09.0 10.50 34061.37500 34061.43750  3.333   18 1
2025 04 03 12.0 13.50 34061.50000 34061.56250  3.333   18 1
2025 04 03 15.0 16.50 34061.62500 34061.68750  3.000   15 1
2025 04 03 18.0 19.50 34061.75000 34061.81250  4.000   27 1
2025 04 03 21.0 22.50 34061.87500 34061.93750  4.667   39 1
2025 04 04 00.0 01.50 34062.00000 34062.06250  4.000   27 1
2025 04 04 03.0 04.50 34062.12500 34062.18750  4.000   27 1
2025 04 04 06.0 07.50 34062.25000 34062.31250  3.667   22 1
2025 04 04 09.0 10.50 34062.37500 34062.43750  4.333   32 1
2025 04 04 12.0 13.50 34062.50000 34062.56250  4.667   39 1
2025 04 04 15.0 16.50 34062.62500 34062.68750  4.333   32 1
2025 04 04 18.0 19.50 34062.75000 34062.81250  4.667   39 1
2025 04 04 21.0 22.50 34062.87500 34062.93750  4.667   39 1
2025 04 05 00.0 01.50 34063.00000 34063.06250  5.667   67 1
2025 04 05 03.0 04.50 34063.12500 34063.18750  5.000   48 1
2025 04 05 06.0 07.50 34063.25000 34063.31250  4.333   32 1
2025 04 05 09.0 10.50 34063.37500 34063.43750  4.667   39 1
2025 04 05 12.0 13.50 34063.50000 34063.56250  4.000   27 1
2025 04 05 15.0 16.50 34063.62500 34063.68750  3.667   22 1
2025 04 05 18.0 19.50 34063.75000 34063.81250  5.333   56 1
2025 04 05 21.0 22.50 34063.87500 34063.93750  4.333   32 1
2025 04 06 00.0 01.50 34064.00000 34064.06250  5.000   48 1
2025 04 06 03.0 04.50 34064.12500 34064.18750  3.000   15 1
2025 04 06 06.0 07.50 34064.25000 34064.31250  3.000   15 1
2025 04 06 09.0 10.50 34064.37500 34064.43750  3.333   18 1
2025 04 06 12.0 13.50 34064.50000 34064.56250  3.333   18 1
2025 04 06 15.0 16.50 34064.62500 34064.68750  3.667   22 1
2025 04 06 18.0 19.50 34064.75000 34064.81250  3.000   15 1
2025 04 06 21.0 22.50 34064.87500 34064.93750  3.333   18 1
2025 04 07 00.0 01.50 34065.00000 34065.06250  3.000   15 1
2025 04 07 03.0 04.50 34065.12500 34065.18750  2.667   12 1
2025 04 07 06.0 07.50 34065.25000 34065.31250  1.667    6 1
2025 04 07 09.0 10.50 34065.37500 34065.43750  1.333    5 1
2025 04 07 12.0 13.50 34065.50000 34065.56250  2.000    7 1
2025 04 07 15.0 16.50 34065.62500 34065.68750  2.667   12 1
2025 04 07 18.0 19.50 34065.75000 34065.81250  4.000   27 1
2025 04 07 21.0 22.50 34065.87500 34065.93750  3.333   18 1
2025 04 08 00.0 01.50 34066.00000 34066.06250  3.000   15 1
2025 04 08 03.0 04.50 34066.12500 34066.18750  3.667   22 1
2025 04 08 06.0 07.50 34066.25000 34066.31250  3.667   22 1
2025 04 08 09.0 10.50 34066.37500 34066.43750  2.000    7 1
2025 04 08 12.0 13.50 34066.50000 34066.56250  4.333   32 1
2025 04 08 15.0 16.50 34066.62500 34066.68750  4.000   27 1
2025 04 08 18.0 19.50 34066.75000 34066.81250  4.333   32 1
2025 04 08 21.0 22.50 34066.87500 34066.93750  3.667   22 1
2025 04 09 00.0 01.50 34067.00000 34067.06250  4.667   39 1
2025 04 09 03.0 04.50 34067.12500 34067.18750  3.333   18 1
2025 04 09 06.0 07.50 34067.25000 34067.31250  3.667   22 1
2025 04 09 09.0 10.50 34067.37500 34067.43750  4.000   27 1
2025 04 09 12.0 13.50 34067.50000 34067.56250  3.333   18 1
2025 04 09 15.0 16.50 34067.62500 34067.68750  3.000   15 1
2025 04 09 18.0 19.50 34067.75000 34067.81250  2.667   12 1
2025 04 09 21.0 22.50 34067.87500 34067.93750  2.667   12 1
2025 04 10 00.0 01.50 34068.00000 34068.06250  4.000   27 1
2025 04 10 03.0 04.50 34068.12500 34068.18750  3.333   18 1
2025 04 10 06.0 07.50 34068.25000 34068.31250  3.667   22 1
2025 04 10 09.0 10.50 34068.37500 34068.43750  1.667    6 1
2025 04 10 12.0 13.50 34068.50000 34068.56250  1.333    5 1
2025 04 10 15.0 16.50 34068.62500 34068.68750  2.000    7 1
2025 04 10 18.0 19.50 34068.75000 34068.81250  3.000   15 1
2025 04 10 21.0 22.50 34068.87500 34068.93750  4.000   27 1
2025 04 11 00.0 01.50 34069.00000 34069.06250  3.667   22 1
2025 04 11 03.0 04.50 34069.12500 34069.18750  3.000   15 1
2025 04 11 06.0 07.50 34069.25000 34069.31250  2.000    7 1
2025 04 11 09.0 10.50 34069.37500 34069.43750  2.333    9 1
2025 04 11 12.0 13.50 34069.50000 34069.56250  3.333   18 1
2025 04 11 15.0 16.50 34069.62500 34069.68750  2.000    7 1
2025 04 11 18.0 19.50 34069.75000 34069.81250  3.000   15 1
2025 04 11 21.0 22.50 34069.87500 34069.93750  4.000   27 1
2025 04 12 00.0 01.50 34070.00000 34070.06250  3.333   18 1
2025 04 12 03.0 04.50 34070.12500 34070.18750  2.333    9 1
2025 04 12 06.0 07.50 34070.25000 34070.31250  2.333    9 1
2025 04 12 09.0 10.50 34070.37500 34070.43750  3.000   15 1
2025 04 12 12.0 13.50 34070.50000 34070.56250  2.000    7 1
2025 04 12 15.0 16.50 34070.62500 34070.68750  3.333   18 1
2025 04 12 18.0 19.50 34070.75000 34070.81250  3.667   22 1
2025 04 12 21.0 22.50 34070.87500 34070.93750  4.333   32 1
2025 04 13 00.0 01.50 34071.00000 34071.06250  3.667   22 1
2025 04 13 03.0 04.50 34071.12500 34071.18750  3.333   18 1
2025 04 13 06.0 07.50 34071.25000 34071.31250  3.000   15 1
2025 04 13 09.0 10.50 34071.37500 34071.43750  2.333    9 1
2025 04 13 12.0 13.50 34071.50000 34071.56250  2.667   12 1
2025 04 13 15.0 16.50 34071.62500 34071.68750  1.667    6 1
2025 04 13 18.0 19.50 34071.75000 34071.81250  2.667   12 1
2025 04 13 21.0 22.50 34071.87500 34071.93750  2.333    9 1
2025 04 14 00.0 01.50 34072.00000 34072.06250  3.000   15 1
2025 04 14 03.0 04.50 34072.12500 34072.18750  4.667   39 1
2025 04 14 06.0 07.50 34072.25000 34072.31250  3.333   18 1
2025 04 14 09.0 10.50 34072.37500 34072.43750  1.667    6 1
2025 04 14 12.0 13.50 34072.50000 34072.56250  2.000    7 1
2025 04 14 15.0 16.50 34072.62500 34072.68750  3.333   18 1
2025 04 14 18.0 19.50 34072.75000 34072.81250  3.333   18 1
2025 04 14 21.0 22.50 34072.87500 34072.93750  3.667   22 1
2025 04 15 00.0 01.50 34073.00000 34073.06250  3.000   15 1
2025 04 15 03.0 04.50 34073.12500 34073.18750  2.000    7 1
2025 04 15 06.0 07.50 34073.25000 34073.31250  1.333    5 1
2025 04 15 09.0 10.50 34073.37500 34073.43750  1.000    4 1
2025 04 15 12.0 13.50 34073.50000 34073.56250  2.000    7 1
2025 04 15 15.0 16.50 34073.62500 34073.68750  5.000   48 1
2025 04 15 18.0 19.50 34073.75000 34073.81250  5.333   56 1
2025 04 15 21.0 22.50 34073.87500 34073.93750  6.333   94 1
2025 04 16 00.0 01.50 34074.00000 34074.06250  5.000   48 1
2025 04 16 03.0 04.50 34074.12500 34074.18750  3.333   18 1
2025 04 16 06.0 07.50 34074.25000 34074.31250  3.000   15 1
2025 04 16 09.0 10.50 34074.37500 34074.43750  4.667   39 1
2025 04 16 12.0 13.50 34074.50000 34074.56250  7.333  154 1
2025 04 16 15.0 16.50 34074.62500 34074.68750  6.333   94 1
2025 04 16 18.0 19.50 34074.75000 34074.81250  7.667  179 1
2025 04 16 21.0 22.50 34074.87500 34074.93750  5.333   56 1
2025 04 17 00.0 01.50 34075.00000 34075.06250  3.000   15 1
2025 04 17 03.0 04.50 34075.12500 34075.18750  3.667   22 1
2025 04 17 06.0 07.50 34075.25000 34075.31250  1.000    4 1
2025 04 17 09.0 10.50 34075.37500 34075.43750  0.667    3 1
2025 04 17 12.0 13.50 34075.50000 34075.56250  2.667   12 1
2025 04 17 15.0 16.50 34075.62500 34075.68750  2.000    7 1
2025 04 17 18.0 19.50 34075.75000 34075.81250  1.333    5 1
2025 04 17 21.0 22.50 34075.87500 34075.93750  1.667    6 1
2025 04 18 00.0 01.50 34076.00000 34076.06250  3.000   15 1
2025 04 18 03.0 04.50 34076.12500 34076.18750  4.333   32 1
2025 04 18 06.0 07.50 34076.25000 34076.31250  2.667   12 1
2025 04 18 09.0 10.50 34076.37500 34076.43750  1.667    6 1
2025 04 18 12.0 13.50 34076.50000 34076.56250  2.000    7 1
2025 04 18 15.0 16.50 34076.62500 34076.68750  2.000    7 1
2025 04 18 18.0 19.50 34076.75000 34076.81250  2.667   12 1
2025 04 18 21.0 22.50 34076.87500 34076.93750  2.667   12 1
2025 04 19 00.0 01.50 34077.00000 34077.06250  4.000   27 1
2025 04 19 03.0 04.50 34077.12500 34077.18750  3.333   18 1
2025 04 19 06.0 07.50 34077.25000 34077.31250  3.333   18 1
2025 04 19 09.0 10.50 34077.37500 34077.43750  2.000    7 1
2025 04 19 12.0 13.50 34077.50000 34077.56250  3.000   15 1
2025 04 19 15.0 16.50 34077.62500 34077.68750  3.333   18 1
2025 04 19 18.0 19.50 34077.75000 34077.81250  2.333    9 1
2025 04 19 21.0 22.50 34077.87500 34077.93750  4.667   39 1
2025 04 20 00.0 01.50 34078.00000 34078.06250  5.000   48 1
2025 04 20 03.0 04.50 34078.12500 34078.18750  2.333    9 1
2025 04 20 06.0 07.50 34078.25000 34078.31250  2.000    7 1
2025 04 20 09.0 10.50 34078.37500 34078.43750  1.333    5 1
2025 04 20 12.0 13.50 34078.50000 34078.56250  1.333    5 1
2025 04 20 15.0 16.50 34078.62500 34078.68750  1.000    4 1
2025 04 20 18.0 19.50 34078.75000 34078.81250  2.667   12 1
2025 04 20 21.0 22.50 34078.87500 34078.93750  2.667   12 1
2025 04 21 00.0 01.50 34079.00000 34079.06250  4.000   27 1
2025 04 21 03.0 04.50 34079.12500 34079.18750  4.333   32 1
2025 04 21 06.0 07.50 34079.25000 34079.31250  4.667   39 1
2025 04 21 09.0 10.50 34079.37500 34079.43750  4.333   32 1
2025 04 21 12.0 13.50 34079.50000 34079.56250  5.333   56 1
2025 04 21 15.0 16.50 34079.62500 34079.68750  4.333   32 1
2025 04 21 18.0 19.50 34079.75000 34079.81250  5.000   48 1
2025 04 21 21.0 22.50 34079.87500 34079.93750  2.333    9 1
2025 04 22 00.0 01.50 34080.00000 34080.06250  3.667   22 1
2025 04 22 03.0 04.50 34080.12500 34080.18750  3.333   18 1
2025 04 22 06.0 07.50 34080.25000 34080.31250  2.667   12 1
2025 04 22 09.0 10.50 34080.37500 34080.43750  1.667    6 1
2025 04 22 12.0 13.50 34080.50000 34080.56250  1.667    6 1
2025 04 22 15.0 16.50 34080.62500 34080.68750  3.000   15 1
2025 04 22 18.0 19.50 34080.75000 34080.81250  3.000   15 1
2025 04 22 21.0 22.50 34080.87500 34080.93750  2.667   12 1
2025 04 23 00.0 01.50 34081.00000 34081.06250  1.000    4 1
2025 04 23 03.0 04.50 34081.12500 34081.18750  2.333    9 1
2025 04 23 06.0 07.50 34081.25000 34081.31250  1.667    6 1
2025 04 23 09.0 10.50 34081.37500 34081.43750  2.667   12 1
2025 04 23 12.0 13.50 34081.50000 34081.56250  1.667    6 1
2025 04 23 15.0 16.50 34081.62500 34081.68750  1.333    5 1
2025 04 23 18.0 19.50 34081.75000 34081.81250  0.667    3 1
2025 04 23 21.0 22.50 34081.87500 34081.93750  0.667    3 1
2025 04 24 00.0 01.50 34082.00000 34082.06250  2.333    9 1
2025 04 24 03.0 04.50 34082.12500 34082.18750  2.667   12 1
2025 04 24 06.0 07.50 34082.25000 34082.31250  3.667   22 1
2025 04 24 09.0 10.50 34082.37500 34082.43750  3.333   18 1
2025 04 24 12.0 13.50 34082.50000 34082.56250  3.667   22 1
2025 04 24 15.0 16.50 34082.62500 34082.68750  2.000    7 1
2025 04 24 18.0 19.50 34082.75000 34082.81250  2.000    7 1
2025 04 24 21.0 22.50 34082.87500 34082.93750  1.333    5 1
2025 04 25 00.0 01.50 34083.00000 34083.06250  0.667    3 1
2025 04 25 03.0 04.50 34083.12500 34083.18750  0.667    3 1
2025 04 25 06.0 07.50 34083.25000 34083.31250  1.000    4 1
2025 04 25 09.0 10.50 34083.37500 34083.43750  1.000    4 1
2025 04 25 12.0 13.50 34083.50000 34083.56250  1.000    4 1
2025 04 25 15.0 16.50 34083.62500 34083.68750  1.000    4 1
2025 04 25 18.0 19.50 34083.75000 34083.81250  1.667    6 1
2025 04 25 21.0 22.50 34083.87500 34083.93750  2.000    7 1
2025 04 26 00.0 01.50 34084.00000 34084.06250  1.333    5 1
2025 04 26 03.0 04.50 34084.12500 34084.18750  1.333    5 1
2025 04 26 06.0 07.50 34084.25000 34084.31250  1.000    4 1
2025 04 26 09.0 10.50 34084.37500 34084.43750  2.000    7 1
2025 04 26 12.0 13.50 34084.50000 34084.56250  2.000    7 1
2025 04 26 15.0 16.50 34084.62500 34084.68750  1.667    6 1
2025 04 26 18.0 19.50 34084.75000 34084.81250  1.333    5 1
2025 04 26 21.0 22.50 34084.87500 34084.93750  1.333    5 1
2025 04 27 00.0 01.50 34085.00000 34085.06250  1.000    4 1
2025 04 27 03.0 04.50 34085.12500 34085.18750  2.333    9 1
2025 04 27 06.0 07.50 34085.25000 34085.31250  1.333    5 1
2025 04 27 09.0 10.50 34085.37500 34085.43750  1.000    4 1
2025 04 27 12.0 13.50 34085.50000 34085.56250  1.000    4 1
2025 04 27 15.0 16.50 34085.62500 34085.68750  2.667   12 1
2025 04 27 18.0 19.50 34085.75000 34085.81250  2.000    7 1
2025 04 27 21.0 22.50 34085.87500 34085.93750  1.667    6 1
2025 04 28 00.0 01.50 34086.00000 34086.06250  2.333    9 1
2025 04 28 03.0 04.50 34086.12500 34086.18750  0.333    2 1
2025 04 28 06.0 07.50 34086.25000 34086.31250  0.333    2 1
2025 04 28 09.0 10.50 34086.37500 34086.43750  1.000    4 1
2025 04 28 12.0 13.50 34086.50000 34086.56250  0.667    3 1
2025 04 28 15.0 16.50 34086.62500 34086.68750  0.667    3 1
2025 04 28 18.0 19.50 34086.75000 34086.81250  0.667    3 1
2025 04 28 21.0 22.50 34086.87500 34086.93750  0.333    2 1
2025 04 29 00.0 01.50 34087.00000 34087.06250  0.000    0 1
2025 04 29 03.0 04.50 34087.12500 34087.18750  1.333    5 1
2025 04 29 06.0 07.50 34087.25000 34087.31250  2.000    7 1
2025 04 29 09.0 10.50 34087.37500 34087.43750  1.667    6 1
2025 04 29 12.0 13.50 34087.50000 34087.56250  1.333    5 1
2025 04 29 15.0 16.50 34087.62500 34087.68750  1.333    5 1
2025 04 29 18.0 19.50 34087.75000 34087.81250  2.000    7 1
2025 04 29 21.0 22.50 34087.87500 34087.93750  1.333    5 1
2025 04 30 00.0 01.50 34088.00000 34088.06250  3.333   18 1
2025 04 30 03.0 04.50 34088.12500 34088.18750  2.333    9 1
2025 04 30 06.0 07.50 34088.25000 34088.31250  2.667   12 1
2025 04 30 09.0 10.50 34088.37500 34088.43750  2.667   12 1
2025 04 30 12.0 13.50 34088.50000 34088.56250  1.667    6 1
2025 04 30 15.0 16.50 34088.62500 34088.68750  1.333    5 1
2025 04 30 18.0 19.50 34088.75000 34088.81250  1.000    4 1
2025 04 30 21.0 22.50 34088.87500 34088.93750  2.667   12 1
2025 05 01 00.0 01.50 34089.00000 34089.06250  3.000   15 1
2025 05 01 03.0 04.50 34089.12500 34089.18750  3.667   22 1
2025 05 01 06.0 07.50 34089.25000 34089.31250  4.000   27 1
2025 05 01 09.0 10.50 34089.37500 34089.43750  4.000   27 1
2025 05 01 12.0 13.50 34089.50000 34089.56250  4.000   27 1
2025 05 01 15.0 16.50 34089.62500 34089.68750  3.333   18 1
2025 05 01 18.0 19.50 34089.75000 34089.81250  4.667   39 1
2025 05 01 21.0 22.50 34089.87500 34089.93750  4.667   39 1
2025 05 02 00.0 01.50 34090.00000 34090.06250  5.000   48 1
2025 05 02 03.0 04.50 34090.12500 34090.18750  5.000   48 1
2025 05 02 06.0 07.50 34090.25000 34090.31250  4.000   27 1
2025 05 02 09.0 10.50 34090.37500 34090.43750  4.333   32 1
2025 05 02 12.0 13.50 34090.50000 34090.56250  4.667   39 1
2025 05 02 15.0 16.50 34090.62500 34090.68750  4.333   32 1
2025 05 02 18.0 19.50 34090.75000 34090.81250  4.000   27 1
2025 05 02 21.0 22.50 34090.87500 34090.93750  5.000   48 1
2025 05 03 00.0 01.50 34091.00000 34091.06250  5.333   56 1
2025 05 03 03.0 04.50 34091.12500 34091.18750  4.000   27 1
2025 05 03 06.0 07.50 34091.25000 34091.31250  4.000   27 1
2025 05 03 09.0 10.50 34091.37500 34091.43750  4.667   39 1
2025 05 03 12.0 13.50 34091.50000 34091.56250  3.333   18 1
2025 05 03 15.0 16.50 34091.62500 34091.68750  3.333   18 1
2025 05 03 18.0 19.50 34091.75000 34091.81250  2.667   12 1
2025 05 03 21.0 22.50 34091.87500 34091.93750  3.667   22 1
2025 05 04 00.0 01.50 34092.00000 34092.06250  4.000   27 1
2025 05 04 03.0 04.50 34092.12500 34092.18750  3.333   18 1
2025 05 04 06.0 07.50 34092.25000 34092.31250  4.667   39 1
2025 05 04 09.0 10.50 34092.37500 34092.43750  2.333    9 1
2025 05 04 12.0 13.50 34092.50000 34092.56250  3.667   22 1
2025 05 04 15.0 16.50 34092.62500 34092.68750  4.667   39 1
2025 05 04 18.0 19.50 34092.75000 34092.81250  4.333   32 1
2025 05 04 21.0 22.50 34092.87500 34092.93750  4.000   27 1
2025 05 05 00.0 01.50 34093.00000 34093.06250  3.000   15 1
2025 05 05 03.0 04.50 34093.12500 34093.18750  4.333   32 1
2025 05 05 06.0 07.50 34093.25000 34093.31250  4.333   32 1
2025 05 05 09.0 10.50 34093.37500 34093.43750  4.333   32 1
2025 05 05 12.0 13.50 34093.50000 34093.56250  4.667   39 1
2025 05 05 15.0 16.50 34093.62500 34093.68750  4.333   32 1
2025 05 05 18.0 19.50 34093.75000 34093.81250  4.000   27 1
2025 05 05 21.0 22.50 34093.87500 34093.93750  4.000   27 1
2025 05 06 00.0 01.50 34094.00000 34094.06250  3.333   18 1
2025 05 06 03.0 04.50 34094.12500 34094.18750  2.333    9 1
2025 05 06 06.0 07.50 34094.25000 34094.31250  2.000    7 1
2025 05 06 09.0 10.50 34094.37500 34094.43750  2.667   12 1
2025 05 06 12.0 13.50 34094.50000 34094.56250  2.333    9 1
2025 05 06 15.0 16.50 34094.62500 34094.68750  2.667   12 1
2025 05 06 18.0 19.50 34094.75000 34094.81250  3.333   18 1
2025 05 06 21.0 22.50 34094.87500 34094.93750  3.667   22 1
2025 05 07 00.0 01.50 34095.00000 34095.06250  2.000    7 1
2025 05 07 03.0 04.50 34095.12500 34095.18750  2.667   12 1
2025 05 07 06.0 07.50 34095.25000 34095.31250  2.000    7 1
2025 05 07 09.0 10.50 34095.37500 34095.43750  2.000    7 1
2025 05 07 12.0 13.50 34095.50000 34095.56250  1.667    6 1
2025 05 07 15.0 16.50 34095.62500 34095.68750  1.000    4 1
2025 05 07 18.0 19.50 34095.75000 34095.81250  1.333    5 1
2025 05 07 21.0 22.50 34095.87500 34095.93750  2.000    7 1
2025 05 08 00.0 01.50 34096.00000 34096.06250  2.000    7 1
2025 05 08 03.0 04.50 34096.12500 34096.18750  3.000   15 1
2025 05 08 06.0 07.50 34096.25000 34096.31250  3.000   15 1
2025 05 08 09.0 10.50 34096.37500 34096.43750  1.333    5 1
2025 05 08 12.0 13.50 34096.50000 34096.56250  2.333    9 1
2025 05 08 15.0 16.50 34096.62500 34096.68750  2.000    7 1
2025 05 08 18.0 19.50 34096.75000 34096.81250  0.667    3 1
2025 05 08 21.0 22.50 34096.87500 34096.93750  3.667   22 1
2025 05 09 00.0 01.50 34097.00000 34097.06250  2.667   12 1
2025 05 09 03.0 04.50 34097.12500 34097.18750  2.000    7 1
2025 05 09 06.0 07.50 34097.25000 34097.31250  1.667    6 1
2025 05 09 09.0 10.50 34097.37500 34097.43750  1.667    6 1
2025 05 09 12.0 13.50 34097.50000 34097.56250  2.333    9 1
2025 05 09 15.0 16.50 34097.62500 34097.68750  3.333   18 1
2025 05 09 18.0 19.50 34097.75000 34097.81250  4.667   39 1
2025 05 09 21.0 22.50 34097.87500 34097.93750  4.333   32 1
2025 05 10 00.0 01.50 34098.00000 34098.06250  4.667   39 1
2025 05 10 03.0 04.50 34098.12500 34098.18750  3.333   18 1
2025 05 10 06.0 07.50 34098.25000 34098.31250  1.333    5 1
2025 05 10 09.0 10.50 34098.37500 34098.43750  2.333    9 1
2025 05 10 12.0 13.50 34098.50000 34098.56250  2.000    7 1
2025 05 10 15.0 16.50 34098.62500 34098.68750  1.333    5 1
2025 05 10 18.0 19.50 34098.75000 34098.81250  1.000    4 1
2025 05 10 21.0 22.50 34098.87500 34098.93750  2.000    7 1
2025 05 11 00.0 01.50 34099.00000 34099.06250  2.333    9 1
2025 05 11 03.0 04.50 34099.12500 34099.18750  3.000   15 1
2025 05 11 06.0 07.50 34099.25000 34099.31250  2.000    7 1
2025 05 11 09.0 10.50 34099.37500 34099.43750  1.667    6 1
2025 05 11 12.0 13.50 34099.50000 34099.56250  3.000   15 1
2025 05 11 15.0 16.50 34099.62500 34099.68750  1.333    5 1
2025 05 11 18.0 19.50 34099.75000 34099.81250  4.667   39 1
2025 05 11 21.0 22.50 34099.87500 34099.93750  4.000   27 1
2025 05 12 00.0 01.50 34100.00000 34100.06250  2.000    7 1
2025 05 12 03.0 04.50 34100.12500 34100.18750  1.667    6 1
2025 05 12 06.0 07.50 34100.25000 34100.31250  1.333    5 1
2025 05 12 09.0 10.50 34100.37500 34100.43750  1.333    5 1
2025 05 12 12.0 13.50 34100.50000 34100.56250  2.000    7 1
2025 05 12 15.0 16.50 34100.62500 34100.68750  1.000    4 1
2025 05 12 18.0 19.50 34100.75000 34100.81250  1.000    4 1
2025 05 12 21.0 22.50 34100.87500 34100.93750  1.667    6 1
2025 05 13 00.0 01.50 34101.00000 34101.06250  1.000    4 1
2025 05 13 03.0 04.50 34101.12500 34101.18750  1.333    5 1
2025 05 13 06.0 07.50 34101.25000 34101.31250  1.333    5 1
2025 05 13 09.0 10.50 34101.37500 34101.43750  1.333    5 1
2025 05 13 12.0 13.50 34101.50000 34101.56250  1.333    5 1
2025 05 13 15.0 16.50 34101.62500 34101.68750  2.333    9 1
2025 05 13 18.0 19.50 34101.75000 34101.81250  3.667   22 1
2025 05 13 21.0 22.50 34101.87500 34101.93750  3.333   18 1
2025 05 14 00.0 01.50 34102.00000 34102.06250  3.667   22 1
2025 05 14 03.0 04.50 34102.12500 34102.18750  2.000    7 1
2025 05 14 06.0 07.50 34102.25000 34102.31250  2.333    9 1
2025 05 14 09.0 10.50 34102.37500 34102.43750  2.333    9 1
2025 05 14 12.0 13.50 34102.50000 34102.56250  3.667   22 1
2025 05 14 15.0 16.50 34102.62500 34102.68750  3.667   22 1
2025 05 14 18.0 19.50 34102.75000 34102.81250  3.667   22 1
2025 05 14 21.0 22.50 34102.87500 34102.93750  1.667    6 1
2025 05 15 00.0 01.50 34103.00000 34103.06250  3.333   18 1
2025 05 15 03.0 04.50 34103.12500 34103.18750  3.667   22 1
2025 05 15 06.0 07.50 34103.25000 34103.31250  2.333    9 1
2025 05 15 09.0 10.50 34103.37500 34103.43750  2.000    7 1
2025 05 15 12.0 13.50 34103.50000 34103.56250  1.667    6 1
2025 05 15 15.0 16.50 34103.62500 34103.68750  3.000   15 1
2025 05 15 18.0 19.50 34103.75000 34103.81250  2.333    9 1
2025 05 15 21.0 22.50 34103.87500 34103.93750  3.000   15 1
2025 05 16 00.0 01.50 34104.00000 34104.06250  2.000    7 1
2025 05 16 03.0 04.50 34104.12500 34104.18750  2.000    7 1
2025 05 16 06.0 07.50 34104.25000 34104.31250  2.667   12 1
2025 05 16 09.0 10.50 34104.37500 34104.43750  1.667    6 1
2025 05 16 12.0 13.50 34104.50000 34104.56250  2.667   12 1
2025 05 16 15.0 16.50 34104.62500 34104.68750  2.000    7 1
2025 05 16 18.0 19.50 34104.75000 34104.81250  2.000    7 1
2025 05 16 21.0 22.50 34104.87500 34104.93750  3.667   22 1
2025 05 17 00.0 01.50 34105.00000 34105.06250  6.333   94 1
2025 05 17 03.0 04.50 34105.12500 34105.18750  5.333   56 1
2025 05 17 06.0 07.50 34105.25000 34105.31250  3.000   15 1
2025 05 17 09.0 10.50 34105.37500 34105.43750  4.667   39 1
2025 05 17 12.0 13.50 34105.50000 34105.56250  4.667   39 1
2025 05 17 15.0 16.50 34105.62500 34105.68750  4.333   32 1
2025 05 17 18.0 19.50 34105.75000 34105.81250  3.333   18 1
2025 05 17 21.0 22.50 34105.87500 34105.93750  3.333   18 1
2025 05 18 00.0 01.50 34106.00000 34106.06250  4.000   27 1
2025 05 18 03.0 04.50 34106.12500 34106.18750  3.000   15 1
2025 05 18 06.0 07.50 34106.25000 34106.31250  4.667   39 1
2025 05 18 09.0 10.50 34106.37500 34106.43750  2.667   12 1
2025 05 18 12.0 13.50 34106.50000 34106.56250  2.667   12 1
2025 05 18 15.0 16.50 34106.62500 34106.68750  4.000   27 1
2025 05 18 18.0 19.50 34106.75000 34106.81250  4.000   27 1
2025 05 18 21.0 22.50 34106.87500 34106.93750  2.667   12 1
2025 05 19 00.0 01.50 34107.00000 34107.06250  3.333   18 1
2025 05 19 03.0 04.50 34107.12500 34107.18750  3.000   15 1
2025 05 19 06.0 07.50 34107.25000 34107.31250  1.333    5 1
2025 05 19 09.0 10.50 34107.37500 34107.43750  1.667    6 1
2025 05 19 12.0 13.50 34107.50000 34107.56250  2.000    7 1
2025 05 19 15.0 16.50 34107.62500 34107.68750  2.333    9 1
2025 05 19 18.0 19.50 34107.75000 34107.81250  1.333    5 1
2025 05 19 21.0 22.50 34107.87500 34107.93750  1.000    4 1
2025 05 20 00.0 01.50 34108.00000 34108.06250  2.000    7 1
2025 05 20 03.0 04.50 34108.12500 34108.18750  3.000   15 1
2025 05 20 06.0 07.50 34108.25000 34108.31250  3.333   18 1
2025 05 20 09.0 10.50 34108.37500 34108.43750  2.667   12 1
2025 05 20 12.0 13.50 34108.50000 34108.56250  3.000   15 1
2025 05 20 15.0 16.50 34108.62500 34108.68750  2.667   12 1
2025 05 20 18.0 19.50 34108.75000 34108.81250  1.667    6 1
2025 05 20 21.0 22.50 34108.87500 34108.93750  3.000   15 1
2025 05 21 00.0 01.50 34109.00000 34109.06250  4.000   27 1
2025 05 21 03.0 04.50 34109.12500 34109.18750  3.000   15 1
2025 05 21 06.0 07.50 34109.25000 34109.31250  3.333   18 1
2025 05 21 09.0 10.50 34109.37500 34109.43750  2.667   12 1
2025 05 21 12.0 13.50 34109.50000 34109.56250  2.000    7 1
2025 05 21 15.0 16.50 34109.62500 34109.68750  1.333    5 1
2025 05 21 18.0 19.50 34109.75000 34109.81250  1.667    6 1
2025 05 21 21.0 22.50 34109.87500 34109.93750  2.000    7 1
2025 05 22 00.0 01.50 34110.00000 34110.06250  2.000    7 1
2025 05 22 03.0 04.50 34110.12500 34110.18750  1.667    6 1
2025 05 22 06.0 07.50 34110.25000 34110.31250  1.333    5 1
2025 05 22 09.0 10.50 34110.37500 34110.43750  1.000    4 1
2025 05 22 12.0 13.50 34110.50000 34110.56250  1.333    5 1
2025 05 22 15.0 16.50 34110.62500 34110.68750  1.667    6 1
2025 05 22 18.0 19.50 34110.75000 34110.81250  2.333    9 1
2025 05 22 21.0 22.50 34110.87500 34110.93750  1.000    4 1
2025 05 23 00.0 01.50 34111.00000 34111.06250  1.667    6 1
2025 05 23 03.0 04.50 34111.12500 34111.18750  1.333    5 1
2025 05 23 06.0 07.50 34111.25000 34111.31250  2.000    7 1
2025 05 23 09.0 10.50 34111.37500 34111.43750  2.333    9 1
2025 05 23 12.0 13.50 34111.50000 34111.56250  2.333    9 1
2025 05 23 15.0 16.50 34111.62500 34111.68750  3.333   18 1
2025 05 23 18.0 19.50 34111.75000 34111.81250  0.667    3 1
2025 05 23 21.0 22.50 34111.87500 34111.93750  1.667    6 1
2025 05 24 00.0 01.50 34112.00000 34112.06250  1.333    5 1
2025 05 24 03.0 04.50 34112.12500 34112.18750  1.000    4 1
2025 05 24 06.0 07.50 34112.25000 34112.31250  1.000    4 1
2025 05 24 09.0 10.50 34112.37500 34112.43750  1.000    4 1
2025 05 24 12.0 13.50 34112.50000 34112.56250  1.000    4 1
2025 05 24 15.0 16.50 34112.62500 34112.68750  0.667    3 1
2025 05 24 18.0 19.50 34112.75000 34112.81250  0.667    3 1
2025 05 24 21.0 22.50 34112.87500 34112.93750  1.000    4 1
2025 05 25 00.0 01.50 34113.00000 34113.06250  1.667    6 1
2025 05 25 03.0 04.50 34113.12500 34113.18750  1.667    6 1
2025 05 25 06.0 07.50 34113.25000 34113.31250  2.000    7 1
2025 05 25 09.0 10.50 34113.37500 34113.43750  1.000    4 1
2025 05 25 12.0 13.50 34113.50000 34113.56250  2.000    7 1
2025 05 25 15.0 16.50 34113.62500 34113.68750  1.333    5 1
2025 05 25 18.0 19.50 34113.75000 34113.81250  1.667    6 1
2025 05 25 21.0 22.50 34113.87500 34113.93750  1.000    4 1
2025 05 26 00.0 01.50 34114.00000 34114.06250  1.000    4 1
2025 05 26 03.0 04.50 34114.12500 34114.18750  1.000    4 1
2025 05 26 06.0 07.50 34114.25000 34114.31250  2.000    7 1
2025 05 26 09.0 10.50 34114.37500 34114.43750  1.000    4 1
2025 05 26 12.0 13.50 34114.50000 34114.56250  3.000   15 1
2025 05 26 15.0 16.50 34114.62500 34114.68750  1.333    5 1
2025 05 26 18.0 19.50 34114.75000 34114.81250  2.000    7 1
2025 05 26 21.0 22.50 34114.87500 34114.93750  2.667   12 1
2025 05 27 00.0 01.50 34115.00000 34115.06250  2.000    7 1
2025 05 27 03.0 04.50 34115.12500 34115.18750  2.000    7 1
2025 05 27 06.0 07.50 34115.25000 34115.31250  1.000    4 1
2025 05 27 09.0 10.50 34115.37500 34115.43750  2.333    9 1
2025 05 27 12.0 13.50 34115.50000 34115.56250  3.000   15 1
2025 05 27 15.0 16.50 34115.62500 34115.68750  3.000   15 1
2025 05 27 18.0 19.50 34115.75000 34115.81250  4.000   27 1
2025 05 27 21.0 22.50 34115.87500 34115.93750  4.333   32 1
2025 05 28 00.0 01.50 34116.00000 34116.06250  3.667   22 1
2025 05 28 03.0 04.50 34116.12500 34116.18750  4.333   32 1
2025 05 28 06.0 07.50 34116.25000 34116.31250  2.667   12 1
2025 05 28 09.0 10.50 34116.37500 34116.43750  3.000   15 1
2025 05 28 12.0 13.50 34116.50000 34116.56250  1.667    6 1
2025 05 28 15.0 16.50 34116.62500 34116.68750  3.333   18 1
2025 05 28 18.0 19.50 34116.75000 34116.81250  3.333   18 1
2025 05 28 21.0 22.50 34116.87500 34116.93750  3.000   15 1
2025 05 29 00.0 01.50 34117.00000 34117.06250  6.333   94 1
2025 05 29 03.0 04.50 34117.12500 34117.18750  5.000   48 1
2025 05 29 06.0 07.50 34117.25000 34117.31250  5.000   48 1
2025 05 29 09.0 10.50 34117.37500 34117.43750  5.333   56 1
2025 05 29 12.0 13.50 34117.50000 34117.56250  5.667   67 1
2025 05 29 15.0 16.50 34117.62500 34117.68750  5.333   56 1
2025 05 29 18.0 19.50 34117.75000 34117.81250  5.667   67 1
2025 05 29 21.0 22.50 34117.87500 34117.93750  5.333   56 1
2025 05 30 00.0 01.50 34118.00000 34118.06250  4.333   32 1
2025 05 30 03.0 04.50 34118.12500 34118.18750  4.333   32 1
2025 05 30 06.0 07.50 34118.25000 34118.31250  4.000   27 1
2025 05 30 09.0 10.50 34118.37500 34118.43750  3.333   18 1
2025 05 30 12.0 13.50 34118.50000 34118.56250  4.000   27 1
2025 05 30 15.0 16.50 34118.62500 34118.68750  4.667   39 1
2025 05 30 18.0 19.50 34118.75000 34118.81250  4.333   32 1
2025 05 30 21.0 22.50 34118.87500 34118.93750  3.667   22 1
2025 05 31 00.0 01.50 34119.00000 34119.06250  3.333   18 1
2025 05 31 03.0 04.50 34119.12500 34119.18750  3.000   15 1
2025 05 31 06.0 07.50 34119.25000 34119.31250  2.667   12 1
2025 05 31 09.0 10.50 34119.37500 34119.43750  2.333    9 1
2025 05 31 12.0 13.50 34119.50000 34119.56250  4.000   27 1
2025 05 31 15.0 16.50 34119.62500 34119.68750  2.000    7 1
2025 05 31 18.0 19.50 34119.75000 34119.81250  3.000   15 1
2025 05 31 21.0 22.50 34119.87500 34119.93750  3.667   22 1
2025 06 01 00.0 01.50 34120.00000 34120.06250  5.000   48 1
2025 06 01 03.0 04.50 34120.12500 34120.18750  5.667   67 1
2025 06 01 06.0 07.50 34120.25000 34120.31250  7.667  179 1
2025 06 01 09.0 10.50 34120.37500 34120.43750  7.333  154 1
2025 06 01 12.0 13.50 34120.50000 34120.56250  7.333  154 1
2025 06 01 15.0 16.50 34120.62500 34120.68750  5.000   48 1
2025 06 01 18.0 19.50 34120.75000 34120.81250  6.667  111 1
2025 06 01 21.0 22.50 34120.87500 34120.93750  3.667   22 1
2025 06 02 00.0 01.50 34121.00000 34121.06250  4.667   39 1
2025 06 02 03.0 04.50 34121.12500 34121.18750  4.667   39 1
2025 06 02 06.0 07.50 34121.25000 34121.31250  6.000   80 1
2025 06 02 09.0 10.50 34121.37500 34121.43750  7.000  132 1
2025 06 02 12.0 13.50 34121.50000 34121.56250  6.000   80 1
2025 06 02 15.0 16.50 34121.62500 34121.68750  5.333   56 1
2025 06 02 18.0 19.50 34121.75000 34121.81250  5.333   56 1
2025 06 02 21.0 22.50 34121.87500 34121.93750  5.667   67 1
2025 06 03 00.0 01.50 34122.00000 34122.06250  5.667   67 1
2025 06 03 03.0 04.50 34122.12500 34122.18750  7.000  132 1
2025 06 03 06.0 07.50 34122.25000 34122.31250  6.000   80 1
2025 06 03 09.0 10.50 34122.37500 34122.43750  5.667   67 1
2025 06 03 12.0 13.50 34122.50000 34122.56250  5.667   67 1
2025 06 03 15.0 16.50 34122.62500 34122.68750  5.000   48 1
2025 06 03 18.0 19.50 34122.75000 34122.81250  2.333    9 1
2025 06 03 21.0 22.50 34122.87500 34122.93750  2.333    9 1
2025 06 04 00.0 01.50 34123.00000 34123.06250  1.000    4 1
2025 06 04 03.0 04.50 34123.12500 34123.18750  3.333   18 1
2025 06 04 06.0 07.50 34123.25000 34123.31250  3.000   15 1
2025 06 04 09.0 10.50 34123.37500 34123.43750  4.000   27 1
2025 06 04 12.0 13.50 34123.50000 34123.56250  5.333   56 1
2025 06 04 15.0 16.50 34123.62500 34123.68750  5.333   56 1
2025 06 04 18.0 19.50 34123.75000 34123.81250  3.667   22 1
2025 06 04 21.0 22.50 34123.87500 34123.93750  3.000   15 1
2025 06 05 00.0 01.50 34124.00000 34124.06250  3.667   22 1
2025 06 05 03.0 04.50 34124.12500 34124.18750  1.667    6 1
2025 06 05 06.0 07.50 34124.25000 34124.31250  2.000    7 1
2025 06 05 09.0 10.50 34124.37500 34124.43750  3.000   15 1
2025 06 05 12.0 13.50 34124.50000 34124.56250  2.667   12 1
2025 06 05 15.0 16.50 34124.62500 34124.68750  3.333   18 1
2025 06 05 18.0 19.50 34124.75000 34124.81250  2.667   12 1
2025 06 05 21.0 22.50 34124.87500 34124.93750  2.000    7 1
2025 06 06 00.0 01.50 34125.00000 34125.06250  2.000    7 1
2025 06 06 03.0 04.50 34125.12500 34125.18750  1.333    5 1
2025 06 06 06.0 07.50 34125.25000 34125.31250  2.000    7 1
2025 06 06 09.0 10.50 34125.37500 34125.43750  2.000    7 1
2025 06 06 12.0 13.50 34125.50000 34125.56250  1.667    6 1
2025 06 06 15.0 16.50 34125.62500 34125.68750  2.000    7 1
2025 06 06 18.0 19.50 34125.75000 34125.81250  2.333    9 1
2025 06 06 21.0 22.50 34125.87500 34125.93750  1.333    5 1
2025 06 07 00.0 01.50 34126.00000 34126.06250  2.000    7 1
2025 06 07 03.0 04.50 34126.12500 34126.18750  2.000    7 1
2025 06 07 06.0 07.50 34126.25000 34126.31250  3.333   18 1
2025 06 07 09.0 10.50 34126.37500 34126.43750  4.333   32 1
2025 06 07 12.0 13.50 34126.50000 34126.56250  2.333    9 1
2025 06 07 15.0 16.50 34126.62500 34126.68750  2.667   12 1
2025 06 07 18.0 19.50 34126.75000 34126.81250  4.333   32 1
2025 06 07 21.0 22.50 34126.87500 34126.93750  4.000   27 1
2025 06 08 00.0 01.50 34127.00000 34127.06250  1.667    6 1
2025 06 08 03.0 04.50 34127.12500 34127.18750  2.000    7 1
2025 06 08 06.0 07.50 34127.25000 34127.31250  2.000    7 1
2025 06 08 09.0 10.50 34127.37500 34127.43750  2.333    9 1
2025 06 08 12.0 13.50 34127.50000 34127.56250  3.000   15 1
2025 06 08 15.0 16.50 34127.62500 34127.68750  3.667   22 1
2025 06 08 18.0 19.50 34127.75000 34127.81250  3.333   18 1
2025 06 08 21.0 22.50 34127.87500 34127.93750  4.000   27 1
2025 06 09 00.0 01.50 34128.00000 34128.06250  3.667   22 1
2025 06 09 03.0 04.50 34128.12500 34128.18750  4.000   27 1
2025 06 09 06.0 07.50 34128.25000 34128.31250  3.000   15 1
2025 06 09 09.0 10.50 34128.37500 34128.43750  2.333    9 1
2025 06 09 12.0 13.50 34128.50000 34128.56250  2.333    9 1
2025 06 09 15.0 16.50 34128.62500 34128.68750  2.667   12 1
2025 06 09 18.0 19.50 34128.75000 34128.81250  2.333    9 1
2025 06 09 21.0 22.50 34128.87500 34128.93750  2.667   12 1
2025 06 10 00.0 01.50 34129.00000 34129.06250  2.667   12 1
2025 06 10 03.0 04.50 34129.12500 34129.18750  1.333    5 1
2025 06 10 06.0 07.50 34129.25000 34129.31250  2.000    7 1
2025 06 10 09.0 10.50 34129.37500 34129.43750  1.667    6 1
2025 06 10 12.0 13.50 34129.50000 34129.56250  1.667    6 1
2025 06 10 15.0 16.50 34129.62500 34129.68750  1.667    6 1
2025 06 10 18.0 19.50 34129.75000 34129.81250  2.000    7 1
2025 06 10 21.0 22.50 34129.87500 34129.93750  2.667   12 1
2025 06 11 00.0 01.50 34130.00000 34130.06250  3.333   18 1
2025 06 11 03.0 04.50 34130.12500 34130.18750  2.667   12 1
2025 06 11 06.0 07.50 34130.25000 34130.31250  1.333    5 1
2025 06 11 09.0 10.50 34130.37500 34130.43750  1.333    5 1
2025 06 11 12.0 13.50 34130.50000 34130.56250  2.333    9 1
2025 06 11 15.0 16.50 34130.62500 34130.68750  4.000   27 1
2025 06 11 18.0 19.50 34130.75000 34130.81250  4.000   27 1
2025 06 11 21.0 22.50 34130.87500 34130.93750  4.667   39 1
2025 06 12 00.0 01.50 34131.00000 34131.06250  4.667   39 1
2025 06 12 03.0 04.50 34131.12500 34131.18750  4.000   27 1
2025 06 12 06.0 07.50 34131.25000 34131.31250  3.667   22 1
2025 06 12 09.0 10.50 34131.37500 34131.43750  3.333   18 1
2025 06 12 12.0 13.50 34131.50000 34131.56250  3.667   22 1
2025 06 12 15.0 16.50 34131.62500 34131.68750  2.667   12 1
2025 06 12 18.0 19.50 34131.75000 34131.81250  5.333   56 1
2025 06 12 21.0 22.50 34131.87500 34131.93750  5.333   56 1
2025 06 13 00.0 01.50 34132.00000 34132.06250  6.667  111 1
2025 06 13 03.0 04.50 34132.12500 34132.18750  5.333   56 1
2025 06 13 06.0 07.50 34132.25000 34132.31250  5.000   48 1
2025 06 13 09.0 10.50 34132.37500 34132.43750  4.667   39 1
2025 06 13 12.0 13.50 34132.50000 34132.56250  6.000   80 1
2025 06 13 15.0 16.50 34132.62500 34132.68750  5.333   56 1
2025 06 13 18.0 19.50 34132.75000 34132.81250  6.000   80 1
2025 06 13 21.0 22.50 34132.87500 34132.93750  6.000   80 1
2025 06 14 00.0 01.50 34133.00000 34133.06250  4.667   39 1
2025 06 14 03.0 04.50 34133.12500 34133.18750  5.333   56 1
2025 06 14 06.0 07.50 34133.25000 34133.31250  3.000   15 1
2025 06 14 09.0 10.50 34133.37500 34133.43750  2.667   12 1
2025 06 14 12.0 13.50 34133.50000 34133.56250  3.000   15 1
2025 06 14 15.0 16.50 34133.62500 34133.68750  3.000   15 1
2025 06 14 18.0 19.50 34133.75000 34133.81250  2.667   12 1
2025 06 14 21.0 22.50 34133.87500 34133.93750  2.667   12 1
2025 06 15 00.0 01.50 34134.00000 34134.06250  1.667    6 1
2025 06 15 03.0 04.50 34134.12500 34134.18750  1.333    5 1
2025 06 15 06.0 07.50 34134.25000 34134.31250  2.000    7 1
2025 06 15 09.0 10.50 34134.37500 34134.43750  2.333    9 1
2025 06 15 12.0 13.50 34134.50000 34134.56250  2.000    7 1
2025 06 15 15.0 16.50 34134.62500 34134.68750  3.000   15 1
2025 06 15 18.0 19.50 34134.75000 34134.81250  2.667   12 1
2025 06 15 21.0 22.50 34134.87500 34134.93750  2.000    7 1
2025 06 16 00.0 01.50 34135.00000 34135.06250  1.667    6 1
2025 06 16 03.0 04.50 34135.12500 34135.18750  2.667   12 1
2025 06 16 06.0 07.50 34135.25000 34135.31250  3.667   22 1
2025 06 16 09.0 10.50 34135.37500 34135.43750  2.000    7 1
2025 06 16 12.0 13.50 34135.50000 34135.56250  2.000    7 1
2025 06 16 15.0 16.50 34135.62500 34135.68750  1.667    6 1
2025 06 16 18.0 19.50 34135.75000 34135.81250  2.333    9 1
2025 06 16 21.0 22.50 34135.87500 34135.93750  1.667    6 1
2025 06 17 00.0 01.50 34136.00000 34136.06250  1.667    6 1
2025 06 17 03.0 04.50 34136.12500 34136.18750  2.000    7 1
2025 06 17 06.0 07.50 34136.25000 34136.31250  1.667    6 1
2025 06 17 09.0 10.50 34136.37500 34136.43750  1.333    5 1
2025 06 17 12.0 13.50 34136.50000 34136.56250  2.333    9 1
2025 06 17 15.0 16.50 34136.62500 34136.68750  2.333    9 1
2025 06 17 18.0 19.50 34136.75000 34136.81250  2.333    9 1
2025 06 17 21.0 22.50 34136.87500 34136.93750  2.333    9 1
2025 06 18 00.0 01.50 34137.00000 34137.06250  3.000   15 1
2025 06 18 03.0 04.50 34137.12500 34137.18750  2.333    9 1
2025 06 18 06.0 07.50 34137.25000 34137.31250  2.000    7 1
2025 06 18 09.0 10.50 34137.37500 34137.43750  2.667   12 1
2025 06 18 12.0 13.50 34137.50000 34137.56250  3.333   18 1
2025 06 18 15.0 16.50 34137.62500 34137.68750  2.333    9 1
2025 06 18 18.0 19.50 34137.75000 34137.81250  2.667   12 1
2025 06 18 21.0 22.50 34137.87500 34137.93750  3.333   18 1
2025 06 19 00.0 01.50 34138.00000 34138.06250  2.333    9 1
2025 06 19 03.0 04.50 34138.12500 34138.18750  1.667    6 1
2025 06 19 06.0 07.50 34138.25000 34138.31250  1.333    5 1
2025 06 19 09.0 10.50 34138.37500 34138.43750  1.000    4 1
2025 06 19 12.0 13.50 34138.50000 34138.56250  1.333    5 1
2025 06 19 15.0 16.50 34138.62500 34138.68750  1.667    6 1
2025 06 19 18.0 19.50 34138.75000 34138.81250  4.333   32 1
2025 06 19 21.0 22.50 34138.87500 34138.93750  3.000   15 1
2025 06 20 00.0 01.50 34139.00000 34139.06250  1.333    5 1
2025 06 20 03.0 04.50 34139.12500 34139.18750  2.000    7 1
2025 06 20 06.0 07.50 34139.25000 34139.31250  2.667   12 1
2025 06 20 09.0 10.50 34139.37500 34139.43750  2.333    9 1
2025 06 20 12.0 13.50 34139.50000 34139.56250  2.333    9 1
2025 06 20 15.0 16.50 34139.62500 34139.68750  3.000   15 1
2025 06 20 18.0 19.50 34139.75000 34139.81250  2.333    9 1
2025 06 20 21.0 22.50 34139.87500 34139.93750  0.667    3 1
2025 06 21 00.0 01.50 34140.00000 34140.06250  1.667    6 1
2025 06 21 03.0 04.50 34140.12500 34140.18750  3.000   15 1
2025 06 21 06.0 07.50 34140.25000 34140.31250  1.333    5 1
2025 06 21 09.0 10.50 34140.37500 34140.43750  1.333    5 1
2025 06 21 12.0 13.50 34140.50000 34140.56250  2.667   12 1
2025 06 21 15.0 16.50 34140.62500 34140.68750  3.333   18 1
2025 06 21 18.0 19.50 34140.75000 34140.81250  1.333    5 1
2025 06 21 21.0 22.50 34140.87500 34140.93750  2.667   12 1
2025 06 22 00.0 01.50 34141.00000 34141.06250  3.333   18 1
2025 06 22 03.0 04.50 34141.12500 34141.18750  2.333    9 1
2025 06 22 06.0 07.50 34141.25000 34141.31250  1.667    6 1
2025 06 22 09.0 10.50 34141.37500 34141.43750  1.667    6 1
2025 06 22 12.0 13.50 34141.50000 34141.56250  2.333    9 1
2025 06 22 15.0 16.50 34141.62500 34141.68750  2.333    9 1
2025 06 22 18.0 19.50 34141.75000 34141.81250  2.333    9 1
2025 06 22 21.0 22.50 34141.87500 34141.93750  2.333    9 1
2025 06 23 00.0 01.50 34142.00000 34142.06250  2.667   12 1
2025 06 23 03.0 04.50 34142.12500 34142.18750  1.333    5 1
2025 06 23 06.0 07.50 34142.25000 34142.31250  1.000    4 1
2025 06 23 09.0 10.50 34142.37500 34142.43750  1.667    6 1
2025 06 23 12.0 13.50 34142.50000 34142.56250  1.667    6 1
2025 06 23 15.0 16.50 34142.62500 34142.68750  1.667    6 1
2025 06 23 18.0 19.50 34142.75000 34142.81250  1.000    4 1
2025 06 23 21.0 22.50 34142.87500 34142.93750  0.667    3 1
2025 06 24 00.0 01.50 34143.00000 34143.06250  1.000    4 1
2025 06 24 03.0 04.50 34143.12500 34143.18750  2.000    7 1
2025 06 24 06.0 07.50 34143.25000 34143.31250  1.667    6 1
2025 06 24 09.0 10.50 34143.37500 34143.43750  2.000    7 1
2025 06 24 12.0 13.50 34143.50000 34143.56250  2.333    9 1
2025 06 24 15.0 16.50 34143.62500 34143.68750  2.667   12 1
2025 06 24 18.0 19.50 34143.75000 34143.81250  1.667    6 1
2025 06 24 21.0 22.50 34143.87500 34143.93750  1.333    5 1
2025 06 25 00.0 01.50 34144.00000 34144.06250  0.667    3 1
2025 06 25 03.0 04.50 34144.12500 34144.18750  1.000    4 1
2025 06 25 06.0 07.50 34144.25000 34144.31250  1.333    5 1
2025 06 25 09.0 10.50 34144.37500 34144.43750  1.333    5 1
2025 06 25 12.0 13.50 34144.50000 34144.56250  3.000   15 1
2025 06 25 15.0 16.50 34144.62500 34144.68750  3.333   18 1
2025 06 25 18.0 19.50 34144.75000 34144.81250  4.000   27 1
2025 06 25 21.0 22.50 34144.87500 34144.93750  4.333   32 1
2025 06 26 00.0 01.50 34145.00000 34145.06250  4.333   32 1
2025 06 26 03.0 04.50 34145.12500 34145.18750  3.333   18 1
2025 06 26 06.0 07.50 34145.25000 34145.31250  3.667   22 1
2025 06 26 09.0 10.50 34145.37500 34145.43750  3.333   18 1
2025 06 26 12.0 13.50 34145.50000 34145.56250  4.333   32 1
2025 06 26 15.0 16.50 34145.62500 34145.68750  4.000   27 1
2025 06 26 18.0 19.50 34145.75000 34145.81250  4.000   27 1
2025 06 26 21.0 22.50 34145.87500 34145.93750  5.333   56 1
2025 06 27 00.0 01.50 34146.00000 34146.06250  5.000   48 1
2025 06 27 03.0 04.50 34146.12500 34146.18750  4.000   27 1
2025 06 27 06.0 07.50 34146.25000 34146.31250  4.000   27 1
2025 06 27 09.0 10.50 34146.37500 34146.43750  3.000   15 1
2025 06 27 12.0 13.50 34146.50000 34146.56250  3.000   15 1
2025 06 27 15.0 16.50 34146.62500 34146.68750  2.333    9 1
2025 06 27 18.0 19.50 34146.75000 34146.81250  2.000    7 1
2025 06 27 21.0 22.50 34146.87500 34146.93750  2.667   12 1
2025 06 28 00.0 01.50 34147.00000 34147.06250  1.667    6 1
2025 06 28 03.0 04.50 34147.12500 34147.18750  2.000    7 1
2025 06 28 06.0 07.50 34147.25000 34147.31250  3.333   18 1
2025 06 28 09.0 10.50 34147.37500 34147.43750  2.333    9 1
2025 06 28 12.0 13.50 34147.50000 34147.56250  2.000    7 1
2025 06 28 15.0 16.50 34147.62500 34147.68750  1.333    5 1
2025 06 28 18.0 19.50 34147.75000 34147.81250  2.000    7 1
2025 06 28 21.0 22.50 34147.87500 34147.93750  2.000    7 1
2025 06 29 00.0 01.50 34148.00000 34148.06250  1.667    6 1
2025 06 29 03.0 04.50 34148.12500 34148.18750  1.333    5 1
2025 06 29 06.0 07.50 34148.25000 34148.31250  1.667    6 1
2025 06 29 09.0 10.50 34148.37500 34148.43750  2.000    7 1
2025 06 29 12.0 13.50 34148.50000 34148.56250  1.667    6 1
2025 06 29 15.0 16.50 34148.62500 34148.68750  1.667    6 1
2025 06 29 18.0 19.50 34148.75000 34148.81250  2.333    9 1
2025 06 29 21.0 22.50 34148.87500 34148.93750  2.333    9 1
2025 06 30 00.0 01.50 34149.00000 34149.06250  2.000    7 1
2025 06 30 03.0 04.50 34149.12500 34149.18750  2.333    9 1
2025 06 30 06.0 07.50 34149.25000 34149.31250  2.000    7 1
2025 06 30 09.0 10.50 34149.37500 34149.43750  3.000   15 1
2025 06 30 12.0 13.50 34149.50000 34149.56250  1.667    6 1
2025 06 30 15.0 16.50 34149.62500 34149.68750  3.000   15 1
2025 06 30 18.0 19.50 34149.75000 34149.81250  3.000   15 1
2025 06 30 21.0 22.50 34149.87500 34149.93750  2.667   12 1
2025 07 01 00.0 01.50 34150.00000 34150.06250  3.333   18 1
2025 07 01 03.0 04.50 34150.12500 34150.18750  2.000    7 1
2025 07 01 06.0 07.50 34150.25000 34150.31250  1.000    4 1
2025 07 01 09.0 10.50 34150.37500 34150.43750  1.000    4 1
2025 07 01 12.0 13.50 34150.50000 34150.56250  0.333    2 1
2025 07 01 15.0 16.50 34150.62500 34150.68750  0.667    3 1
2025 07 01 18.0 19.50 34150.75000 34150.81250  0.667    3 1
2025 07 01 21.0 22.50 34150.87500 34150.93750  1.333    5 1
2025 07 02 00.0 01.50 34151.00000 34151.06250  1.333    5 1
2025 07 02 03.0 04.50 34151.12500 34151.18750  1.000    4 1
2025 07 02 06.0 07.50 34151.25000 34151.31250  1.667    6 1
2025 07 02 09.0 10.50 34151.37500 34151.43750  1.333    5 1
2025 07 02 12.0 13.50 34151.50000 34151.56250  2.333    9 1
2025 07 02 15.0 16.50 34151.62500 34151.68750  1.667    6 1
2025 07 02 18.0 19.50 34151.75000 34151.81250  2.333    9 1
2025 07 02 21.0 22.50 34151.87500 34151.93750  1.333    5 1
2025 07 03 00.0 01.50 34152.00000 34152.06250  2.333    9 1
2025 07 03 03.0 04.50 34152.12500 34152.18750  3.000   15 1
2025 07 03 06.0 07.50 34152.25000 34152.31250  2.667   12 1
2025 07 03 09.0 10.50 34152.37500 34152.43750  3.333   18 1
2025 07 03 12.0 13.50 34152.50000 34152.56250  4.000   27 1
2025 07 03 15.0 16.50 34152.62500 34152.68750  2.333    9 1
2025 07 03 18.0 19.50 34152.75000 34152.81250  2.000    7 1
2025 07 03 21.0 22.50 34152.87500 34152.93750  3.667   22 1
2025 07 04 00.0 01.50 34153.00000 34153.06250  2.667   12 1
2025 07 04 03.0 04.50 34153.12500 34153.18750  2.000    7 1
2025 07 04 06.0 07.50 34153.25000 34153.31250  2.333    9 1
2025 07 04 09.0 10.50 34153.37500 34153.43750  0.667    3 1
2025 07 04 12.0 13.50 34153.50000 34153.56250  1.000    4 1
2025 07 04 15.0 16.50 34153.62500 34153.68750  1.000    4 1
2025 07 04 18.0 19.50 34153.75000 34153.81250  3.000   15 1
2025 07 04 21.0 22.50 34153.87500 34153.93750  3.667   22 1
2025 07 05 00.0 01.50 34154.00000 34154.06250  2.333    9 1
2025 07 05 03.0 04.50 34154.12500 34154.18750  3.000   15 1
2025 07 05 06.0 07.50 34154.25000 34154.31250  3.000   15 1
2025 07 05 09.0 10.50 34154.37500 34154.43750  3.667   22 1
2025 07 05 12.0 13.50 34154.50000 34154.56250  4.000   27 1
2025 07 05 15.0 16.50 34154.62500 34154.68750  3.000   15 1
2025 07 05 18.0 19.50 34154.75000 34154.81250  3.000   15 1
2025 07 05 21.0 22.50 34154.87500 34154.93750  3.000   15 1
2025 07 06 00.0 01.50 34155.00000 34155.06250  3.667   22 1
2025 07 06 03.0 04.50 34155.12500 34155.18750  5.000   48 1
2025 07 06 06.0 07.50 34155.25000 34155.31250  3.000   15 1
2025 07 06 09.0 10.50 34155.37500 34155.43750  3.333   18 1
2025 07 06 12.0 13.50 34155.50000 34155.56250  3.000   15 1
2025 07 06 15.0 16.50 34155.62500 34155.68750  1.667    6 1
2025 07 06 18.0 19.50 34155.75000 34155.81250  3.000   15 1
2025 07 06 21.0 22.50 34155.87500 34155.93750  5.000   48 1
2025 07 07 00.0 01.50 34156.00000 34156.06250  5.000   48 1
2025 07 07 03.0 04.50 34156.12500 34156.18750  4.000   27 1
2025 07 07 06.0 07.50 34156.25000 34156.31250  2.667   12 1
2025 07 07 09.0 10.50 34156.37500 34156.43750  2.667   12 1
2025 07 07 12.0 13.50 34156.50000 34156.56250  3.000   15 1
2025 07 07 15.0 16.50 34156.62500 34156.68750  3.667   22 1
2025 07 07 18.0 19.50 34156.75000 34156.81250  2.667   12 1
2025 07 07 21.0 22.50 34156.87500 34156.93750  3.000   15 1
2025 07 08 00.0 01.50 34157.00000 34157.06250  3.000   15 1
2025 07 08 03.0 04.50 34157.12500 34157.18750  3.333   18 1
2025 07 08 06.0 07.50 34157.25000 34157.31250  2.667   12 1
2025 07 08 09.0 10.50 34157.37500 34157.43750  2.333    9 1
2025 07 08 12.0 13.50 34157.50000 34157.56250  2.000    7 1
2025 07 08 15.0 16.50 34157.62500 34157.68750  2.667   12 1
2025 07 08 18.0 19.50 34157.75000 34157.81250  1.667    6 1
2025 07 08 21.0 22.50 34157.87500 34157.93750  2.667   12 1
2025 07 09 00.0 01.50 34158.00000 34158.06250  2.667   12 1
2025 07 09 03.0 04.50 34158.12500 34158.18750  2.333    9 1
2025 07 09 06.0 07.50 34158.25000 34158.31250  1.333    5 1
2025 07 09 09.0 10.50 34158.37500 34158.43750  1.333    5 1
2025 07 09 12.0 13.50 34158.50000 34158.56250  1.667    6 1
2025 07 09 15.0 16.50 34158.62500 34158.68750  1.667    6 1
2025 07 09 18.0 19.50 34158.75000 34158.81250  1.333    5 1
2025 07 09 21.0 22.50 34158.87500 34158.93750  1.333    5 1
2025 07 10 00.0 01.50 34159.00000 34159.06250  0.667    3 1
2025 07 10 03.0 04.50 34159.12500 34159.18750  0.667    3 1
2025 07 10 06.0 07.50 34159.25000 34159.31250  1.000    4 1
2025 07 10 09.0 10.50 34159.37500 34159.43750  0.667    3 1
2025 07 10 12.0 13.50 34159.50000 34159.56250  0.333    2 1
2025 07 10 15.0 16.50 34159.62500 34159.68750  0.667    3 1
2025 07 10 18.0 19.50 34159.75000 34159.81250  0.667    3 1
2025 07 10 21.0 22.50 34159.87500 34159.93750  0.333    2 1
2025 07 11 00.0 01.50 34160.00000 34160.06250  1.667    6 1
2025 07 11 03.0 04.50 34160.12500 34160.18750  2.667   12 1
2025 07 11 06.0 07.50 34160.25000 34160.31250  2.667   12 1
2025 07 11 09.0 10.50 34160.37500 34160.43750  4.333   32 1
2025 07 11 12.0 13.50 34160.50000 34160.56250  3.000   15 1
2025 07 11 15.0 16.50 34160.62500 34160.68750  2.667   12 1
2025 07 11 18.0 19.50 34160.75000 34160.81250  4.333   32 1
2025 07 11 21.0 22.50 34160.87500 34160.93750  3.333   18 1
2025 07 12 00.0 01.50 34161.00000 34161.06250  2.667   12 1
2025 07 12 03.0 04.50 34161.12500 34161.18750  2.667   12 1
2025 07 12 06.0 07.50 34161.25000 34161.31250  3.000   15 1
2025 07 12 09.0 10.50 34161.37500 34161.43750  3.000   15 1
2025 07 12 12.0 13.50 34161.50000 34161.56250  3.000   15 1
2025 07 12 15.0 16.50 34161.62500 34161.68750  2.000    7 1
2025 07 12 18.0 19.50 34161.75000 34161.81250  2.333    9 1
2025 07 12 21.0 22.50 34161.87500 34161.93750  2.333    9 1
2025 07 13 00.0 01.50 34162.00000 34162.06250  3.667   22 1
2025 07 13 03.0 04.50 34162.12500 34162.18750  4.333   32 1
2025 07 13 06.0 07.50 34162.25000 34162.31250  3.667   22 1
2025 07 13 09.0 10.50 34162.37500 34162.43750  3.333   18 1
2025 07 13 12.0 13.50 34162.50000 34162.56250  4.000   27 1
2025 07 13 15.0 16.50 34162.62500 34162.68750  3.000   15 1
2025 07 13 18.0 19.50 34162.75000 34162.81250  3.333   18 1
2025 07 13 21.0 22.50 34162.87500 34162.93750  3.000   15 1
2025 07 14 00.0 01.50 34163.00000 34163.06250  1.333    5 1
2025 07 14 03.0 04.50 34163.12500 34163.18750  2.333    9 1
2025 07 14 06.0 07.50 34163.25000 34163.31250  2.667   12 1
2025 07 14 09.0 10.50 34163.37500 34163.43750  1.333    5 1
2025 07 14 12.0 13.50 34163.50000 34163.56250  3.000   15 1
2025 07 14 15.0 16.50 34163.62500 34163.68750  3.333   18 1
2025 07 14 18.0 19.50 34163.75000 34163.81250  4.333   32 1
2025 07 14 21.0 22.50 34163.87500 34163.93750  3.000   15 1
2025 07 15 00.0 01.50 34164.00000 34164.06250  3.667   22 1
2025 07 15 03.0 04.50 34164.12500 34164.18750  4.333   32 1
2025 07 15 06.0 07.50 34164.25000 34164.31250  4.667   39 1
2025 07 15 09.0 10.50 34164.37500 34164.43750  4.333   32 1
2025 07 15 12.0 13.50 34164.50000 34164.56250  3.000   15 1
2025 07 15 15.0 16.50 34164.62500 34164.68750  2.000    7 1
2025 07 15 18.0 19.50 34164.75000 34164.81250  1.333    5 1
2025 07 15 21.0 22.50 34164.87500 34164.93750  1.667    6 1
2025 07 16 00.0 01.50 34165.00000 34165.06250  3.000   15 1
2025 07 16 03.0 04.50 34165.12500 34165.18750  2.667   12 1
2025 07 16 06.0 07.50 34165.25000 34165.31250  3.000   15 1
2025 07 16 09.0 10.50 34165.37500 34165.43750  3.333   18 1
2025 07 16 12.0 13.50 34165.50000 34165.56250  1.667    6 1
2025 07 16 15.0 16.50 34165.62500 34165.68750  1.333    5 1
2025 07 16 18.0 19.50 34165.75000 34165.81250  3.667   22 1
2025 07 16 21.0 22.50 34165.87500 34165.93750  4.667   39 1
2025 07 17 00.0 01.50 34166.00000 34166.06250  3.333   18 1
2025 07 17 03.0 04.50 34166.12500 34166.18750  4.000   27 1
2025 07 17 06.0 07.50 34166.25000 34166.31250  3.667   22 1
2025 07 17 09.0 10.50 34166.37500 34166.43750  3.667   22 1
2025 07 17 12.0 13.50 34166.50000 34166.56250  3.667   22 1
2025 07 17 15.0 16.50 34166.62500 34166.68750  4.000   27 1
2025 07 17 18.0 19.50 34166.75000 34166.81250  2.667   12 1
2025 07 17 21.0 22.50 34166.87500 34166.93750  1.333    5 1
2025 07 18 00.0 01.50 34167.00000 34167.06250  1.333    5 1
2025 07 18 03.0 04.50 34167.12500 34167.18750  1.333    5 1
2025 07 18 06.0 07.50 34167.25000 34167.31250  1.667    6 1
2025 07 18 09.0 10.50 34167.37500 34167.43750  2.333    9 1
2025 07 18 12.0 13.50 34167.50000 34167.56250  4.000   27 1
2025 07 18 15.0 16.50 34167.62500 34167.68750  3.667   22 1
2025 07 18 18.0 19.50 34167.75000 34167.81250  1.667    6 1
2025 07 18 21.0 22.50 34167.87500 34167.93750  1.667    6 1
2025 07 19 00.0 01.50 34168.00000 34168.06250  1.000    4 1
2025 07 19 03.0 04.50 34168.12500 34168.18750  2.333    9 1
2025 07 19 06.0 07.50 34168.25000 34168.31250  1.333    5 1
2025 07 19 09.0 10.50 34168.37500 34168.43750  1.333    5 1
2025 07 19 12.0 13.50 34168.50000 34168.56250  1.667    6 1
2025 07 19 15.0 16.50 34168.62500 34168.68750  2.667   12 1
2025 07 19 18.0 19.50 34168.75000 34168.81250  1.667    6 1
2025 07 19 21.0 22.50 34168.87500 34168.93750  1.000    4 1
2025 07 20 00.0 01.50 34169.00000 34169.06250  1.000    4 1
2025 07 20 03.0 04.50 34169.12500 34169.18750  1.000    4 1
2025 07 20 06.0 07.50 34169.25000 34169.31250  1.000    4 1
2025 07 20 09.0 10.50 34169.37500 34169.43750  1.667    6 1
2025 07 20 12.0 13.50 34169.50000 34169.56250  1.667    6 1
2025 07 20 15.0 16.50 34169.62500 34169.68750  1.333    5 1
2025 07 20 18.0 19.50 34169.75000 34169.81250  0.667    3 1
2025 07 20 21.0 22.50 34169.87500 34169.93750  1.333    5 1
2025 07 21 00.0 01.50 34170.00000 34170.06250  1.333    5 1
2025 07 21 03.0 04.50 34170.12500 34170.18750  1.333    5 1
2025 07 21 06.0 07.50 34170.25000 34170.31250  0.667    3 1
2025 07 21 09.0 10.50 34170.37500 34170.43750  0.333    2 1
2025 07 21 12.0 13.50 34170.50000 34170.56250  1.000    4 1
2025 07 21 15.0 16.50 34170.62500 34170.68750  0.333    2 1
2025 07 21 18.0 19.50 34170.75000 34170.81250  0.333    2 1
2025 07 21 21.0 22.50 34170.87500 34170.93750  0.333    2 1
2025 07 22 00.0 01.50 34171.00000 34171.06250  0.333    2 1
2025 07 22 03.0 04.50 34171.12500 34171.18750  2.000    7 1
2025 07 22 06.0 07.50 34171.25000 34171.31250  1.000    4 1
2025 07 22 09.0 10.50 34171.37500 34171.43750  1.667    6 1
2025 07 22 12.0 13.50 34171.50000 34171.56250  1.667    6 1
2025 07 22 15.0 16.50 34171.62500 34171.68750  3.000   15 1
2025 07 22 18.0 19.50 34171.75000 34171.81250  4.000   27 1
2025 07 22 21.0 22.50 34171.87500 34171.93750  4.667   39 1
2025 07 23 00.0 01.50 34172.00000 34172.06250  4.000   27 1
2025 07 23 03.0 04.50 34172.12500 34172.18750  3.667   22 1
2025 07 23 06.0 07.50 34172.25000 34172.31250  3.667   22 1
2025 07 23 09.0 10.50 34172.37500 34172.43750  4.667   39 1
2025 07 23 12.0 13.50 34172.50000 34172.56250  4.667   39 1
2025 07 23 15.0 16.50 34172.62500 34172.68750  3.000   15 1
2025 07 23 18.0 19.50 34172.75000 34172.81250  4.000   27 1
2025 07 23 21.0 22.50 34172.87500 34172.93750  3.667   22 1
2025 07 24 00.0 01.50 34173.00000 34173.06250  3.667   22 1
2025 07 24 03.0 04.50 34173.12500 34173.18750  2.667   12 1
2025 07 24 06.0 07.50 34173.25000 34173.31250  2.667   12 1
2025 07 24 09.0 10.50 34173.37500 34173.43750  3.667   22 1
2025 07 24 12.0 13.50 34173.50000 34173.56250  3.000   15 1
2025 07 24 15.0 16.50 34173.62500 34173.68750  3.333   18 1
2025 07 24 18.0 19.50 34173.75000 34173.81250  2.667   12 1
2025 07 24 21.0 22.50 34173.87500 34173.93750  2.000    7 1
2025 07 25 00.0 01.50 34174.00000 34174.06250  2.000    7 1
2025 07 25 03.0 04.50 34174.12500 34174.18750  2.333    9 1
2025 07 25 06.0 07.50 34174.25000 34174.31250  1.667    6 1
2025 07 25 09.0 10.50 34174.37500 34174.43750  1.667    6 1
2025 07 25 12.0 13.50 34174.50000 34174.56250  2.000    7 1
2025 07 25 15.0 16.50 34174.62500 34174.68750  2.333    9 1
2025 07 25 18.0 19.50 34174.75000 34174.81250  2.000    7 1
2025 07 25 21.0 22.50 34174.87500 34174.93750  2.667   12 1
2025 07 26 00.0 01.50 34175.00000 34175.06250  1.667    6 1
2025 07 26 03.0 04.50 34175.12500 34175.18750  1.000    4 1
2025 07 26 06.0 07.50 34175.25000 34175.31250  1.333    5 1
2025 07 26 09.0 10.50 34175.37500 34175.43750  2.333    9 1
2025 07 26 12.0 13.50 34175.50000 34175.56250  3.000   15 1
2025 07 26 15.0 16.50 34175.62500 34175.68750  3.667   22 1
2025 07 26 18.0 19.50 34175.75000 34175.81250  3.000   15 1
2025 07 26 21.0 22.50 34175.87500 34175.93750  2.000    7 1
2025 07 27 00.0 01.50 34176.00000 34176.06250  0.667    3 1
2025 07 27 03.0 04.50 34176.12500 34176.18750  0.667    3 1
2025 07 27 06.0 07.50 34176.25000 34176.31250  1.000    4 1
2025 07 27 09.0 10.50 34176.37500 34176.43750  1.333    5 1
2025 07 27 12.0 13.50 34176.50000 34176.56250  0.333    2 1
2025 07 27 15.0 16.50 34176.62500 34176.68750  1.000    4 1
2025 07 27 18.0 19.50 34176.75000 34176.81250  1.000    4 1
2025 07 27 21.0 22.50 34176.87500 34176.93750  0.667    3 1
2025 07 28 00.0 01.50 34177.00000 34177.06250  0.667    3 1
2025 07 28 03.0 04.50 34177.12500 34177.18750  1.000    4 1
2025 07 28 06.0 07.50 34177.25000 34177.31250  1.000    4 1
2025 07 28 09.0 10.50 34177.37500 34177.43750  1.000    4 1
2025 07 28 12.0 13.50 34177.50000 34177.56250  1.333    5 1
2025 07 28 15.0 16.50 34177.62500 34177.68750  1.333    5 1
2025 07 28 18.0 19.50 34177.75000 34177.81250  2.333    9 1
2025 07 28 21.0 22.50 34177.87500 34177.93750  2.333    9 1
2025 07 29 00.0 01.50 34178.00000 34178.06250  2.667   12 1
2025 07 29 03.0 04.50 34178.12500 34178.18750  2.000    7 1
2025 07 29 06.0 07.50 34178.25000 34178.31250  2.000    7 1
2025 07 29 09.0 10.50 34178.37500 34178.43750  1.667    6 1
2025 07 29 12.0 13.50 34178.50000 34178.56250  0.667    3 1
2025 07 29 15.0 16.50 34178.62500 34178.68750  1.000    4 1
2025 07 29 18.0 19.50 34178.75000 34178.81250  1.000    4 1
2025 07 29 21.0 22.50 34178.87500 34178.93750  2.000    7 1
2025 07 30 00.0 01.50 34179.00000 34179.06250  1.667    6 1
2025 07 30 03.0 04.50 34179.12500 34179.18750  1.333    5 1
2025 07 30 06.0 07.50 34179.25000 34179.31250  1.000    4 1
2025 07 30 09.0 10.50 34179.37500 34179.43750  2.000    7 1
2025 07 30 12.0 13.50 34179.50000 34179.56250  2.333    9 1
2025 07 30 15.0 16.50 34179.62500 34179.68750  3.000   15 1
2025 07 30 18.0 19.50 34179.75000 34179.81250  2.000    7 1
2025 07 30 21.0 22.50 34179.87500 34179.93750  1.000    4 1
2025 07 31 00.0 01.50 34180.00000 34180.06250  3.000   15 1
2025 07 31 03.0 04.50 34180.12500 34180.18750  2.000    7 1
2025 07 31 06.0 07.50 34180.25000 34180.31250  1.667    6 1
2025 07 31 09.0 10.50 34180.37500 34180.43750  2.333    9 1
2025 07 31 12.0 13.50 34180.50000 34180.56250  2.333    9 1
2025 07 31 15.0 16.50 34180.62500 34180.68750  2.000    7 1
2025 07 31 18.0 19.50 34180.75000 34180.81250  2.000    7 1
2025 07 31 21.0 22.50 34180.87500 34180.93750  2.000    7 1
2025 08 01 00.0 01.50 34181.00000 34181.06250  2.333    9 1
2025 08 01 03.0 04.50 34181.12500 34181.18750  2.667   12 1
2025 08 01 06.0 07.50 34181.25000 34181.31250  2.333    9 1
2025 08 01 09.0 10.50 34181.37500 34181.43750  2.333    9 1
2025 08 01 12.0 13.50 34181.50000 34181.56250  3.000   15 1
2025 08 01 15.0 16.50 34181.62500 34181.68750  1.333    5 1
2025 08 01 18.0 19.50 34181.75000 34181.81250  2.667   12 1
2025 08 01 21.0 22.50 34181.87500 34181.93750  3.333   18 1
2025 08 02 00.0 01.50 34182.00000 34182.06250  3.000   15 1
2025 08 02 03.0 04.50 34182.12500 34182.18750  2.000    7 1
2025 08 02 06.0 07.50 34182.25000 34182.31250  1.333    5 1
2025 08 02 09.0 10.50 34182.37500 34182.43750  1.000    4 1
2025 08 02 12.0 13.50 34182.50000 34182.56250  1.667    6 1
2025 08 02 15.0 16.50 34182.62500 34182.68750  2.333    9 1
2025 08 02 18.0 19.50 34182.75000 34182.81250  2.333    9 1
2025 08 02 21.0 22.50 34182.87500 34182.93750  2.667   12 1
2025 08 03 00.0 01.50 34183.00000 34183.06250  1.667    6 1
2025 08 03 03.0 04.50 34183.12500 34183.18750  1.000    4 1
2025 08 03 06.0 07.50 34183.25000 34183.31250  1.000    4 1
2025 08 03 09.0 10.50 34183.37500 34183.43750  1.667    6 1
2025 08 03 12.0 13.50 34183.50000 34183.56250  1.667    6 1
2025 08 03 15.0 16.50 34183.62500 34183.68750  2.667   12 1
2025 08 03 18.0 19.50 34183.75000 34183.81250  4.000   27 1
2025 08 03 21.0 22.50 34183.87500 34183.93750  1.667    6 1
2025 08 04 00.0 01.50 34184.00000 34184.06250  0.333    2 1
2025 08 04 03.0 04.50 34184.12500 34184.18750  1.333    5 1
2025 08 04 06.0 07.50 34184.25000 34184.31250  2.000    7 1
2025 08 04 09.0 10.50 34184.37500 34184.43750  2.333    9 1
2025 08 04 12.0 13.50 34184.50000 34184.56250  2.000    7 1
2025 08 04 15.0 16.50 34184.62500 34184.68750  2.333    9 1
2025 08 04 18.0 19.50 34184.75000 34184.81250  2.000    7 1
2025 08 04 21.0 22.50 34184.87500 34184.93750  2.333    9 1
2025 08 05 00.0 01.50 34185.00000 34185.06250  3.000   15 1
2025 08 05 03.0 04.50 34185.12500 34185.18750  2.000    7 1
2025 08 05 06.0 07.50 34185.25000 34185.31250  0.667    3 1
2025 08 05 09.0 10.50 34185.37500 34185.43750  1.333    5 1
2025 08 05 12.0 13.50 34185.50000 34185.56250  2.667   12 1
2025 08 05 15.0 16.50 34185.62500 34185.68750  2.333    9 1
2025 08 05 18.0 19.50 34185.75000 34185.81250  2.667   12 1
2025 08 05 21.0 22.50 34185.87500 34185.93750  2.333    9 1
2025 08 06 00.0 01.50 34186.00000 34186.06250  1.667    6 1
2025 08 06 03.0 04.50 34186.12500 34186.18750  1.333    5 1
2025 08 06 06.0 07.50 34186.25000 34186.31250  0.667    3 1
2025 08 06 09.0 10.50 34186.37500 34186.43750  1.333    5 1
2025 08 06 12.0 13.50 34186.50000 34186.56250  1.000    4 1
2025 08 06 15.0 16.50 34186.62500 34186.68750  2.000    7 1
2025 08 06 18.0 19.50 34186.75000 34186.81250  1.333    5 1
2025 08 06 21.0 22.50 34186.87500 34186.93750  2.667   12 1
2025 08 07 00.0 01.50 34187.00000 34187.06250  1.000    4 1
2025 08 07 03.0 04.50 34187.12500 34187.18750  1.000    4 1
2025 08 07 06.0 07.50 34187.25000 34187.31250  0.333    2 1
2025 08 07 09.0 10.50 34187.37500 34187.43750  1.000    4 1
2025 08 07 12.0 13.50 34187.50000 34187.56250  0.667    3 1
2025 08 07 15.0 16.50 34187.62500 34187.68750  0.333    2 1
2025 08 07 18.0 19.50 34187.75000 34187.81250  0.333    2 1
2025 08 07 21.0 22.50 34187.87500 34187.93750  1.000    4 1
2025 08 08 00.0 01.50 34188.00000 34188.06250  0.333    2 1
2025 08 08 03.0 04.50 34188.12500 34188.18750  1.333    5 1
2025 08 08 06.0 07.50 34188.25000 34188.31250  1.000    4 1
2025 08 08 09.0 10.50 34188.37500 34188.43750  3.000   15 1
2025 08 08 12.0 13.50 34188.50000 34188.56250  4.667   39 1
2025 08 08 15.0 16.50 34188.62500 34188.68750  4.000   27 1
2025 08 08 18.0 19.50 34188.75000 34188.81250  5.000   48 1
2025 08 08 21.0 22.50 34188.87500 34188.93750  3.333   18 1
2025 08 09 00.0 01.50 34189.00000 34189.06250  5.000   48 1
2025 08 09 03.0 04.50 34189.12500 34189.18750  4.667   39 1
2025 08 09 06.0 07.50 34189.25000 34189.31250  5.000   48 1
2025 08 09 09.0 10.50 34189.37500 34189.43750  5.000   48 1
2025 08 09 12.0 13.50 34189.50000 34189.56250  5.000   48 1
2025 08 09 15.0 16.50 34189.62500 34189.68750  5.667   67 1
2025 08 09 18.0 19.50 34189.75000 34189.81250  4.000   27 1
2025 08 09 21.0 22.50 34189.87500 34189.93750  3.333   18 1
2025 08 10 00.0 01.50 34190.00000 34190.06250  3.333   18 1
2025 08 10 03.0 04.50 34190.12500 34190.18750  2.333    9 1
2025 08 10 06.0 07.50 34190.25000 34190.31250  4.333   32 1
2025 08 10 09.0 10.50 34190.37500 34190.43750  4.000   27 1
2025 08 10 12.0 13.50 34190.50000 34190.56250  3.000   15 1
2025 08 10 15.0 16.50 34190.62500 34190.68750  4.000   27 1
2025 08 10 18.0 19.50 34190.75000 34190.81250  4.000   27 1
2025 08 10 21.0 22.50 34190.87500 34190.93750  3.000   15 1
2025 08 11 00.0 01.50 34191.00000 34191.06250  4.333   32 1
2025 08 11 03.0 04.50 34191.12500 34191.18750  2.333    9 1
2025 08 11 06.0 07.50 34191.25000 34191.31250  3.333   18 1
2025 08 11 09.0 10.50 34191.37500 34191.43750  2.333    9 1
2025 08 11 12.0 13.50 34191.50000 34191.56250  3.333   18 1
2025 08 11 15.0 16.50 34191.62500 34191.68750  4.000   27 1
2025 08 11 18.0 19.50 34191.75000 34191.81250  2.333    9 1
2025 08 11 21.0 22.50 34191.87500 34191.93750  2.667   12 1
2025 08 12 00.0 01.50 34192.00000 34192.06250  4.000   27 1
2025 08 12 03.0 04.50 34192.12500 34192.18750  3.000   15 1
2025 08 12 06.0 07.50 34192.25000 34192.31250  2.000    7 1
2025 08 12 09.0 10.50 34192.37500 34192.43750  2.000    7 1
2025 08 12 12.0 13.50 34192.50000 34192.56250  3.000   15 1
2025 08 12 15.0 16.50 34192.62500 34192.68750  2.667   12 1
2025 08 12 18.0 19.50 34192.75000 34192.81250  2.333    9 1
2025 08 12 21.0 22.50 34192.87500 34192.93750  3.000   15 1
2025 08 13 00.0 01.50 34193.00000 34193.06250  2.000    7 1
2025 08 13 03.0 04.50 34193.12500 34193.18750  2.667   12 1
2025 08 13 06.0 07.50 34193.25000 34193.31250  2.667   12 1
2025 08 13 09.0 10.50 34193.37500 34193.43750  2.333    9 1
2025 08 13 12.0 13.50 34193.50000 34193.56250  2.667   12 1
2025 08 13 15.0 16.50 34193.62500 34193.68750  3.000   15 1
2025 08 13 18.0 19.50 34193.75000 34193.81250  3.000   15 1
2025 08 13 21.0 22.50 34193.87500 34193.93750  3.333   18 1
2025 08 14 00.0 01.50 34194.00000 34194.06250  3.333   18 1
2025 08 14 03.0 04.50 34194.12500 34194.18750  2.000    7 1
2025 08 14 06.0 07.50 34194.25000 34194.31250  3.000   15 1
2025 08 14 09.0 10.50 34194.37500 34194.43750  2.667   12 1
2025 08 14 12.0 13.50 34194.50000 34194.56250  2.000    7 1
2025 08 14 15.0 16.50 34194.62500 34194.68750  1.333    5 1
2025 08 14 18.0 19.50 34194.75000 34194.81250  1.333    5 1
2025 08 14 21.0 22.50 34194.87500 34194.93750  2.000    7 1
2025 08 15 00.0 01.50 34195.00000 34195.06250  2.333    9 1
2025 08 15 03.0 04.50 34195.12500 34195.18750  2.000    7 1
2025 08 15 06.0 07.50 34195.25000 34195.31250  2.000    7 1
2025 08 15 09.0 10.50 34195.37500 34195.43750  1.333    5 1
2025 08 15 12.0 13.50 34195.50000 34195.56250  1.333    5 1
2025 08 15 15.0 16.50 34195.62500 34195.68750  1.333    5 1
2025 08 15 18.0 19.50 34195.75000 34195.81250  1.667    6 1
2025 08 15 21.0 22.50 34195.87500 34195.93750  1.333    5 1
2025 08 16 00.0 01.50 34196.00000 34196.06250  0.333    2 1
2025 08 16 03.0 04.50 34196.12500 34196.18750  1.333    5 1
2025 08 16 06.0 07.50 34196.25000 34196.31250  0.667    3 1
2025 08 16 09.0 10.50 34196.37500 34196.43750  1.333    5 1
2025 08 16 12.0 13.50 34196.50000 34196.56250  1.000    4 1
2025 08 16 15.0 16.50 34196.62500 34196.68750  1.667    6 1
2025 08 16 18.0 19.50 34196.75000 34196.81250  1.000    4 1
2025 08 16 21.0 22.50 34196.87500 34196.93750  1.667    6 1
2025 08 17 00.0 01.50 34197.00000 34197.06250  0.667    3 1
2025 08 17 03.0 04.50 34197.12500 34197.18750  1.333    5 1
2025 08 17 06.0 07.50 34197.25000 34197.31250  1.667    6 1
2025 08 17 09.0 10.50 34197.37500 34197.43750  1.000    4 1
2025 08 17 12.0 13.50 34197.50000 34197.56250  1.667    6 1
2025 08 17 15.0 16.50 34197.62500 34197.68750  1.000    4 1
2025 08 17 18.0 19.50 34197.75000 34197.81250  0.333    2 1
2025 08 17 21.0 22.50 34197.87500 34197.93750  0.000    0 1
2025 08 18 00.0 01.50 34198.00000 34198.06250  0.000    0 1
2025 08 18 03.0 04.50 34198.12500 34198.18750  0.333    2 1
2025 08 18 06.0 07.50 34198.25000 34198.31250  0.667    3 1
2025 08 18 09.0 10.50 34198.37500 34198.43750  2.000    7 1
2025 08 18 12.0 13.50 34198.50000 34198.56250  2.333    9 1
2025 08 18 15.0 16.50 34198.62500 34198.68750  3.000   15 1
2025 08 18 18.0 19.50 34198.75000 34198.81250  1.333    5 1
2025 08 18 21.0 22.50 34198.87500 34198.93750  2.000    7 1
2025 08 19 00.0 01.50 34199.00000 34199.06250  3.000   15 1
2025 08 19 03.0 04.50 34199.12500 34199.18750  2.000    7 1
2025 08 19 06.0 07.50 34199.25000 34199.31250  2.000    7 1
2025 08 19 09.0 10.50 34199.37500 34199.43750  2.333    9 1
2025 08 19 12.0 13.50 34199.50000 34199.56250  4.000   27 1
2025 08 19 15.0 16.50 34199.62500 34199.68750  4.000   27 1
2025 08 19 18.0 19.50 34199.75000 34199.81250  4.667   39 1
2025 08 19 21.0 22.50 34199.87500 34199.93750  3.667   22 1
2025 08 20 00.0 01.50 34200.00000 34200.06250  4.000   27 1
2025 08 20 03.0 04.50 34200.12500 34200.18750  3.000   15 1
2025 08 20 06.0 07.50 34200.25000 34200.31250  3.000   15 1
2025 08 20 09.0 10.50 34200.37500 34200.43750  2.000    7 1
2025 08 20 12.0 13.50 34200.50000 34200.56250  1.333    5 1
2025 08 20 15.0 16.50 34200.62500 34200.68750  2.000    7 1
2025 08 20 18.0 19.50 34200.75000 34200.81250  2.333    9 1
2025 08 20 21.0 22.50 34200.87500 34200.93750  3.000   15 1
2025 08 21 00.0 01.50 34201.00000 34201.06250  2.667   12 1
2025 08 21 03.0 04.50 34201.12500 34201.18750  2.000    7 1
2025 08 21 06.0 07.50 34201.25000 34201.31250  0.667    3 1
2025 08 21 09.0 10.50 34201.37500 34201.43750  1.000    4 1
2025 08 21 12.0 13.50 34201.50000 34201.56250  1.000    4 1
2025 08 21 15.0 16.50 34201.62500 34201.68750  1.667    6 1
2025 08 21 18.0 19.50 34201.75000 34201.81250  2.333    9 1
2025 08 21 21.0 22.50 34201.87500 34201.93750  2.000    7 1
2025 08 22 00.0 01.50 34202.00000 34202.06250  3.000   15 1
2025 08 22 03.0 04.50 34202.12500 34202.18750  2.000    7 1
2025 08 22 06.0 07.50 34202.25000 34202.31250  0.667    3 1
2025 08 22 09.0 10.50 34202.37500 34202.43750  0.667    3 1
2025 08 22 12.0 13.50 34202.50000 34202.56250  1.667    6 1
2025 08 22 15.0 16.50 34202.62500 34202.68750  1.667    6 1
2025 08 22 18.0 19.50 34202.75000 34202.81250  2.000    7 1
2025 08 22 21.0 22.50 34202.87500 34202.93750  2.667   12 1
2025 08 23 00.0 01.50 34203.00000 34203.06250  2.000    7 1
2025 08 23 03.0 04.50 34203.12500 34203.18750  2.000    7 1
2025 08 23 06.0 07.50 34203.25000 34203.31250  1.000    4 1
2025 08 23 09.0 10.50 34203.37500 34203.43750  1.667    6 1
2025 08 23 12.0 13.50 34203.50000 34203.56250  1.000    4 1
2025 08 23 15.0 16.50 34203.62500 34203.68750  0.667    3 1
2025 08 23 18.0 19.50 34203.75000 34203.81250  0.667    3 1
2025 08 23 21.0 22.50 34203.87500 34203.93750  1.333    5 1
2025 08 24 00.0 01.50 34204.00000 34204.06250  1.667    6 1
2025 08 24 03.0 04.50 34204.12500 34204.18750  1.667    6 1
2025 08 24 06.0 07.50 34204.25000 34204.31250  0.667    3 1
2025 08 24 09.0 10.50 34204.37500 34204.43750  1.000    4 1
2025 08 24 12.0 13.50 34204.50000 34204.56250  1.000    4 1
2025 08 24 15.0 16.50 34204.62500 34204.68750  1.333    5 1
2025 08 24 18.0 19.50 34204.75000 34204.81250  1.667    6 1
2025 08 24 21.0 22.50 34204.87500 34204.93750  1.000    4 1
2025 08 25 00.0 01.50 34205.00000 34205.06250  0.667    3 1
2025 08 25 03.0 04.50 34205.12500 34205.18750  1.667    6 1
2025 08 25 06.0 07.50 34205.25000 34205.31250  0.333    2 1
2025 08 25 09.0 10.50 34205.37500 34205.43750  1.000    4 1
2025 08 25 12.0 13.50 34205.50000 34205.56250  3.000   15 1
2025 08 25 15.0 16.50 34205.62500 34205.68750  3.000   15 1
2025 08 25 18.0 19.50 34205.75000 34205.81250  1.667    6 1
2025 08 25 21.0 22.50 34205.87500 34205.93750  1.667    6 1
2025 08 26 00.0 01.50 34206.00000 34206.06250  1.667    6 1
2025 08 26 03.0 04.50 34206.12500 34206.18750  2.667   12 1
2025 08 26 06.0 07.50 34206.25000 34206.31250  1.667    6 1
2025 08 26 09.0 10.50 34206.37500 34206.43750  2.333    9 1
2025 08 26 12.0 13.50 34206.50000 34206.56250  1.333    5 1
2025 08 26 15.0 16.50 34206.62500 34206.68750  1.000    4 1
2025 08 26 18.0 19.50 34206.75000 34206.81250  1.333    5 1
2025 08 26 21.0 22.50 34206.87500 34206.93750  1.667    6 1
2025 08 27 00.0 01.50 34207.00000 34207.06250  1.333    5 1
2025 08 27 03.0 04.50 34207.12500 34207.18750  0.667    3 1
2025 08 27 06.0 07.50 34207.25000 34207.31250  0.667    3 1
2025 08 27 09.0 10.50 34207.37500 34207.43750  2.333    9 1
2025 08 27 12.0 13.50 34207.50000 34207.56250  2.667   12 1
2025 08 27 15.0 16.50 34207.62500 34207.68750  1.667    6 1
2025 08 27 18.0 19.50 34207.75000 34207.81250  2.000    7 1
2025 08 27 21.0 22.50 34207.87500 34207.93750  2.000    7 1
2025 08 28 00.0 01.50 34208.00000 34208.06250  1.667    6 1
2025 08 28 03.0 04.50 34208.12500 34208.18750  1.333    5 1
2025 08 28 06.0 07.50 34208.25000 34208.31250  2.000    7 1
2025 08 28 09.0 10.50 34208.37500 34208.43750  1.333    5 1
2025 08 28 12.0 13.50 34208.50000 34208.56250  1.667    6 1
2025 08 28 15.0 16.50 34208.62500 34208.68750  1.667    6 1
2025 08 28 18.0 19.50 34208.75000 34208.81250  1.667    6 1
2025 08 28 21.0 22.50 34208.87500 34208.93750  2.000    7 1
2025 08 29 00.0 01.50 34209.00000 34209.06250  2.000    7 1
2025 08 29 03.0 04.50 34209.12500 34209.18750  1.667    6 1
2025 08 29 06.0 07.50 34209.25000 34209.31250  0.667    3 1
2025 08 29 09.0 10.50 34209.37500 34209.43750  1.000    4 1
2025 08 29 12.0 13.50 34209.50000 34209.56250  1.667    6 1
2025 08 29 15.0 16.50 34209.62500 34209.68750  1.333    5 1
2025 08 29 18.0 19.50 34209.75000 34209.81250  2.000    7 1
2025 08 29 21.0 22.50 34209.87500 34209.93750  2.000    7 1
2025 08 30 00.0 01.50 34210.00000 34210.06250  1.333    5 1
2025 08 30 03.0 04.50 34210.12500 34210.18750  1.000    4 1
2025 08 30 06.0 07.50 34210.25000 34210.31250  1.667    6 1
2025 08 30 09.0 10.50 34210.37500 34210.43750  2.000    7 1
2025 08 30 12.0 13.50 34210.50000 34210.56250  1.667    6 1
2025 08 30 15.0 16.50 34210.62500 34210.68750  2.000    7 1
2025 08 30 18.0 19.50 34210.75000 34210.81250  1.667    6 1
2025 08 30 21.0 22.50 34210.87500 34210.93750  2.333    9 1
2025 08 31 00.0 01.50 34211.00000 34211.06250  2.000    7 1
2025 08 31 03.0 04.50 34211.12500 34211.18750  1.667    6 1
2025 08 31 06.0 07.50 34211.25000 34211.31250  1.333    5 1
2025 08 31 09.0 10.50 34211.37500 34211.43750  2.333    9 1
2025 08 31 12.0 13.50 34211.50000 34211.56250  1.667    6 1
2025 08 31 15.0 16.50 34211.62500 34211.68750  2.000    7 1
2025 08 31 18.0 19.50 34211.75000 34211.81250  1.667    6 1
2025 08 31 21.0 22.50 34211.87500 34211.93750  1.000    4 1
2025 09 01 00.0 01.50 34212.00000 34212.06250  1.333    5 1
2025 09 01 03.0 04.50 34212.12500 34212.18750  1.333    5 1
2025 09 01 06.0 07.50 34212.25000 34212.31250  1.000    4 1
2025 09 01 09.0 10.50 34212.37500 34212.43750  1.000    4 1
2025 09 01 12.0 13.50 34212.50000 34212.56250  1.000    4 1
2025 09 01 15.0 16.50 34212.62500 34212.68750  1.667    6 1
2025 09 01 18.0 19.50 34212.75000 34212.81250  3.000   15 1
2025 09 01 21.0 22.50 34212.87500 34212.93750  5.667   67 1
2025 09 02 00.0 01.50 34213.00000 34213.06250  5.333   56 1
2025 09 02 03.0 04.50 34213.12500 34213.18750  4.333   32 1
2025 09 02 06.0 07.50 34213.25000 34213.31250  4.000   27 1
2025 09 02 09.0 10.50 34213.37500 34213.43750  3.333   18 1
2025 09 02 12.0 13.50 34213.50000 34213.56250  3.000   15 1
2025 09 02 15.0 16.50 34213.62500 34213.68750  4.333   32 1
2025 09 02 18.0 19.50 34213.75000 34213.81250  4.667   39 1
2025 09 02 21.0 22.50 34213.87500 34213.93750  4.333   32 1
2025 09 03 00.0 01.50 34214.00000 34214.06250  4.333   32 1
2025 09 03 03.0 04.50 34214.12500 34214.18750  3.333   18 1
2025 09 03 06.0 07.50 34214.25000 34214.31250  2.000    7 1
2025 09 03 09.0 10.50 34214.37500 34214.43750  2.333    9 1
2025 09 03 12.0 13.50 34214.50000 34214.56250  1.667    6 1
2025 09 03 15.0 16.50 34214.62500 34214.68750  1.333    5 1
2025 09 03 18.0 19.50 34214.75000 34214.81250  2.333    9 1
2025 09 03 21.0 22.50 34214.87500 34214.93750  0.333    2 1
2025 09 04 00.0 01.50 34215.00000 34215.06250  1.333    5 1
2025 09 04 03.0 04.50 34215.12500 34215.18750  0.667    3 1
2025 09 04 06.0 07.50 34215.25000 34215.31250  1.667    6 1
2025 09 04 09.0 10.50 34215.37500 34215.43750  2.667   12 1
2025 09 04 12.0 13.50 34215.50000 34215.56250  2.333    9 1
2025 09 04 15.0 16.50 34215.62500 34215.68750  2.333    9 1
2025 09 04 18.0 19.50 34215.75000 34215.81250  2.333    9 1
2025 09 04 21.0 22.50 34215.87500 34215.93750  3.000   15 1
2025 09 05 00.0 01.50 34216.00000 34216.06250  1.333    5 1
2025 09 05 03.0 04.50 34216.12500 34216.18750  0.333    2 1
2025 09 05 06.0 07.50 34216.25000 34216.31250  0.667    3 1
2025 09 05 09.0 10.50 34216.37500 34216.43750  1.667    6 1
2025 09 05 12.0 13.50 34216.50000 34216.56250  1.000    4 1
2025 09 05 15.0 16.50 34216.62500 34216.68750  1.333    5 1
2025 09 05 18.0 19.50 34216.75000 34216.81250  2.667   12 1
2025 09 05 21.0 22.50 34216.87500 34216.93750  3.000   15 1
2025 09 06 00.0 01.50 34217.00000 34217.06250  3.333   18 1
2025 09 06 03.0 04.50 34217.12500 34217.18750  3.667   22 1
2025 09 06 06.0 07.50 34217.25000 34217.31250  4.000   27 1
2025 09 06 09.0 10.50 34217.37500 34217.43750  3.667   22 1
2025 09 06 12.0 13.50 34217.50000 34217.56250  4.000   27 1
2025 09 06 15.0 16.50 34217.62500 34217.68750  5.000   48 1
2025 09 06 18.0 19.50 34217.75000 34217.81250  4.000   27 1
2025 09 06 21.0 22.50 34217.87500 34217.93750  1.333    5 1
2025 09 07 00.0 01.50 34218.00000 34218.06250  0.000    0 1
2025 09 07 03.0 04.50 34218.12500 34218.18750  0.333    2 1
2025 09 07 06.0 07.50 34218.25000 34218.31250  0.000    0 1
2025 09 07 09.0 10.50 34218.37500 34218.43750  0.000    0 1
2025 09 07 12.0 13.50 34218.50000 34218.56250  0.333    2 1
2025 09 07 15.0 16.50 34218.62500 34218.68750  0.333    2 1
2025 09 07 18.0 19.50 34218.75000 34218.81250  1.667    6 1
2025 09 07 21.0 22.50 34218.87500 34218.93750  2.000    7 1
2025 09 08 00.0 01.50 34219.00000 34219.06250  3.333   18 1
2025 09 08 03.0 04.50 34219.12500 34219.18750  3.667   22 1
2025 09 08 06.0 07.50 34219.25000 34219.31250  2.333    9 1
2025 09 08 09.0 10.50 34219.37500 34219.43750  2.000    7 1
2025 09 08 12.0 13.50 34219.50000 34219.56250  3.000   15 1
2025 09 08 15.0 16.50 34219.62500 34219.68750  2.667   12 1
2025 09 08 18.0 19.50 34219.75000 34219.81250  3.000   15 1
2025 09 08 21.0 22.50 34219.87500 34219.93750  1.333    5 1
2025 09 09 00.0 01.50 34220.00000 34220.06250  3.000   15 1
2025 09 09 03.0 04.50 34220.12500 34220.18750  2.333    9 1
2025 09 09 06.0 07.50 34220.25000 34220.31250  2.667   12 1
2025 09 09 09.0 10.50 34220.37500 34220.43750  2.000    7 1
2025 09 09 12.0 13.50 34220.50000 34220.56250  2.667   12 1
2025 09 09 15.0 16.50 34220.62500 34220.68750  2.000    7 1
2025 09 09 18.0 19.50 34220.75000 34220.81250  3.000   15 1
2025 09 09 21.0 22.50 34220.87500 34220.93750  5.333   56 1
2025 09 10 00.0 01.50 34221.00000 34221.06250  4.000   27 1
2025 09 10 03.0 04.50 34221.12500 34221.18750  4.000   27 1
2025 09 10 06.0 07.50 34221.25000 34221.31250  0.667    3 1
2025 09 10 09.0 10.50 34221.37500 34221.43750  1.667    6 1
2025 09 10 12.0 13.50 34221.50000 34221.56250  2.000    7 1
2025 09 10 15.0 16.50 34221.62500 34221.68750  2.000    7 1
2025 09 10 18.0 19.50 34221.75000 34221.81250  1.333    5 1
2025 09 10 21.0 22.50 34221.87500 34221.93750  1.333    5 1
2025 09 11 00.0 01.50 34222.00000 34222.06250  3.333   18 1
2025 09 11 03.0 04.50 34222.12500 34222.18750  2.333    9 1
2025 09 11 06.0 07.50 34222.25000 34222.31250  2.333    9 1
2025 09 11 09.0 10.50 34222.37500 34222.43750  1.333    5 1
2025 09 11 12.0 13.50 34222.50000 34222.56250  1.333    5 1
2025 09 11 15.0 16.50 34222.62500 34222.68750  1.667    6 1
2025 09 11 18.0 19.50 34222.75000 34222.81250  1.000    4 1
2025 09 11 21.0 22.50 34222.87500 34222.93750  1.667    6 1
2025 09 12 00.0 01.50 34223.00000 34223.06250  0.333    2 1
2025 09 12 03.0 04.50 34223.12500 34223.18750  2.000    7 1
2025 09 12 06.0 07.50 34223.25000 34223.31250  2.333    9 1
2025 09 12 09.0 10.50 34223.37500 34223.43750  2.667   12 1
2025 09 12 12.0 13.50 34223.50000 34223.56250  1.667    6 1
2025 09 12 15.0 16.50 34223.62500 34223.68750  1.667    6 1
2025 09 12 18.0 19.50 34223.75000 34223.81250  1.667    6 1
2025 09 12 21.0 22.50 34223.87500 34223.93750  0.667    3 1
2025 09 13 00.0 01.50 34224.00000 34224.06250  1.333    5 1
2025 09 13 03.0 04.50 34224.12500 34224.18750  2.333    9 1
2025 09 13 06.0 07.50 34224.25000 34224.31250  2.667   12 1
2025 09 13 09.0 10.50 34224.37500 34224.43750  1.667    6 1
2025 09 13 12.0 13.50 34224.50000 34224.56250  0.667    3 1
2025 09 13 15.0 16.50 34224.62500 34224.68750  0.667    3 1
2025 09 13 18.0 19.50 34224.75000 34224.81250  0.333    2 1
2025 09 13 21.0 22.50 34224.87500 34224.93750  0.667    3 1
2025 09 14 00.0 01.50 34225.00000 34225.06250  1.667    6 1
2025 09 14 03.0 04.50 34225.12500 34225.18750  1.667    6 1
2025 09 14 06.0 07.50 34225.25000 34225.31250  1.667    6 1
2025 09 14 09.0 10.50 34225.37500 34225.43750  1.667    6 1
2025 09 14 12.0 13.50 34225.50000 34225.56250  1.667    6 1
2025 09 14 15.0 16.50 34225.62500 34225.68750  2.000    7 1
2025 09 14 18.0 19.50 34225.75000 34225.81250  2.667   12 1
2025 09 14 21.0 22.50 34225.87500 34225.93750  4.667   39 1
2025 09 15 00.0 01.50 34226.00000 34226.06250  6.667  111 1
2025 09 15 03.0 04.50 34226.12500 34226.18750  5.667   67 1
2025 09 15 06.0 07.50 34226.25000 34226.31250  4.667   39 1
2025 09 15 09.0 10.50 34226.37500 34226.43750  4.667   39 1
2025 09 15 12.0 13.50 34226.50000 34226.56250  5.333   56 1
2025 09 15 15.0 16.50 34226.62500 34226.68750  3.667   22 1
2025 09 15 18.0 19.50 34226.75000 34226.81250  3.667   22 1
2025 09 15 21.0 22.50 34226.87500 34226.93750  4.000   27 1
2025 09 16 00.0 01.50 34227.00000 34227.06250  4.333   32 1
2025 09 16 03.0 04.50 34227.12500 34227.18750  3.667   22 1
2025 09 16 06.0 07.50 34227.25000 34227.31250  3.667   22 1
2025 09 16 09.0 10.50 34227.37500 34227.43750  3.000   15 1
2025 09 16 12.0 13.50 34227.50000 34227.56250  3.000   15 1
2025 09 16 15.0 16.50 34227.62500 34227.68750  2.333    9 1
2025 09 16 18.0 19.50 34227.75000 34227.81250  2.667   12 1
2025 09 16 21.0 22.50 34227.87500 34227.93750  2.667   12 1
2025 09 17 00.0 01.50 34228.00000 34228.06250  2.000    7 1
2025 09 17 03.0 04.50 34228.12500 34228.18750  2.667   12 1
2025 09 17 06.0 07.50 34228.25000 34228.31250  3.000   15 1
2025 09 17 09.0 10.50 34228.37500 34228.43750  2.667   12 1
2025 09 17 12.0 13.50 34228.50000 34228.56250  2.000    7 1
2025 09 17 15.0 16.50 34228.62500 34228.68750  1.333    5 1
2025 09 17 18.0 19.50 34228.75000 34228.81250  2.333    9 1
2025 09 17 21.0 22.50 34228.87500 34228.93750  2.333    9 1
2025 09 18 00.0 01.50 34229.00000 34229.06250  1.667    6 1
2025 09 18 03.0 04.50 34229.12500 34229.18750  1.667    6 1
2025 09 18 06.0 07.50 34229.25000 34229.31250  1.667    6 1
2025 09 18 09.0 10.50 34229.37500 34229.43750  2.333    9 1
2025 09 18 12.0 13.50 34229.50000 34229.56250  2.000    7 1
2025 09 18 15.0 16.50 34229.62500 34229.68750  2.000    7 1
2025 09 18 18.0 19.50 34229.75000 34229.81250  0.667    3 1
2025 09 18 21.0 22.50 34229.87500 34229.93750  1.000    4 1
2025 09 19 00.0 01.50 34230.00000 34230.06250  0.000    0 1
2025 09 19 03.0 04.50 34230.12500 34230.18750  0.000    0 1
2025 09 19 06.0 07.50 34230.25000 34230.31250  0.000    0 1
2025 09 19 09.0 10.50 34230.37500 34230.43750  0.333    2 1
2025 09 19 12.0 13.50 34230.50000 34230.56250  1.000    4 1
2025 09 19 15.0 16.50 34230.62500 34230.68750  0.333    2 1
2025 09 19 18.0 19.50 34230.75000 34230.81250  0.333    2 1
2025 09 19 21.0 22.50 34230.87500 34230.93750  0.333    2 1
2025 09 20 00.0 01.50 34231.00000 34231.06250  0.667    3 1
2025 09 20 03.0 04.50 34231.12500 34231.18750  1.333    5 1
2025 09 20 06.0 07.50 34231.25000 34231.31250  1.667    6 1
2025 09 20 09.0 10.50 34231.37500 34231.43750  1.000    4 1
2025 09 20 12.0 13.50 34231.50000 34231.56250  0.667    3 1
2025 09 20 15.0 16.50 34231.62500 34231.68750  0.667    3 1
2025 09 20 18.0 19.50 34231.75000 34231.81250  0.333    2 1
2025 09 20 21.0 22.50 34231.87500 34231.93750  1.333    5 1
2025 09 21 00.0 01.50 34232.00000 34232.06250  0.667    3 1
2025 09 21 03.0 04.50 34232.12500 34232.18750  1.333    5 1
2025 09 21 06.0 07.50 34232.25000 34232.31250  1.667    6 1
2025 09 21 09.0 10.50 34232.37500 34232.43750  0.333    2 1
2025 09 21 12.0 13.50 34232.50000 34232.56250  1.667    6 1
2025 09 21 15.0 16.50 34232.62500 34232.68750  1.667    6 1
2025 09 21 18.0 19.50 34232.75000 34232.81250  1.000    4 1
2025 09 21 21.0 22.50 34232.87500 34232.93750  1.000    4 1
2025 09 22 00.0 01.50 34233.00000 34233.06250  2.333    9 1
2025 09 22 03.0 04.50 34233.12500 34233.18750  2.333    9 1
2025 09 22 06.0 07.50 34233.25000 34233.31250  2.000    7 1
2025 09 22 09.0 10.50 34233.37500 34233.43750  3.000   15 1
2025 09 22 12.0 13.50 34233.50000 34233.56250  3.000   15 1
2025 09 22 15.0 16.50 34233.62500 34233.68750  3.000   15 1
2025 09 22 18.0 19.50 34233.75000 34233.81250  3.333   18 1
2025 09 22 21.0 22.50 34233.87500 34233.93750  3.333   18 1
2025 09 23 00.0 01.50 34234.00000 34234.06250  3.333   18 1
2025 09 23 03.0 04.50 34234.12500 34234.18750  3.000   15 1
2025 09 23 06.0 07.50 34234.25000 34234.31250  2.667   12 1
2025 09 23 09.0 10.50 34234.37500 34234.43750  2.667   12 1
2025 09 23 12.0 13.50 34234.50000 34234.56250  3.667   22 1
2025 09 23 15.0 16.50 34234.62500 34234.68750  3.333   18 1
2025 09 23 18.0 19.50 34234.75000 34234.81250  2.667   12 1
2025 09 23 21.0 22.50 34234.87500 34234.93750  1.667    6 1
2025 09 24 00.0 01.50 34235.00000 34235.06250  1.667    6 1
2025 09 24 03.0 04.50 34235.12500 34235.18750  1.333    5 1
2025 09 24 06.0 07.50 34235.25000 34235.31250  1.000    4 1
2025 09 24 09.0 10.50 34235.37500 34235.43750  1.667    6 1
2025 09 24 12.0 13.50 34235.50000 34235.56250  2.333    9 1
2025 09 24 15.0 16.50 34235.62500 34235.68750  2.000    7 1
2025 09 24 18.0 19.50 34235.75000 34235.81250  1.333    5 1
2025 09 24 21.0 22.50 34235.87500 34235.93750  2.333    9 1
2025 09 25 00.0 01.50 34236.00000 34236.06250  0.667    3 1
2025 09 25 03.0 04.50 34236.12500 34236.18750  1.000    4 1
2025 09 25 06.0 07.50 34236.25000 34236.31250  1.333    5 1
2025 09 25 09.0 10.50 34236.37500 34236.43750  2.333    9 1
2025 09 25 12.0 13.50 34236.50000 34236.56250  2.333    9 1
2025 09 25 15.0 16.50 34236.62500 34236.68750  1.667    6 1
2025 09 25 18.0 19.50 34236.75000 34236.81250  1.667    6 1
2025 09 25 21.0 22.50 34236.87500 34236.93750  1.667    6 1
2025 09 26 00.0 01.50 34237.00000 34237.06250  2.000    7 1
2025 09 26 03.0 04.50 34237.12500 34237.18750  1.667    6 1
2025 09 26 06.0 07.50 34237.25000 34237.31250  0.667    3 1
2025 09 26 09.0 10.50 34237.37500 34237.43750  1.667    6 1
2025 09 26 12.0 13.50 34237.50000 34237.56250  1.000    4 1
2025 09 26 15.0 16.50 34237.62500 34237.68750  0.667    3 1
2025 09 26 18.0 19.50 34237.75000 34237.81250  2.333    9 1
2025 09 26 21.0 22.50 34237.87500 34237.93750  1.333    5 1
2025 09 27 00.0 01.50 34238.00000 34238.06250  0.667    3 1
2025 09 27 03.0 04.50 34238.12500 34238.18750  1.333    5 1
2025 09 27 06.0 07.50 34238.25000 34238.31250  0.667    3 1
2025 09 27 09.0 10.50 34238.37500 34238.43750  0.667    3 1
2025 09 27 12.0 13.50 34238.50000 34238.56250  1.000    4 1
2025 09 27 15.0 16.50 34238.62500 34238.68750  0.667    3 1
2025 09 27 18.0 19.50 34238.75000 34238.81250  2.333    9 1
2025 09 27 21.0 22.50 34238.87500 34238.93750  2.000    7 1
2025 09 28 00.0 01.50 34239.00000 34239.06250  3.000   15 1
2025 09 28 03.0 04.50 34239.12500 34239.18750  3.000   15 1
2025 09 28 06.0 07.50 34239.25000 34239.31250  0.667    3 1
2025 09 28 09.0 10.50 34239.37500 34239.43750  1.667    6 1
2025 09 28 12.0 13.50 34239.50000 34239.56250  1.667    6 1
2025 09 28 15.0 16.50 34239.62500 34239.68750  2.667   12 1
2025 09 28 18.0 19.50 34239.75000 34239.81250  2.667   12 1
2025 09 28 21.0 22.50 34239.87500 34239.93750  1.667    6 1
2025 09 29 00.0 01.50 34240.00000 34240.06250  2.333    9 1
2025 09 29 03.0 04.50 34240.12500 34240.18750  2.333    9 1
2025 09 29 06.0 07.50 34240.25000 34240.31250  3.000   15 1
2025 09 29 09.0 10.50 34240.37500 34240.43750  4.667   39 1
2025 09 29 12.0 13.50 34240.50000 34240.56250  4.000   27 1
2025 09 29 15.0 16.50 34240.62500 34240.68750  5.333   56 1
2025 09 29 18.0 19.50 34240.75000 34240.81250  5.000   48 1
2025 09 29 21.0 22.50 34240.87500 34240.93750  3.333   18 1
2025 09 30 00.0 01.50 34241.00000 34241.06250  5.000   48 1
2025 09 30 03.0 04.50 34241.12500 34241.18750  7.000  132 1
2025 09 30 06.0 07.50 34241.25000 34241.31250  6.000   80 1
2025 09 30 09.0 10.50 34241.37500 34241.43750  5.000   48 1
2025 09 30 12.0 13.50 34241.50000 34241.56250  5.667   67 1
2025 09 30 15.0 16.50 34241.62500 34241.68750  5.667   67 1
2025 09 30 18.0 19.50 34241.75000 34241.81250  6.333   94 1
2025 09 30 21.0 22.50 34241.87500 34241.93750  5.333   56 1
2025 10 01 00.0 01.50 34242.00000 34242.06250  5.000   48 1
2025 10 01 03.0 04.50 34242.12500 34242.18750  5.000   48 1
2025 10 01 06.0 07.50 34242.25000 34242.31250  4.667   39 1
2025 10 01 09.0 10.50 34242.37500 34242.43750  4.000   27 1
2025 10 01 12.0 13.50 34242.50000 34242.56250  5.000   48 1
2025 10 01 15.0 16.50 34242.62500 34242.68750  4.667   39 1
2025 10 01 18.0 19.50 34242.75000 34242.81250  6.333   94 1
2025 10 01 21.0 22.50 34242.87500 34242.93750  4.333   32 1
2025 10 02 00.0 01.50 34243.00000 34243.06250  5.333   56 1
2025 10 02 03.0 04.50 34243.12500 34243.18750  6.667  111 1
2025 10 02 06.0 07.50 34243.25000 34243.31250  4.333   32 1
2025 10 02 09.0 10.50 34243.37500 34243.43750  4.667   39 1
2025 10 02 12.0 13.50 34243.50000 34243.56250  4.000   27 1
2025 10 02 15.0 16.50 34243.62500 34243.68750  2.667   12 1
2025 10 02 18.0 19.50 34243.75000 34243.81250  5.000   48 1
2025 10 02 21.0 22.50 34243.87500 34243.93750  4.333   32 1
2025 10 03 00.0 01.50 34244.00000 34244.06250  4.333   32 1
2025 10 03 03.0 04.50 34244.12500 34244.18750  5.000   48 1
2025 10 03 06.0 07.50 34244.25000 34244.31250  4.667   39 1
2025 10 03 09.0 10.50 34244.37500 34244.43750  4.000   27 1
2025 10 03 12.0 13.50 34244.50000 34244.56250  3.333   18 1
2025 10 03 15.0 16.50 34244.62500 34244.68750  3.667   22 1
2025 10 03 18.0 19.50 34244.75000 34244.81250  3.667   22 1
2025 10 03 21.0 22.50 34244.87500 34244.93750  2.667   12 1
2025 10 04 00.0 01.50 34245.00000 34245.06250  3.000   15 1
2025 10 04 03.0 04.50 34245.12500 34245.18750  3.333   18 1
2025 10 04 06.0 07.50 34245.25000 34245.31250  3.667   22 1
2025 10 04 09.0 10.50 34245.37500 34245.43750  3.667   22 1
2025 10 04 12.0 13.50 34245.50000 34245.56250  4.000   27 1
2025 10 04 15.0 16.50 34245.62500 34245.68750  3.667   22 1
2025 10 04 18.0 19.50 34245.75000 34245.81250  3.000   15 1
2025 10 04 21.0 22.50 34245.87500 34245.93750  2.333    9 1
2025 10 05 00.0 01.50 34246.00000 34246.06250  2.333    9 1
2025 10 05 03.0 04.50 34246.12500 34246.18750  3.333   18 1
2025 10 05 06.0 07.50 34246.25000 34246.31250  3.000   15 1
2025 10 05 09.0 10.50 34246.37500 34246.43750  1.333    5 1
2025 10 05 12.0 13.50 34246.50000 34246.56250  2.000    7 1
2025 10 05 15.0 16.50 34246.62500 34246.68750  1.000    4 1
2025 10 05 18.0 19.50 34246.75000 34246.81250  0.333    2 1
2025 10 05 21.0 22.50 34246.87500 34246.93750  1.000    4 1
2025 10 06 00.0 01.50 34247.00000 34247.06250  0.333    2 1
2025 10 06 03.0 04.50 34247.12500 34247.18750  0.000    0 1
2025 10 06 06.0 07.50 34247.25000 34247.31250  0.667    3 1
2025 10 06 09.0 10.50 34247.37500 34247.43750  0.667    3 1
2025 10 06 12.0 13.50 34247.50000 34247.56250  1.333    5 1
2025 10 06 15.0 16.50 34247.62500 34247.68750  1.667    6 1
2025 10 06 18.0 19.50 34247.75000 34247.81250  1.667    6 1
2025 10 06 21.0 22.50 34247.87500 34247.93750  2.000    7 1
2025 10 07 00.0 01.50 34248.00000 34248.06250  2.000    7 1
2025 10 07 03.0 04.50 34248.12500 34248.18750  2.333    9 1
2025 10 07 06.0 07.50 34248.25000 34248.31250  2.333    9 1
2025 10 07 09.0 10.50 34248.37500 34248.43750  2.667   12 1
2025 10 07 12.0 13.50 34248.50000 34248.56250  4.000   27 1
2025 10 07 15.0 16.50 34248.62500 34248.68750  3.333   18 1
2025 10 07 18.0 19.50 34248.75000 34248.81250  2.667   12 1
2025 10 07 21.0 22.50 34248.87500 34248.93750  2.000    7 1
2025 10 08 00.0 01.50 34249.00000 34249.06250  2.667   12 1
2025 10 08 03.0 04.50 34249.12500 34249.18750  3.667   22 1
2025 10 08 06.0 07.50 34249.25000 34249.31250  2.333    9 1
2025 10 08 09.0 10.50 34249.37500 34249.43750  1.667    6 1
2025 10 08 12.0 13.50 34249.50000 34249.56250  2.333    9 1
2025 10 08 15.0 16.50 34249.62500 34249.68750  2.333    9 1
2025 10 08 18.0 19.50 34249.75000 34249.81250  1.333    5 1
2025 10 08 21.0 22.50 34249.87500 34249.93750  0.333    2 1
2025 10 09 00.0 01.50 34250.00000 34250.06250  0.333    2 1
2025 10 09 03.0 04.50 34250.12500 34250.18750  0.333    2 1
2025 10 09 06.0 07.50 34250.25000 34250.31250  2.000    7 1
2025 10 09 09.0 10.50 34250.37500 34250.43750  0.667    3 1
2025 10 09 12.0 13.50 34250.50000 34250.56250  1.000    4 1
2025 10 09 15.0 16.50 34250.62500 34250.68750  0.667    3 1
2025 10 09 18.0 19.50 34250.75000 34250.81250  1.333    5 1
2025 10 09 21.0 22.50 34250.87500 34250.93750  2.000    7 1
2025 10 10 00.0 01.50 34251.00000 34251.06250  3.333   18 1
2025 10 10 03.0 04.50 34251.12500 34251.18750  2.000    7 1
2025 10 10 06.0 07.50 34251.25000 34251.31250  2.667   12 1
2025 10 10 09.0 10.50 34251.37500 34251.43750  2.000    7 1
2025 10 10 12.0 13.50 34251.50000 34251.56250  1.333    5 1
2025 10 10 15.0 16.50 34251.62500 34251.68750  1.000    4 1
2025 10 10 18.0 19.50 34251.75000 34251.81250  1.333    5 1
2025 10 10 21.0 22.50 34251.87500 34251.93750  1.667    6 1
2025 10 11 00.0 01.50 34252.00000 34252.06250  2.000    7 1
2025 10 11 03.0 04.50 34252.12500 34252.18750  3.667   22 1
2025 10 11 06.0 07.50 34252.25000 34252.31250  4.333   32 1
2025 10 11 09.0 10.50 34252.37500 34252.43750  3.000   15 1
2025 10 11 12.0 13.50 34252.50000 34252.56250  2.000    7 1
2025 10 11 15.0 16.50 34252.62500 34252.68750  2.333    9 1
2025 10 11 18.0 19.50 34252.75000 34252.81250  2.667   12 1
2025 10 11 21.0 22.50 34252.87500 34252.93750  3.667   22 1
2025 10 12 00.0 01.50 34253.00000 34253.06250  4.000   27 1
2025 10 12 03.0 04.50 34253.12500 34253.18750  4.000   27 1
2025 10 12 06.0 07.50 34253.25000 34253.31250  4.000   27 1
2025 10 12 09.0 10.50 34253.37500 34253.43750  4.000   27 1
2025 10 12 12.0 13.50 34253.50000 34253.56250  4.000   27 1
2025 10 12 15.0 16.50 34253.62500 34253.68750  4.667   39 1
2025 10 12 18.0 19.50 34253.75000 34253.81250  5.000   48 1
2025 10 12 21.0 22.50 34253.87500 34253.93750  4.333   32 1
2025 10 13 00.0 01.50 34254.00000 34254.06250  4.667   39 1
2025 10 13 03.0 04.50 34254.12500 34254.18750  4.333   32 1
2025 10 13 06.0 07.50 34254.25000 34254.31250  3.333   18 1
2025 10 13 09.0 10.50 34254.37500 34254.43750  3.667   22 1
2025 10 13 12.0 13.50 34254.50000 34254.56250  3.000   15 1
2025 10 13 15.0 16.50 34254.62500 34254.68750  2.667   12 1
2025 10 13 18.0 19.50 34254.75000 34254.81250  3.333   18 1
2025 10 13 21.0 22.50 34254.87500 34254.93750  2.667   12 1
2025 10 14 00.0 01.50 34255.00000 34255.06250  2.333    9 1
2025 10 14 03.0 04.50 34255.12500 34255.18750  2.000    7 1
2025 10 14 06.0 07.50 34255.25000 34255.31250  2.000    7 1
2025 10 14 09.0 10.50 34255.37500 34255.43750  1.333    5 1
2025 10 14 12.0 13.50 34255.50000 34255.56250  2.000    7 1
2025 10 14 15.0 16.50 34255.62500 34255.68750  2.000    7 1
2025 10 14 18.0 19.50 34255.75000 34255.81250  1.000    4 1
2025 10 14 21.0 22.50 34255.87500 34255.93750  2.333    9 1
2025 10 15 00.0 01.50 34256.00000 34256.06250  3.667   22 1
2025 10 15 03.0 04.50 34256.12500 34256.18750  3.333   18 1
2025 10 15 06.0 07.50 34256.25000 34256.31250  3.000   15 1
2025 10 15 09.0 10.50 34256.37500 34256.43750  2.333    9 1
2025 10 15 12.0 13.50 34256.50000 34256.56250  1.667    6 1
2025 10 15 15.0 16.50 34256.62500 34256.68750  1.000    4 1
2025 10 15 18.0 19.50 34256.75000 34256.81250  0.667    3 1
2025 10 15 21.0 22.50 34256.87500 34256.93750  1.667    6 1
2025 10 16 00.0 01.50 34257.00000 34257.06250  0.333    2 1
2025 10 16 03.0 04.50 34257.12500 34257.18750  0.333    2 1
2025 10 16 06.0 07.50 34257.25000 34257.31250  1.333    5 1
2025 10 16 09.0 10.50 34257.37500 34257.43750  1.000    4 1
2025 10 16 12.0 13.50 34257.50000 34257.56250  0.667    3 1
2025 10 16 15.0 16.50 34257.62500 34257.68750  0.333    2 1
2025 10 16 18.0 19.50 34257.75000 34257.81250  1.333    5 1
2025 10 16 21.0 22.50 34257.87500 34257.93750  1.333    5 1
2025 10 17 00.0 01.50 34258.00000 34258.06250  1.333    5 1
2025 10 17 03.0 04.50 34258.12500 34258.18750  1.667    6 1
2025 10 17 06.0 07.50 34258.25000 34258.31250  2.667   12 1
2025 10 17 09.0 10.50 34258.37500 34258.43750  3.667   22 1
2025 10 17 12.0 13.50 34258.50000 34258.56250  2.333    9 1
2025 10 17 15.0 16.50 34258.62500 34258.68750  3.000   15 1
2025 10 17 18.0 19.50 34258.75000 34258.81250  1.667    6 1
2025 10 17 21.0 22.50 34258.87500 34258.93750  1.333    5 1
2025 10 18 00.0 01.50 34259.00000 34259.06250  3.667   22 1
2025 10 18 03.0 04.50 34259.12500 34259.18750  4.333   32 1
2025 10 18 06.0 07.50 34259.25000 34259.31250  4.667   39 1
2025 10 18 09.0 10.50 34259.37500 34259.43750  4.000   27 1
2025 10 18 12.0 13.50 34259.50000 34259.56250  3.333   18 1
2025 10 18 15.0 16.50 34259.62500 34259.68750  4.667   39 1
2025 10 18 18.0 19.50 34259.75000 34259.81250  6.333   94 1
2025 10 18 21.0 22.50 34259.87500 34259.93750  4.333   32 1
2025 10 19 00.0 01.50 34260.00000 34260.06250  5.000   48 1
2025 10 19 03.0 04.50 34260.12500 34260.18750  3.000   15 1
2025 10 19 06.0 07.50 34260.25000 34260.31250  2.000    7 1
2025 10 19 09.0 10.50 34260.37500 34260.43750  3.333   18 1
2025 10 19 12.0 13.50 34260.50000 34260.56250  3.000   15 1
2025 10 19 15.0 16.50 34260.62500 34260.68750  3.333   18 1
2025 10 19 18.0 19.50 34260.75000 34260.81250  2.333    9 1
2025 10 19 21.0 22.50 34260.87500 34260.93750  2.667   12 1
2025 10 20 00.0 01.50 34261.00000 34261.06250  2.667   12 1
2025 10 20 03.0 04.50 34261.12500 34261.18750  2.667   12 1
2025 10 20 06.0 07.50 34261.25000 34261.31250  2.333    9 1
2025 10 20 09.0 10.50 34261.37500 34261.43750  1.333    5 1
2025 10 20 12.0 13.50 34261.50000 34261.56250  1.667    6 1
2025 10 20 15.0 16.50 34261.62500 34261.68750  1.000    4 1
2025 10 20 18.0 19.50 34261.75000 34261.81250  1.333    5 1
2025 10 20 21.0 22.50 34261.87500 34261.93750  1.667    6 1
2025 10 21 00.0 01.50 34262.00000 34262.06250  2.667   12 1
2025 10 21 03.0 04.50 34262.12500 34262.18750  3.000   15 1
2025 10 21 06.0 07.50 34262.25000 34262.31250  1.667    6 1
2025 10 21 09.0 10.50 34262.37500 34262.43750  0.333    2 1
2025 10 21 12.0 13.50 34262.50000 34262.56250  1.000    4 1
2025 10 21 15.0 16.50 34262.62500 34262.68750  1.333    5 1
2025 10 21 18.0 19.50 34262.75000 34262.81250  2.667   12 1
2025 10 21 21.0 22.50 34262.87500 34262.93750  2.333    9 1
2025 10 22 00.0 01.50 34263.00000 34263.06250  0.333    2 1
2025 10 22 03.0 04.50 34263.12500 34263.18750  0.667    3 1
2025 10 22 06.0 07.50 34263.25000 34263.31250  0.667    3 1
2025 10 22 09.0 10.50 34263.37500 34263.43750  0.667    3 1
2025 10 22 12.0 13.50 34263.50000 34263.56250  1.000    4 1
2025 10 22 15.0 16.50 34263.62500 34263.68750  1.000    4 1
2025 10 22 18.0 19.50 34263.75000 34263.81250  1.333    5 1
2025 10 22 21.0 22.50 34263.87500 34263.93750  1.333    5 1
2025 10 23 00.0 01.50 34264.00000 34264.06250  1.667    6 1
2025 10 23 03.0 04.50 34264.12500 34264.18750  1.000    4 1
2025 10 23 06.0 07.50 34264.25000 34264.31250  0.000    0 1
2025 10 23 09.0 10.50 34264.37500 34264.43750  1.333    5 1
2025 10 23 12.0 13.50 34264.50000 34264.56250  1.333    5 1
2025 10 23 15.0 16.50 34264.62500 34264.68750  1.000    4 1
2025 10 23 18.0 19.50 34264.75000 34264.81250  2.000    7 1
2025 10 23 21.0 22.50 34264.87500 34264.93750  2.333    9 1
2025 10 24 00.0 01.50 34265.00000 34265.06250  2.667   12 1
2025 10 24 03.0 04.50 34265.12500 34265.18750  2.333    9 1
2025 10 24 06.0 07.50 34265.25000 34265.31250  2.000    7 1
2025 10 24 09.0 10.50 34265.37500 34265.43750  2.333    9 1
2025 10 24 12.0 13.50 34265.50000 34265.56250  2.000    7 1
2025 10 24 15.0 16.50 34265.62500 34265.68750  2.333    9 1
2025 10 24 18.0 19.50 34265.75000 34265.81250  3.000   15 1
2025 10 24 21.0 22.50 34265.87500 34265.93750  1.333    5 1
2025 10 25 00.0 01.50 34266.00000 34266.06250  2.333    9 1
2025 10 25 03.0 04.50 34266.12500 34266.18750  3.667   22 1
2025 10 25 06.0 07.50 34266.25000 34266.31250  3.000   15 1
2025 10 25 09.0 10.50 34266.37500 34266.43750  2.000    7 1
2025 10 25 12.0 13.50 34266.50000 34266.56250  2.000    7 1
2025 10 25 15.0 16.50 34266.62500 34266.68750  0.667    3 1
2025 10 25 18.0 19.50 34266.75000 34266.81250  0.333    2 1
2025 10 25 21.0 22.50 34266.87500 34266.93750  0.333    2 1
2025 10 26 00.0 01.50 34267.00000 34267.06250  0.667    3 1
2025 10 26 03.0 04.50 34267.12500 34267.18750  0.667    3 1
2025 10 26 06.0 07.50 34267.25000 34267.31250  1.333    5 1
2025 10 26 09.0 10.50 34267.37500 34267.43750  1.333    5 1
2025 10 26 12.0 13.50 34267.50000 34267.56250  0.000    0 1
2025 10 26 15.0 16.50 34267.62500 34267.68750  0.667    3 1
2025 10 26 18.0 19.50 34267.75000 34267.81250  0.000    0 1
2025 10 26 21.0 22.50 34267.87500 34267.93750  0.667    3 1
2025 10 27 00.0 01.50 34268.00000 34268.06250  0.667    3 1
2025 10 27 03.0 04.50 34268.12500 34268.18750  0.667    3 1
2025 10 27 06.0 07.50 34268.25000 34268.31250  0.667    3 1
2025 10 27 09.0 10.50 34268.37500 34268.43750  0.667    3 1
2025 10 27 12.0 13.50 34268.50000 34268.56250  0.667    3 1
2025 10 27 15.0 16.50 34268.62500 34268.68750  1.667    6 1
2025 10 27 18.0 19.50 34268.75000 34268.81250  2.000    7 1
2025 10 27 21.0 22.50 34268.87500 34268.93750  3.000   15 1
2025 10 28 00.0 01.50 34269.00000 34269.06250  3.000   15 1
2025 10 28 03.0 04.50 34269.12500 34269.18750  3.333   18 1
2025 10 28 06.0 07.50 34269.25000 34269.31250  3.333   18 1
2025 10 28 09.0 10.50 34269.37500 34269.43750  2.000    7 1
2025 10 28 12.0 13.50 34269.50000 34269.56250  3.333   18 1
2025 10 28 15.0 16.50 34269.62500 34269.68750  3.000   15 1
2025 10 28 18.0 19.50 34269.75000 34269.81250  4.000   27 1
2025 10 28 21.0 22.50 34269.87500 34269.93750  4.000   27 1
2025 10 29 00.0 01.50 34270.00000 34270.06250  2.333    9 1
2025 10 29 03.0 04.50 34270.12500 34270.18750  2.667   12 1
2025 10 29 06.0 07.50 34270.25000 34270.31250  3.333   18 1
2025 10 29 09.0 10.50 34270.37500 34270.43750  3.000   15 1
2025 10 29 12.0 13.50 34270.50000 34270.56250  3.000   15 1
2025 10 29 15.0 16.50 34270.62500 34270.68750  3.667   22 1
2025 10 29 18.0 19.50 34270.75000 34270.81250  4.000   27 1
2025 10 29 21.0 22.50 34270.87500 34270.93750  4.333   32 1
2025 10 30 00.0 01.50 34271.00000 34271.06250  4.333   32 1
2025 10 30 03.0 04.50 34271.12500 34271.18750  3.667   22 1
2025 10 30 06.0 07.50 34271.25000 34271.31250  4.000   27 1
2025 10 30 09.0 10.50 34271.37500 34271.43750  5.333   56 1
2025 10 30 12.0 13.50 34271.50000 34271.56250  5.333   56 1
2025 10 30 15.0 16.50 34271.62500 34271.68750  4.333   32 1
2025 10 30 18.0 19.50 34271.75000 34271.81250  3.667   22 1
2025 10 30 21.0 22.50 34271.87500 34271.93750  5.000   48 1
2025 10 31 00.0 01.50 34272.00000 34272.06250  4.333   32 1
2025 10 31 03.0 04.50 34272.12500 34272.18750  4.667   39 1
2025 10 31 06.0 07.50 34272.25000 34272.31250  4.333   32 1
2025 10 31 09.0 10.50 34272.37500 34272.43750  3.333   18 1
2025 10 31 12.0 13.50 34272.50000 34272.56250  3.667   22 1
2025 10 31 15.0 16.50 34272.62500 34272.68750  3.000   15 1
2025 10 31 18.0 19.50 34272.75000 34272.81250  2.667   12 1
2025 10 31 21.0 22.50 34272.87500 34272.93750  2.667   12 1
2025 11 01 00.0 01.50 34273.00000 34273.06250  2.667   12 1
2025 11 01 03.0 04.50 34273.12500 34273.18750  3.333   18 1
2025 11 01 06.0 07.50 34273.25000 34273.31250  2.667   12 1
2025 11 01 09.0 10.50 34273.37500 34273.43750  2.333    9 1
2025 11 01 12.0 13.50 34273.50000 34273.56250  2.667   12 1
2025 11 01 15.0 16.50 34273.62500 34273.68750  3.000   15 1
2025 11 01 18.0 19.50 34273.75000 34273.81250  3.000   15 1
2025 11 01 21.0 22.50 34273.87500 34273.93750  2.333    9 1
2025 11 02 00.0 01.50 34274.00000 34274.06250  4.333   32 1
2025 11 02 03.0 04.50 34274.12500 34274.18750  3.333   18 1
2025 11 02 06.0 07.50 34274.25000 34274.31250  2.333    9 1
2025 11 02 09.0 10.50 34274.37500 34274.43750  2.333    9 1
2025 11 02 12.0 13.50 34274.50000 34274.56250  2.333    9 1
2025 11 02 15.0 16.50 34274.62500 34274.68750  3.667   22 1
2025 11 02 18.0 19.50 34274.75000 34274.81250  2.667   12 1
2025 11 02 21.0 22.50 34274.87500 34274.93750  3.000   15 1
2025 11 03 00.0 01.50 34275.00000 34275.06250  2.667   12 1
2025 11 03 03.0 04.50 34275.12500 34275.18750  3.333   18 1
2025 11 03 06.0 07.50 34275.25000 34275.31250  4.333   32 1
2025 11 03 09.0 10.50 34275.37500 34275.43750  3.667   22 1
2025 11 03 12.0 13.50 34275.50000 34275.56250  3.333   18 1
2025 11 03 15.0 16.50 34275.62500 34275.68750  3.667   22 1
2025 11 03 18.0 19.50 34275.75000 34275.81250  3.000   15 1
2025 11 03 21.0 22.50 34275.87500 34275.93750  3.333   18 1
2025 11 04 00.0 01.50 34276.00000 34276.06250  3.000   15 1
2025 11 04 03.0 04.50 34276.12500 34276.18750  2.333    9 1
2025 11 04 06.0 07.50 34276.25000 34276.31250  2.000    7 1
2025 11 04 09.0 10.50 34276.37500 34276.43750  3.000   15 1
2025 11 04 12.0 13.50 34276.50000 34276.56250  1.667    6 1
2025 11 04 15.0 16.50 34276.62500 34276.68750  2.000    7 1
2025 11 04 18.0 19.50 34276.75000 34276.81250  1.667    6 1
2025 11 04 21.0 22.50 34276.87500 34276.93750  1.667    6 1
2025 11 05 00.0 01.50 34277.00000 34277.06250  3.667   22 1
2025 11 05 03.0 04.50 34277.12500 34277.18750  3.333   18 1
2025 11 05 06.0 07.50 34277.25000 34277.31250  4.000   27 1
2025 11 05 09.0 10.50 34277.37500 34277.43750  2.000    7 1
2025 11 05 12.0 13.50 34277.50000 34277.56250  1.667    6 1
2025 11 05 15.0 16.50 34277.62500 34277.68750  2.333    9 1
2025 11 05 18.0 19.50 34277.75000 34277.81250  4.000   27 1
2025 11 05 21.0 22.50 34277.87500 34277.93750  5.667   67 1
2025 11 06 00.0 01.50 34278.00000 34278.06250  5.000   48 1
2025 11 06 03.0 04.50 34278.12500 34278.18750  6.667  111 1
2025 11 06 06.0 07.50 34278.25000 34278.31250  6.000   80 1
2025 11 06 09.0 10.50 34278.37500 34278.43750  3.667   22 1
2025 11 06 12.0 13.50 34278.50000 34278.56250  2.000    7 1
2025 11 06 15.0 16.50 34278.62500 34278.68750  3.000   15 1
2025 11 06 18.0 19.50 34278.75000 34278.81250  3.667   22 1
2025 11 06 21.0 22.50 34278.87500 34278.93750  4.667   39 1
2025 11 07 00.0 01.50 34279.00000 34279.06250  5.333   56 1
2025 11 07 03.0 04.50 34279.12500 34279.18750  5.333   56 1
2025 11 07 06.0 07.50 34279.25000 34279.31250  5.000   48 1
2025 11 07 09.0 10.50 34279.37500 34279.43750  4.000   27 1
2025 11 07 12.0 13.50 34279.50000 34279.56250  3.333   18 1
2025 11 07 15.0 16.50 34279.62500 34279.68750  3.000   15 1
2025 11 07 18.0 19.50 34279.75000 34279.81250  3.000   15 1
2025 11 07 21.0 22.50 34279.87500 34279.93750  3.000   15 1
2025 11 08 00.0 01.50 34280.00000 34280.06250  6.000   80 1
2025 11 08 03.0 04.50 34280.12500 34280.18750  5.333   56 1
2025 11 08 06.0 07.50 34280.25000 34280.31250  5.333   56 1
2025 11 08 09.0 10.50 34280.37500 34280.43750  3.667   22 1
2025 11 08 12.0 13.50 34280.50000 34280.56250  3.333   18 1
2025 11 08 15.0 16.50 34280.62500 34280.68750  3.333   18 1
2025 11 08 18.0 19.50 34280.75000 34280.81250  2.667   12 1
2025 11 08 21.0 22.50 34280.87500 34280.93750  1.333    5 1
2025 11 09 00.0 01.50 34281.00000 34281.06250  1.667    6 1
2025 11 09 03.0 04.50 34281.12500 34281.18750  1.333    5 1
2025 11 09 06.0 07.50 34281.25000 34281.31250  2.333    9 1
2025 11 09 09.0 10.50 34281.37500 34281.43750  1.000    4 1
2025 11 09 12.0 13.50 34281.50000 34281.56250  2.000    7 1
2025 11 09 15.0 16.50 34281.62500 34281.68750  1.000    4 1
2025 11 09 18.0 19.50 34281.75000 34281.81250  1.000    4 1
2025 11 09 21.0 22.50 34281.87500 34281.93750  3.000   15 1
2025 11 10 00.0 01.50 34282.00000 34282.06250  2.667   12 1
2025 11 10 03.0 04.50 34282.12500 34282.18750  2.000    7 1
2025 11 10 06.0 07.50 34282.25000 34282.31250  1.000    4 1
2025 11 10 09.0 10.50 34282.37500 34282.43750  2.333    9 1
2025 11 10 12.0 13.50 34282.50000 34282.56250  2.667   12 1
2025 11 10 15.0 16.50 34282.62500 34282.68750  4.333   32 1
2025 11 10 18.0 19.50 34282.75000 34282.81250  3.000   15 1
2025 11 10 21.0 22.50 34282.87500 34282.93750  3.333   18 1
2025 11 11 00.0 01.50 34283.00000 34283.06250  1.333    5 1
2025 11 11 03.0 04.50 34283.12500 34283.18750  2.667   12 1
2025 11 11 06.0 07.50 34283.25000 34283.31250  1.000    4 1
2025 11 11 09.0 10.50 34283.37500 34283.43750  2.333    9 1
2025 11 11 12.0 13.50 34283.50000 34283.56250  0.667    3 1
2025 11 11 15.0 16.50 34283.62500 34283.68750  1.000    4 1
2025 11 11 18.0 19.50 34283.75000 34283.81250  0.333    2 1
2025 11 11 21.0 22.50 34283.87500 34283.93750  2.333    9 1
2025 11 12 00.0 01.50 34284.00000 34284.06250  8.667  300 1
2025 11 12 03.0 04.50 34284.12500 34284.18750  8.667  300 1
2025 11 12 06.0 07.50 34284.25000 34284.31250  7.000  132 1
2025 11 12 09.0 10.50 34284.37500 34284.43750  7.667  179 1
2025 11 12 12.0 13.50 34284.50000 34284.56250  5.333   56 1
2025 11 12 15.0 16.50 34284.62500 34284.68750  4.333   32 1
2025 11 12 18.0 19.50 34284.75000 34284.81250  5.667   67 1
2025 11 12 21.0 22.50 34284.87500 34284.93750  4.000   27 1
2025 11 13 00.0 01.50 34285.00000 34285.06250  6.667  111 1
2025 11 13 03.0 04.50 34285.12500 34285.18750  7.333  154 1
2025 11 13 06.0 07.50 34285.25000 34285.31250  6.333   94 1
2025 11 13 09.0 10.50 34285.37500 34285.43750  3.667   22 1
2025 11 13 12.0 13.50 34285.50000 34285.56250  4.667   39 1
2025 11 13 15.0 16.50 34285.62500 34285.68750  3.667   22 1
2025 11 13 18.0 19.50 34285.75000 34285.81250  2.667   12 1
2025 11 13 21.0 22.50 34285.87500 34285.93750  0.667    3 1
2025 11 14 00.0 01.50 34286.00000 34286.06250  0.667    3 1
2025 11 14 03.0 04.50 34286.12500 34286.18750  0.667    3 1
2025 11 14 06.0 07.50 34286.25000 34286.31250  0.667    3 1
2025 11 14 09.0 10.50 34286.37500 34286.43750  1.333    5 1
2025 11 14 12.0 13.50 34286.50000 34286.56250  1.000    4 1
2025 11 14 15.0 16.50 34286.62500 34286.68750  1.000    4 1
2025 11 14 18.0 19.50 34286.75000 34286.81250  0.333    2 1
2025 11 14 21.0 22.50 34286.87500 34286.93750  0.000    0 1
2025 11 15 00.0 01.50 34287.00000 34287.06250  1.333    5 1
2025 11 15 03.0 04.50 34287.12500 34287.18750  1.000    4 1
2025 11 15 06.0 07.50 34287.25000 34287.31250  2.000    7 1
2025 11 15 09.0 10.50 34287.37500 34287.43750  1.667    6 1
2025 11 15 12.0 13.50 34287.50000 34287.56250  1.667    6 1
2025 11 15 15.0 16.50 34287.62500 34287.68750  1.667    6 1
2025 11 15 18.0 19.50 34287.75000 34287.81250  3.333   18 1
2025 11 15 21.0 22.50 34287.87500 34287.93750  3.000   15 1
2025 11 16 00.0 01.50 34288.00000 34288.06250  3.333   18 1
2025 11 16 03.0 04.50 34288.12500 34288.18750  3.667   22 1
2025 11 16 06.0 07.50 34288.25000 34288.31250  2.667   12 1
2025 11 16 09.0 10.50 34288.37500 34288.43750  2.667   12 1
2025 11 16 12.0 13.50 34288.50000 34288.56250  3.667   22 1
2025 11 16 15.0 16.50 34288.62500 34288.68750  3.000   15 1
2025 11 16 18.0 19.50 34288.75000 34288.81250  3.000   15 1
2025 11 16 21.0 22.50 34288.87500 34288.93750  3.333   18 1
2025 11 17 00.0 01.50 34289.00000 34289.06250  3.667   22 1
2025 11 17 03.0 04.50 34289.12500 34289.18750  2.667   12 1
2025 11 17 06.0 07.50 34289.25000 34289.31250  3.000   15 1
2025 11 17 09.0 10.50 34289.37500 34289.43750  1.000    4 1
2025 11 17 12.0 13.50 34289.50000 34289.56250  2.000    7 1
2025 11 17 15.0 16.50 34289.62500 34289.68750  0.667    3 1
2025 11 17 18.0 19.50 34289.75000 34289.81250  2.000    7 1
2025 11 17 21.0 22.50 34289.87500 34289.93750  2.000    7 1
2025 11 18 00.0 01.50 34290.00000 34290.06250  2.333    9 1
2025 11 18 03.0 04.50 34290.12500 34290.18750  2.000    7 1
2025 11 18 06.0 07.50 34290.25000 34290.31250  2.000    7 1
2025 11 18 09.0 10.50 34290.37500 34290.43750  0.333    2 1
2025 11 18 12.0 13.50 34290.50000 34290.56250  0.000    0 1
2025 11 18 15.0 16.50 34290.62500 34290.68750  0.000    0 1
2025 11 18 18.0 19.50 34290.75000 34290.81250  0.000    0 1
2025 11 18 21.0 22.50 34290.87500 34290.93750  0.667    3 1
2025 11 19 00.0 01.50 34291.00000 34291.06250  0.333    2 1
2025 11 19 03.0 04.50 34291.12500 34291.18750  0.000    0 1
2025 11 19 06.0 07.50 34291.25000 34291.31250  0.667    3 1
2025 11 19 09.0 10.50 34291.37500 34291.43750  0.333    2 1
2025 11 19 12.0 13.50 34291.50000 34291.56250  0.333    2 1
2025 11 19 15.0 16.50 34291.62500 34291.68750  0.333    2 1
2025 11 19 18.0 19.50 34291.75000 34291.81250  1.000    4 1
2025 11 19 21.0 22.50 34291.87500 34291.93750  0.333    2 1
2025 11 20 00.0 01.50 34292.00000 34292.06250  0.333    2 1
2025 11 20 03.0 04.50 34292.12500 34292.18750  1.667    6 1
2025 11 20 06.0 07.50 34292.25000 34292.31250  1.000    4 1
2025 11 20 09.0 10.50 34292.37500 34292.43750  1.000    4 1
2025 11 20 12.0 13.50 34292.50000 34292.56250  0.333    2 1
2025 11 20 15.0 16.50 34292.62500 34292.68750  2.000    7 1
2025 11 20 18.0 19.50 34292.75000 34292.81250  2.667   12 1
2025 11 20 21.0 22.50 34292.87500 34292.93750  3.000   15 1
2025 11 21 00.0 01.50 34293.00000 34293.06250  2.667   12 1
2025 11 21 03.0 04.50 34293.12500 34293.18750  2.667   12 1
2025 11 21 06.0 07.50 34293.25000 34293.31250  0.667    3 1
2025 11 21 09.0 10.50 34293.37500 34293.43750  1.333    5 1
2025 11 21 12.0 13.50 34293.50000 34293.56250  1.667    6 1
2025 11 21 15.0 16.50 34293.62500 34293.68750  2.000    7 1
2025 11 21 18.0 19.50 34293.75000 34293.81250  2.000    7 1
2025 11 21 21.0 22.50 34293.87500 34293.93750  1.333    5 1
2025 11 22 00.0 01.50 34294.00000 34294.06250  2.000    7 1
2025 11 22 03.0 04.50 34294.12500 34294.18750  1.000    4 1
2025 11 22 06.0 07.50 34294.25000 34294.31250  0.667    3 1
2025 11 22 09.0 10.50 34294.37500 34294.43750  0.333    2 1
2025 11 22 12.0 13.50 34294.50000 34294.56250  1.000    4 1
2025 11 22 15.0 16.50 34294.62500 34294.68750  0.667    3 1
2025 11 22 18.0 19.50 34294.75000 34294.81250  1.667    6 1
2025 11 22 21.0 22.50 34294.87500 34294.93750  2.333    9 1
2025 11 23 00.0 01.50 34295.00000 34295.06250  2.667   12 1
2025 11 23 03.0 04.50 34295.12500 34295.18750  1.667    6 1
2025 11 23 06.0 07.50 34295.25000 34295.31250  1.667    6 1
2025 11 23 09.0 10.50 34295.37500 34295.43750  2.333    9 1
2025 11 23 12.0 13.50 34295.50000 34295.56250  3.000   15 1
2025 11 23 15.0 16.50 34295.62500 34295.68750  3.667   22 1
2025 11 23 18.0 19.50 34295.75000 34295.81250  2.667   12 1
2025 11 23 21.0 22.50 34295.87500 34295.93750  2.333    9 1
2025 11 24 00.0 01.50 34296.00000 34296.06250  3.000   15 1
2025 11 24 03.0 04.50 34296.12500 34296.18750  3.000   15 1
2025 11 24 06.0 07.50 34296.25000 34296.31250  3.333   18 1
2025 11 24 09.0 10.50 34296.37500 34296.43750  3.333   18 1
2025 11 24 12.0 13.50 34296.50000 34296.56250  4.667   39 1
2025 11 24 15.0 16.50 34296.62500 34296.68750  3.667   22 1
2025 11 24 18.0 19.50 34296.75000 34296.81250  3.333   18 1
2025 11 24 21.0 22.50 34296.87500 34296.93750  3.333   18 1
2025 11 25 00.0 01.50 34297.00000 34297.06250  4.667   39 1
2025 11 25 03.0 04.50 34297.12500 34297.18750  4.667   39 1
2025 11 25 06.0 07.50 34297.25000 34297.31250  4.333   32 1
2025 11 25 09.0 10.50 34297.37500 34297.43750  4.000   27 1
2025 11 25 12.0 13.50 34297.50000 34297.56250  4.000   27 1
2025 11 25 15.0 16.50 34297.62500 34297.68750  4.000   27 1
2025 11 25 18.0 19.50 34297.75000 34297.81250  4.000   27 1
2025 11 25 21.0 22.50 34297.87500 34297.93750  2.667   12 1
2025 11 26 00.0 01.50 34298.00000 34298.06250  2.667   12 1
2025 11 26 03.0 04.50 34298.12500 34298.18750  4.000   27 1
2025 11 26 06.0 07.50 34298.25000 34298.31250  4.333   32 1
2025 11 26 09.0 10.50 34298.37500 34298.43750  3.333   18 1
2025 11 26 12.0 13.50 34298.50000 34298.56250  4.000   27 1
2025 11 26 15.0 16.50 34298.62500 34298.68750  4.333   32 1
2025 11 26 18.0 19.50 34298.75000 34298.81250  3.333   18 1
2025 11 26 21.0 22.50 34298.87500 34298.93750  3.000   15 1
2025 11 27 00.0 01.50 34299.00000 34299.06250  2.667   12 1
2025 11 27 03.0 04.50 34299.12500 34299.18750  3.333   18 1
2025 11 27 06.0 07.50 34299.25000 34299.31250  4.000   27 1
2025 11 27 09.0 10.50 34299.37500 34299.43750  4.333   32 1
2025 11 27 12.0 13.50 34299.50000 34299.56250  4.000   27 1
2025 11 27 15.0 16.50 34299.62500 34299.68750  3.667   22 1
2025 11 27 18.0 19.50 34299.75000 34299.81250  4.333   32 1
2025 11 27 21.0 22.50 34299.87500 34299.93750  4.333   32 1
2025 11 28 00.0 01.50 34300.00000 34300.06250  3.333   18 1
2025 11 28 03.0 04.50 34300.12500 34300.18750  3.000   15 1
2025 11 28 06.0 07.50 34300.25000 34300.31250  3.667   22 1
2025 11 28 09.0 10.50 34300.37500 34300.43750  4.000   27 1
2025 11 28 12.0 13.50 34300.50000 34300.56250  3.667   22 1
2025 11 28 15.0 16.50 34300.62500 34300.68750  3.667   22 1
2025 11 28 18.0 19.50 34300.75000 34300.81250  3.333   18 1
2025 11 28 21.0 22.50 34300.87500 34300.93750  2.667   12 1
2025 11 29 00.0 01.50 34301.00000 34301.06250  2.333    9 1
2025 11 29 03.0 04.50 34301.12500 34301.18750  3.333   18 1
2025 11 29 06.0 07.50 34301.25000 34301.31250  3.667   22 1
2025 11 29 09.0 10.50 34301.37500 34301.43750  3.333   18 1
2025 11 29 12.0 13.50 34301.50000 34301.56250  4.000   27 1
2025 11 29 15.0 16.50 34301.62500 34301.68750  4.000   27 1
2025 11 29 18.0 19.50 34301.75000 34301.81250  3.000   15 1
2025 11 29 21.0 22.50 34301.87500 34301.93750  3.000   15 1
2025 11 30 00.0 01.50 34302.00000 34302.06250  3.667   22 1
2025 11 30 03.0 04.50 34302.12500 34302.18750  4.000   27 1
2025 11 30 06.0 07.50 34302.25000 34302.31250  2.333    9 1
2025 11 30 09.0 10.50 34302.37500 34302.43750  3.000   15 1
2025 11 30 12.0 13.50 34302.50000 34302.56250  1.333    5 1
2025 11 30 15.0 16.50 34302.62500 34302.68750  2.333    9 1
2025 11 30 18.0 19.50 34302.75000 34302.81250  3.000   15 1
2025 11 30 21.0 22.50 34302.87500 34302.93750  2.667   12 1
2025 12 01 00.0 01.50 34303.00000 34303.06250  3.667   22 1
2025 12 01 03.0 04.50 34303.12500 34303.18750  0.667    3 1
2025 12 01 06.0 07.50 34303.25000 34303.31250  1.667    6 1
2025 12 01 09.0 10.50 34303.37500 34303.43750  1.667    6 1
2025 12 01 12.0 13.50 34303.50000 34303.56250  2.000    7 1
2025 12 01 15.0 16.50 34303.62500 34303.68750  3.000   15 1
2025 12 01 18.0 19.50 34303.75000 34303.81250  2.000    7 1
2025 12 01 21.0 22.50 34303.87500 34303.93750  1.333    5 1
2025 12 02 00.0 01.50 34304.00000 34304.06250  2.000    7 1
2025 12 02 03.0 04.50 34304.12500 34304.18750  2.667   12 1
2025 12 02 06.0 07.50 34304.25000 34304.31250  0.667    3 1
2025 12 02 09.0 10.50 34304.37500 34304.43750  1.667    6 1
2025 12 02 12.0 13.50 34304.50000 34304.56250  1.000    4 1
2025 12 02 15.0 16.50 34304.62500 34304.68750  2.000    7 1
2025 12 02 18.0 19.50 34304.75000 34304.81250  2.667   12 1
2025 12 02 21.0 22.50 34304.87500 34304.93750  2.000    7 1
2025 12 03 00.0 01.50 34305.00000 34305.06250  1.000    4 1
2025 12 03 03.0 04.50 34305.12500 34305.18750  2.333    9 1
2025 12 03 06.0 07.50 34305.25000 34305.31250  1.667    6 1
2025 12 03 09.0 10.50 34305.37500 34305.43750  2.667   12 1
2025 12 03 12.0 13.50 34305.50000 34305.56250  4.000   27 1
2025 12 03 15.0 16.50 34305.62500 34305.68750  4.333   32 1
2025 12 03 18.0 19.50 34305.75000 34305.81250  6.667  111 1
2025 12 03 21.0 22.50 34305.87500 34305.93750  5.000   48 1
2025 12 04 00.0 01.50 34306.00000 34306.06250  5.000   48 1
2025 12 04 03.0 04.50 34306.12500 34306.18750  5.000   48 1
2025 12 04 06.0 07.50 34306.25000 34306.31250  4.667   39 1
2025 12 04 09.0 10.50 34306.37500 34306.43750  4.333   32 1
2025 12 04 12.0 13.50 34306.50000 34306.56250  4.000   27 1
2025 12 04 15.0 16.50 34306.62500 34306.68750  4.000   27 1
2025 12 04 18.0 19.50 34306.75000 34306.81250  3.667   22 1
2025 12 04 21.0 22.50 34306.87500 34306.93750  3.000   15 1
2025 12 05 00.0 01.50 34307.00000 34307.06250  3.000   15 1
2025 12 05 03.0 04.50 34307.12500 34307.18750  3.333   18 1
2025 12 05 06.0 07.50 34307.25000 34307.31250  3.333   18 1
2025 12 05 09.0 10.50 34307.37500 34307.43750  2.667   12 1
2025 12 05 12.0 13.50 34307.50000 34307.56250  2.333    9 1
2025 12 05 15.0 16.50 34307.62500 34307.68750  2.333    9 1
2025 12 05 18.0 19.50 34307.75000 34307.81250  3.333   18 1
2025 12 05 21.0 22.50 34307.87500 34307.93750  2.667   12 1
2025 12 06 00.0 01.50 34308.00000 34308.06250  3.333   18 1
2025 12 06 03.0 04.50 34308.12500 34308.18750  3.667   22 1
2025 12 06 06.0 07.50 34308.25000 34308.31250  4.000   27 1
2025 12 06 09.0 10.50 34308.37500 34308.43750  3.000   15 1
2025 12 06 12.0 13.50 34308.50000 34308.56250  2.667   12 1
2025 12 06 15.0 16.50 34308.62500 34308.68750  2.333    9 1
2025 12 06 18.0 19.50 34308.75000 34308.81250  2.000    7 1
2025 12 06 21.0 22.50 34308.87500 34308.93750  1.667    6 1
2025 12 07 00.0 01.50 34309.00000 34309.06250  2.333    9 1
2025 12 07 03.0 04.50 34309.12500 34309.18750  3.333   18 1
2025 12 07 06.0 07.50 34309.25000 34309.31250  3.000   15 1
2025 12 07 09.0 10.50 34309.37500 34309.43750  2.333    9 1
2025 12 07 12.0 13.50 34309.50000 34309.56250  1.333    5 1
2025 12 07 15.0 16.50 34309.62500 34309.68750  0.000    0 1
2025 12 07 18.0 19.50 34309.75000 34309.81250  0.000    0 1
2025 12 07 21.0 22.50 34309.87500 34309.93750  0.000    0 1
2025 12 08 00.0 01.50 34310.00000 34310.06250  0.000    0 1
2025 12 08 03.0 04.50 34310.12500 34310.18750  0.333    2 1
2025 12 08 06.0 07.50 34310.25000 34310.31250  0.000    0 1
2025 12 08 09.0 10.50 34310.37500 34310.43750  0.000    0 1
2025 12 08 12.0 13.50 34310.50000 34310.56250  0.000    0 1
2025 12 08 15.0 16.50 34310.62500 34310.68750  0.000    0 1
2025 12 08 18.0 19.50 34310.75000 34310.81250  1.000    4 1
2025 12 08 21.0 22.50 34310.87500 34310.93750  0.333    2 1
2025 12 09 00.0 01.50 34311.00000 34311.06250  0.667    3 1
2025 12 09 03.0 04.50 34311.12500 34311.18750  0.000    0 1
2025 12 09 06.0 07.50 34311.25000 34311.31250  0.667    3 1
2025 12 09 09.0 10.50 34311.37500 34311.43750  0.667    3 1
2025 12 09 12.0 13.50 34311.50000 34311.56250  1.333    5 1
2025 12 09 15.0 16.50 34311.62500 34311.68750  1.333    5 1
2025 12 09 18.0 19.50 34311.75000 34311.81250  1.333    5 1
2025 12 09 21.0 22.50 34311.87500 34311.93750  1.000    4 1
2025 12 10 00.0 01.50 34312.00000 34312.06250  2.000    7 1
2025 12 10 03.0 04.50 34312.12500 34312.18750  2.333    9 1
2025 12 10 06.0 07.50 34312.25000 34312.31250  3.333   18 1
2025 12 10 09.0 10.50 34312.37500 34312.43750  1.333    5 1
2025 12 10 12.0 13.50 34312.50000 34312.56250  2.000    7 1
2025 12 10 15.0 16.50 34312.62500 34312.68750  2.333    9 1
2025 12 10 18.0 19.50 34312.75000 34312.81250  3.000   15 1
2025 12 10 21.0 22.50 34312.87500 34312.93750  6.000   80 1
2025 12 11 00.0 01.50 34313.00000 34313.06250  6.000   80 1
2025 12 11 03.0 04.50 34313.12500 34313.18750  4.667   39 1
2025 12 11 06.0 07.50 34313.25000 34313.31250  2.333    9 1
2025 12 11 09.0 10.50 34313.37500 34313.43750  2.000    7 1
2025 12 11 12.0 13.50 34313.50000 34313.56250  2.000    7 1
2025 12 11 15.0 16.50 34313.62500 34313.68750  3.667   22 1
2025 12 11 18.0 19.50 34313.75000 34313.81250  4.667   39 1
2025 12 11 21.0 22.50 34313.87500 34313.93750  3.000   15 1
2025 12 12 00.0 01.50 34314.00000 34314.06250  4.000   27 1
2025 12 12 03.0 04.50 34314.12500 34314.18750  4.000   27 1
2025 12 12 06.0 07.50 34314.25000 34314.31250  3.000   15 1
2025 12 12 09.0 10.50 34314.37500 34314.43750  3.333   18 1
2025 12 12 12.0 13.50 34314.50000 34314.56250  3.000   15 1
2025 12 12 15.0 16.50 34314.62500 34314.68750  4.000   27 1
2025 12 12 18.0 19.50 34314.75000 34314.81250  5.000   48 1
2025 12 12 21.0 22.50 34314.87500 34314.93750  4.667   39 1
2025 12 13 00.0 01.50 34315.00000 34315.06250  4.667   39 1
2025 12 13 03.0 04.50 34315.12500 34315.18750  2.333    9 1
2025 12 13 06.0 07.50 34315.25000 34315.31250  2.000    7 1
2025 12 13 09.0 10.50 34315.37500 34315.43750  2.333    9 1
2025 12 13 12.0 13.50 34315.50000 34315.56250  2.333    9 1
2025 12 13 15.0 16.50 34315.62500 34315.68750  2.333    9 1
2025 12 13 18.0 19.50 34315.75000 34315.81250  3.333   18 1
2025 12 13 21.0 22.50 34315.87500 34315.93750  2.333    9 1
2025 12 14 00.0 01.50 34316.00000 34316.06250  2.667   12 1
2025 12 14 03.0 04.50 34316.12500 34316.18750  2.000    7 1
2025 12 14 06.0 07.50 34316.25000 34316.31250  1.000    4 1
2025 12 14 09.0 10.50 34316.37500 34316.43750  1.667    6 1
2025 12 14 12.0 13.50 34316.50000 34316.56250  1.000    4 1
2025 12 14 15.0 16.50 34316.62500 34316.68750  1.000    4 1
2025 12 14 18.0 19.50 34316.75000 34316.81250  1.333    5 1
2025 12 14 21.0 22.50 34316.87500 34316.93750  0.667    3 1
2025 12 15 00.0 01.50 34317.00000 34317.06250  0.667    3 1
2025 12 15 03.0 04.50 34317.12500 34317.18750  0.333    2 1
2025 12 15 06.0 07.50 34317.25000 34317.31250  1.000    4 1
2025 12 15 09.0 10.50 34317.37500 34317.43750  1.333    5 1
2025 12 15 12.0 13.50 34317.50000 34317.56250  3.000   15 1
2025 12 15 15.0 16.50 34317.62500 34317.68750  1.333    5 1
2025 12 15 18.0 19.50 34317.75000 34317.81250  0.333    2 1
2025 12 15 21.0 22.50 34317.87500 34317.93750  1.333    5 1
2025 12 16 00.0 01.50 34318.00000 34318.06250  3.000   15 1
2025 12 16 03.0 04.50 34318.12500 34318.18750  2.333    9 1
2025 12 16 06.0 07.50 34318.25000 34318.31250  1.667    6 1
2025 12 16 09.0 10.50 34318.37500 34318.43750  2.000    7 1
2025 12 16 12.0 13.50 34318.50000 34318.56250  2.333    9 1
2025 12 16 15.0 16.50 34318.62500 34318.68750  3.000   15 1
2025 12 16 18.0 19.50 34318.75000 34318.81250  2.333    9 1
2025 12 16 21.0 22.50 34318.87500 34318.93750  2.667   12 1
2025 12 17 00.0 01.50 34319.00000 34319.06250  2.333    9 1
2025 12 17 03.0 04.50 34319.12500 34319.18750  3.000   15 1
2025 12 17 06.0 07.50 34319.25000 34319.31250  2.667   12 1
2025 12 17 09.0 10.50 34319.37500 34319.43750  2.333    9 1
2025 12 17 12.0 13.50 34319.50000 34319.56250  2.667   12 1
2025 12 17 15.0 16.50 34319.62500 34319.68750  2.667   12 1
2025 12 17 18.0 19.50 34319.75000 34319.81250  4.000   27 1
2025 12 17 21.0 22.50 34319.87500 34319.93750  4.667   39 1
2025 12 18 00.0 01.50 34320.00000 34320.06250  4.333   32 1
2025 12 18 03.0 04.50 34320.12500 34320.18750  2.667   12 1
2025 12 18 06.0 07.50 34320.25000 34320.31250  3.667   22 1
2025 12 18 09.0 10.50 34320.37500 34320.43750  3.333   18 1
2025 12 18 12.0 13.50 34320.50000 34320.56250  2.000    7 1
2025 12 18 15.0 16.50 34320.62500 34320.68750  3.000   15 1
2025 12 18 18.0 19.50 34320.75000 34320.81250  3.000   15 1
2025 12 18 21.0 22.50 34320.87500 34320.93750  2.667   12 1
2025 12 19 00.0 01.50 34321.00000 34321.06250  2.333    9 1
2025 12 19 03.0 04.50 34321.12500 34321.18750  2.000    7 1
2025 12 19 06.0 07.50 34321.25000 34321.31250  1.333    5 1
2025 12 19 09.0 10.50 34321.37500 34321.43750  0.667    3 1
2025 12 19 12.0 13.50 34321.50000 34321.56250  1.000    4 1
2025 12 19 15.0 16.50 34321.62500 34321.68750  1.667    6 1
2025 12 19 18.0 19.50 34321.75000 34321.81250  2.000    7 1
2025 12 19 21.0 22.50 34321.87500 34321.93750  1.667    6 1
2025 12 20 00.0 01.50 34322.00000 34322.06250  2.000    7 1
2025 12 20 03.0 04.50 34322.12500 34322.18750  0.667    3 1
2025 12 20 06.0 07.50 34322.25000 34322.31250  1.333    5 1
2025 12 20 09.0 10.50 34322.37500 34322.43750  1.000    4 1
2025 12 20 12.0 13.50 34322.50000 34322.56250  1.667    6 1
2025 12 20 15.0 16.50 34322.62500 34322.68750  2.000    7 1
2025 12 20 18.0 19.50 34322.75000 34322.81250  1.667    6 1
2025 12 20 21.0 22.50 34322.87500 34322.93750  1.667    6 1
2025 12 21 00.0 01.50 34323.00000 34323.06250  3.333   18 1
2025 12 21 03.0 04.50 34323.12500 34323.18750  2.667   12 1
2025 12 21 06.0 07.50 34323.25000 34323.31250  3.000   15 1
2025 12 21 09.0 10.50 34323.37500 34323.43750  3.667   22 1
2025 12 21 12.0 13.50 34323.50000 34323.56250  4.667   39 1
2025 12 21 15.0 16.50 34323.62500 34323.68750  4.667   39 1
2025 12 21 18.0 19.50 34323.75000 34323.81250  3.333   18 1
2025 12 21 21.0 22.50 34323.87500 34323.93750  4.667   39 1
2025 12 22 00.0 01.50 34324.00000 34324.06250  3.333   18 1
2025 12 22 03.0 04.50 34324.12500 34324.18750  3.333   18 1
2025 12 22 06.0 07.50 34324.25000 34324.31250  3.333   18 1
2025 12 22 09.0 10.50 34324.37500 34324.43750  3.000   15 1
2025 12 22 12.0 13.50 34324.50000 34324.56250  4.667   39 1
2025 12 22 15.0 16.50 34324.62500 34324.68750  3.667   22 1
2025 12 22 18.0 19.50 34324.75000 34324.81250  3.667   22 1
2025 12 22 21.0 22.50 34324.87500 34324.93750  4.333   32 1
2025 12 23 00.0 01.50 34325.00000 34325.06250  3.000   15 1
2025 12 23 03.0 04.50 34325.12500 34325.18750  3.667   22 1
2025 12 23 06.0 07.50 34325.25000 34325.31250  3.333   18 1
2025 12 23 09.0 10.50 34325.37500 34325.43750  3.333   18 1
2025 12 23 12.0 13.50 34325.50000 34325.56250  3.333   18 1
2025 12 23 15.0 16.50 34325.62500 34325.68750  3.333   18 1
2025 12 23 18.0 19.50 34325.75000 34325.81250  4.000   27 1
2025 12 23 21.0 22.50 34325.87500 34325.93750  4.000   27 1
2025 12 24 00.0 01.50 34326.00000 34326.06250  4.000   27 1
2025 12 24 03.0 04.50 34326.12500 34326.18750  4.333   32 1
2025 12 24 06.0 07.50 34326.25000 34326.31250  3.667   22 1
2025 12 24 09.0 10.50 34326.37500 34326.43750  2.667   12 1
2025 12 24 12.0 13.50 34326.50000 34326.56250  3.333   18 1
2025 12 24 15.0 16.50 34326.62500 34326.68750  3.333   18 1
2025 12 24 18.0 19.50 34326.75000 34326.81250  3.000   15 1
2025 12 24 21.0 22.50 34326.87500 34326.93750  2.667   12 1
2025 12 25 00.0 01.50 34327.00000 34327.06250  3.000   15 1
2025 12 25 03.0 04.50 34327.12500 34327.18750  3.000   15 1
2025 12 25 06.0 07.50 34327.25000 34327.31250  3.000   15 1
2025 12 25 09.0 10.50 34327.37500 34327.43750  2.000    7 1
2025 12 25 12.0 13.50 34327.50000 34327.56250  2.333    9 1
2025 12 25 15.0 16.50 34327.62500 34327.68750  2.333    9 1
2025 12 25 18.0 19.50 34327.75000 34327.81250  1.333    5 1
2025 12 25 21.0 22.50 34327.87500 34327.93750  1.667    6 1
2025 12 26 00.0 01.50 34328.00000 34328.06250  1.333    5 1
2025 12 26 03.0 04.50 34328.12500 34328.18750  2.333    9 1
2025 12 26 06.0 07.50 34328.25000 34328.31250  2.000    7 1
2025 12 26 09.0 10.50 34328.37500 34328.43750  2.000    7 1
2025 12 26 12.0 13.50 34328.50000 34328.56250  2.333    9 1
2025 12 26 15.0 16.50 34328.62500 34328.68750  3.333   18 1
2025 12 26 18.0 19.50 34328.75000 34328.81250  0.667    3 1
2025 12 26 21.0 22.50 34328.87500 34328.93750  1.000    4 1
2025 12 27 00.0 01.50 34329.00000 34329.06250  1.000    4 1
2025 12 27 03.0 04.50 34329.12500 34329.18750  2.667   12 1
2025 12 27 06.0 07.50 34329.25000 34329.31250  1.667    6 1
2025 12 27 09.0 10.50 34329.37500 34329.43750  1.667    6 1
2025 12 27 12.0 13.50 34329.50000 34329.56250  1.000    4 1
2025 12 27 15.0 16.50 34329.62500 34329.68750  1.000    4 1
2025 12 27 18.0 19.50 34329.75000 34329.81250  2.333    9 1
2025 12 27 21.0 22.50 34329.87500 34329.93750  1.667    6 1
2025 12 28 00.0 01.50 34330.00000 34330.06250  2.000    7 1
2025 12 28 03.0 04.50 34330.12500 34330.18750  0.667    3 1
2025 12 28 06.0 07.50 34330.25000 34330.31250  0.667    3 1
2025 12 28 09.0 10.50 34330.37500 34330.43750  2.000    7 1
2025 12 28 12.0 13.50 34330.50000 34330.56250  2.000    7 1
2025 12 28 15.0 16.50 34330.62500 34330.68750  2.667   12 1
2025 12 28 18.0 19.50 34330.75000 34330.81250  2.333    9 1
2025 12 28 21.0 22.50 34330.87500 34330.93750  2.000    7 1
2025 12 29 00.0 01.50 34331.00000 34331.06250  3.000   15 1
2025 12 29 03.0 04.50 34331.12500 34331.18750  2.667   12 1
2025 12 29 06.0 07.50 34331.25000 34331.31250  2.333    9 1
2025 12 29 09.0 10.50 34331.37500 34331.43750  2.333    9 1
2025 12 29 12.0 13.50 34331.50000 34331.56250  2.000    7 1
2025 12 29 15.0 16.50 34331.62500 34331.68750  1.000    4 1
2025 12 29 18.0 19.50 34331.75000 34331.81250  0.333    2 1
2025 12 29 21.0 22.50 34331.87500 34331.93750  2.000    7 1
2025 12 30 00.0 01.50 34332.00000 34332.06250  1.333    5 1
2025 12 30 03.0 04.50 34332.12500 34332.18750  1.667    6 1
2025 12 30 06.0 07.50 34332.25000 34332.31250  1.667    6 1
2025 12 30 09.0 10.50 34332.37500 34332.43750  1.333    5 1
2025 12 30 12.0 13.50 34332.50000 34332.56250  3.000   15 1
2025 12 30 15.0 16.50 34332.62500 34332.68750  2.667   12 1
2025 12 30 18.0 19.50 34332.75000 34332.81250  2.000    7 1
2025 12 30 21.0 22.50 34332.87500 34332.93750  1.000    4 1
2025 12 31 00.0 01.50 34333.00000 34333.06250  2.000    7 1
2025 12 31 03.0 04.50 34333.12500 34333.18750  1.333    5 1
2025 12 31 06.0 07.50 34333.25000 34333.31250  2.000    7 1
2025 12 31 09.0 10.50 34333.37500 34333.43750  1.667    6 1
2025 12 31 12.0 13.50 34333.50000 34333.56250  3.333   18 1
2025 12 31 15.0 16.50 34333.62500 34333.68750  1.333    5 1
2025 12 31 18.0 19.50 34333.75000 34333.81250  1.000    4 1
2025 12 31 21.0 22.50 34333.87500 34333.93750  1.000    4 1
