airport,le_ident,he_ident,lat,lon,true_bearing_deg,declination_2026_deg,residual_2026_deg,residual_1976_deg,went_wrong_year
00CA,04,22,35.3548,-116.8855,48.167,11.281,-3.114,-6.611,
00WI,09,27,44.3043,-89.0501,85.761,-3.343,-0.897,-5.378,
01A,5,23,62.94076,-152.26961,70.317,13.114,7.203,-4.922,2019.23
01J,18,36,30.6863,-81.9057,172.488,-6.876,-0.636,-5.992,
01LS,09,27,30.7226,-91.07735,92.328,-0.956,3.284,-2.269,
01MT,13,31,48.78915,-114.8805,148.142,13.169,4.973,-1.889,
01WI,01,19,44.0087,-90.38985,8.637,-2.272,0.908,-3.873,
02FD,1,19,30.95235,-86.63545,5.691,-3.873,-0.436,-6.089,
04CA,8,26,34.56665,-117.67025,89.721,11.319,-1.598,-4.926,
04CL,08,26,33.0816,-116.44024,96.703,10.764,5.938,2.771,2014.87
04I,06,24,39.91115,-83.18875,57.974,-7.089,5.062,1.101,2022.83
04MS,17,35,32.93955,-90.8373,180.0,-1.232,11.232,5.715,1970.63
04NV,02,20,35.7555,-115.665,33.443,11.043,2.4,-1.23,
04TT,18,36,29.71312,-99.54563,181.811,4.047,-2.237,-6.848,
04V,10,28,38.0991,-106.1745,118.814,7.918,10.896,6.235,1953.33
04W,06,24,46.02285,-92.89515,65.816,-0.474,6.29,1.232,2005.88
05CL,10,28,38.61085,-122.3915,117.517,13.021,4.496,0.55,
05LS,02,20,31.25,-92.4769,22.531,-0.085,2.617,-2.835,
05PS,06,24,40.1436,-77.86275,41.336,-10.433,-8.231,-10.495,
05V,03,21,37.41115,-105.553,41.324,7.551,3.772,-0.85,
05Y,17,35,46.304,-95.4423,180.0,1.513,8.487,3.038,1989.72
06FA,09,27,26.90815,-80.32845,89.7,-7.422,7.123,1.438,2001.94
06MO,15,33,39.23155,-94.8043,156.482,1.243,5.24,-0.114,2023.11
06N,08,26,41.43195,-74.39155,62.919,-12.415,-4.665,-5.114,
06TT,13,31,30.86,-100.202,132.254,4.421,-2.168,-6.766,
06WN,09,27,46.92495,-122.553,111.507,14.789,6.718,0.505,2011.86
06Y,14,32,45.8297,-96.1605,148.253,2.082,6.171,0.646,2009.91
07B,16,34,44.448,-68.5697,149.695,-15.129,4.824,8.199,
07FA,04,22,25.3254,-80.2748,40.385,-7.28,7.664,1.787,1998.26
07IA,18,36,40.64789,-95.02135,176.8,1.368,-4.568,-9.933,
07K,15,33,41.11155,-98.05135,163.092,3.456,9.636,4.243,1981.18
07MT,10,28,48.42105,-106.528,120.054,9.222,10.832,4.224,1980.68
07TE,13,31,27.7211,-97.51195,133.574,2.958,0.616,-4.166,
07Y,16,34,46.9558,-93.59745,161.1,0.016,1.084,-4.058,
08B,14,32,44.0,-69.88715,129.593,-14.651,4.243,6.844,
08MS,07,25,34.66225,-89.86835,70.078,-1.983,2.061,-3.401,
08R,11,29,41.4895,-71.62065,97.84,-13.575,1.415,2.166,
08UT,10,28,38.33502,-109.13518,127.356,9.254,18.102,13.626,
09CL,01,19,39.11375,-121.0565,27.432,12.894,4.538,0.462,
09FA,18,36,27.24555,-81.4131,180.0,-6.809,6.809,1.062,2005.89
09S,16,34,48.8409,-117.284,180.0,13.966,6.034,-0.858,2016.75
09TS,09,27,29.4824,-103.1645,89.997,5.787,-5.79,-9.898,
0AZ2,12,30,33.77805,-113.642,128.972,10.146,-1.174,-4.634,
0AZ2,17,35,33.77805,-113.6415,185.022,10.146,4.876,1.416,
0B2,01,19,44.76385,-68.7678,347.987,-15.145,-6.868,-3.426,2009.4
0C1,02,20,39.4878,-94.7805,18.014,1.221,-3.208,-8.563,
0C2,09,27,41.7709,-88.70355,89.997,-3.346,3.343,-1.418,
0C5,18,36,43.5764,-85.2806,180.0,-6.11,6.11,2.428,1997.99
0C7,18,36,41.52185,-89.13265,178.042,-3.002,1.044,-3.812,
0C8,18,36,41.5195,-88.6051,180.0,-3.395,3.395,-1.381,
0CA3,10,28,34.58894,-120.0156,116.936,11.806,5.13,1.9,2024.97
0CA6,04,22,32.74943,-116.01622,59.948,10.604,9.344,6.198,1942.47
0CA9,16,34,35.59485,-120.3385,174.873,12.063,2.81,-0.585,
0CO2,11,29,38.8516,-106.932,120.822,8.355,2.467,-2.242,
0D7,09,27,40.7906,-83.82905,89.998,-6.765,6.762,2.835,1993.26
0G0,10,28,43.1032,-78.70335,91.472,-10.444,1.917,0.345,
0H7,10,28,40.4217,-91.70665,99.359,-1.015,0.374,-4.851,
0I2,09,27,39.47675,-87.0997,90.702,-4.301,5.003,0.187,2026.54
0ID2,11,29,44.44285,-113.773,109.523,11.981,-12.458,-17.978,
0IL7,18,36,39.78292,-88.54671,179.757,-3.282,3.039,-1.935,
0J0,17,35,31.60015,-85.23815,171.999,-4.846,6.845,1.299,2004.97
0KY1,10,28,36.76555,-86.6183,97.225,-4.387,1.613,-3.488,
0MI8,17,35,44.89256,-84.3005,168.841,-7.032,5.873,2.832,1995.22
0MI8,4,22,44.8941,-84.29795,35.834,-7.034,2.868,-0.172,
0MS0,04,22,32.475,-88.61665,39.887,-2.683,2.569,-3.004,
0N0,18,36,39.2898,-94.44245,186.411,0.99,5.421,0.067,2020.48
0N4,04,22,39.2023,-75.48545,27.256,-11.536,-1.208,-2.9,
0N6,15,33,39.01285,-75.53395,143.26,-11.484,4.744,2.971,
0NE6,17,35,40.43335,-98.0706,175.676,3.457,2.219,-3.136,
0O4,16,34,39.9436,-122.171,180.0,13.258,6.742,2.496,2008.55
0O9,06,24,41.8456,-123.9845,81.712,13.928,7.784,3.08,2001.25
0OH8,03,21,40.18835,-84.25605,24.716,-6.392,1.108,-3.049,
0OK3,16,34,35.61945,-98.5225,170.244,3.633,6.611,1.545,2009.83
0P1,16,34,39.8317,-99.56845,166.942,4.406,2.536,-2.732,
0Q3,07,25,38.2233,-122.448,89.997,12.951,7.046,3.183,2004.89
0Q3,17,35,38.225,-122.453,180.0,12.952,-2.952,-6.815,
0Q9,08,26,38.2574,-122.434,98.997,12.956,6.041,2.172,2014.1
0R2,18,36,38.40235,-93.3323,182.208,0.238,1.969,-3.385,
0R7,17,35,31.9903,-93.3079,180.0,0.416,9.584,4.195,1982.31
0S5,15,33,46.23855,-116.2385,173.91,13.132,10.778,4.778,1977.78
0TA7,05,23,30.1446,-103.8995,57.496,6.157,1.34,-2.726,
0TA7,12,30,30.15265,-103.8995,128.231,6.157,2.074,-1.993,
0TA7,15,33,30.15475,-103.896,158.283,6.156,2.127,-1.94,
0TE4,16,34,31.081,-96.21525,164.93,2.214,2.716,-2.377,
0TE5,17,35,27.4338,-99.1859,170.014,3.823,-3.809,-8.334,
0TE7,17,35,30.2518,-98.62255,175.091,3.57,1.522,-3.242,
0TX1,18,36,32.354,-97.6764,185.052,3.071,1.98,-3.003,
0U1,02,20,44.1422,-115.3145,40.045,12.446,7.599,2.19,2004.29
0U2,12,30,43.80195,-113.8315,141.165,11.89,9.275,3.921,1987.37
0U3,03,21,44.7446,-114.9215,54.217,12.429,11.788,6.209,1953.11
0U7,05,23,43.32375,-113.5905,73.876,11.722,12.154,6.913,1934.69
0U8,09,27,44.61035,-113.895,105.215,12.054,3.161,-2.401,
0WI4,08,26,43.82945,-89.3525,82.88,-3.057,5.938,1.328,2007.38
0XA4,15,33,27.99695,-98.8822,155.556,3.675,1.881,-2.721,
0XA5,13,31,28.6849,-98.38275,135.312,3.422,1.89,-2.821,
0XS7,13,31,29.19185,-100.275,139.882,4.404,5.478,0.998,2021.02
0Y4,17,35,43.1642,-95.47,178.776,1.637,7.139,1.73,2002.68
0Y6,18,36,43.41365,-93.51175,179.555,0.169,-0.614,-5.865,
10AZ,08,26,33.3664,-112.6185,89.997,9.777,0.22,-3.263,
10D,09,27,44.9538,-94.0654,89.996,0.512,-0.517,-5.792,
11IA,18,36,42.34995,-92.51339,180.0,-0.526,0.526,-4.669,
11II,18,36,39.3417,-86.03055,177.214,-5.05,2.264,-2.401,
11S,08,26,48.26615,-124.314,100.593,15.355,5.238,-1.468,2024.63
12A,18,36,35.1784,-92.3354,183.219,-0.333,3.551,-1.869,
12NC,01,19,34.8738,-76.34915,0.488,-10.524,1.012,-2.277,
12NC,05,23,34.87535,-76.3516,46.434,-10.523,6.957,3.668,1986.93
12NC,10,28,34.87845,-76.34925,90.619,-10.524,1.144,-2.143,
12TT,2,20,33.59375,-97.10112,21.589,2.745,-1.156,-6.252,
12WV,18,36,38.34403,-82.11213,169.182,-7.602,-3.215,-7.257,
12WV,6,24,38.34352,-82.11044,48.97,-7.603,-3.427,-7.468,
13ME,09,27,45.7764,-69.8093,75.962,-15.075,1.037,4.534,
13NC,01,19,35.02835,-77.24925,0.429,-10.071,0.5,-3.021,
13NC,05,23,35.0305,-77.2586,44.402,-10.067,4.469,0.945,
13Y,09,27,48.4083,-93.5794,89.995,-0.118,0.113,-4.96,
14AZ,06,24,31.90835,-111.1225,70.627,9.092,1.535,-1.894,
14MS,03,21,32.3453,-89.0342,30.168,-2.395,2.563,-3.015,
14MS,08,26,32.34525,-89.03415,79.763,-2.395,2.158,-3.42,
14NC,05,23,34.50725,-77.55515,52.577,-9.844,12.421,8.681,1902.66
14OI,07,25,40.91925,-82.11405,61.147,-7.944,-0.908,-4.339,
14S,12,30,46.89695,-124.101,138.824,15.025,3.798,-2.414,
14TS,16,34,27.4217,-98.6045,159.91,3.529,-3.618,-8.227,
14WS,15,33,45.778,-91.5585,140.165,-1.518,-8.317,-13.141,
15AR,14,32,34.8259,-90.5433,144.751,-1.532,6.284,0.828,2011.19
15FL,09,27,30.15,-82.6633,89.998,-6.349,6.347,0.838,2009.24
15FL,18,36,30.15375,-82.6664,180.0,-6.347,6.347,0.838,2009.23
15G,03,21,41.0284,-81.7985,23.239,-8.168,1.407,-1.901,
15MN,05,23,45.2622,-94.51065,50.265,0.84,-0.575,-5.901,
16A,18,36,60.906,-162.4405,192.891,8.822,4.07,-5.58,
16S,03,21,42.9973,-123.3155,48.173,14.074,4.099,-0.911,
16X,17,35,33.0807,-97.3589,170.433,2.894,-2.461,-7.51,
17FL,09,27,29.2906,-82.1305,89.997,-6.589,6.586,1.022,2007.03
17FL,18,36,29.28025,-82.1248,180.0,-6.592,6.592,1.027,2006.98
17TX,17,35,32.44875,-98.255,175.534,3.405,2.129,-2.796,
17XS,01,19,32.17775,-98.43505,20.313,3.501,6.812,1.921,2008.55
18AZ,06,24,33.81805,-111.898,71.764,9.62,2.144,-1.46,
18K,03,21,37.3843,-100.186,30.612,4.682,-4.07,-9.12,
18TA,16,34,30.1363,-99.74365,159.843,4.161,-4.318,-8.93,
18TE,08,26,32.5852,-95.06395,90.825,1.504,9.321,4.069,1983.84
18Y,16,34,45.7722,-93.6326,161.66,0.127,1.533,-3.659,
19AR,09,27,35.1567,-92.22425,92.425,-0.407,2.832,-2.591,
19AZ,17,35,34.605,-111.8655,174.635,9.728,-5.093,-8.808,
19MT,6,24,46.83807,-108.93683,70.343,10.313,0.03,-6.19,
1A2,17,35,47.11225,-97.2084,180.0,2.848,7.152,1.447,2002.56
1AZ0,09,27,33.10015,-112.2665,101.191,9.628,1.563,-1.913,
1C8,18,36,42.292,-89.1361,180.0,-3.07,3.07,-1.696,
1CD2,08,26,40.1672,-104.7925,80.572,7.438,-6.866,-11.899,
1CO5,08,26,38.0154,-103.7025,94.45,6.679,7.771,2.929,2000.59
1CO5,18,36,38.015,-103.699,193.476,6.677,6.8,1.958,2008.5
1D2,18,36,42.34785,-83.4563,177.326,-7.239,4.565,1.108,
1D4,09,27,40.99255,-81.4316,90.89,-8.402,9.292,6.086,1964.42
1D6,12,30,44.7309,-94.7113,125.788,1.018,4.77,-0.584,
1G8,16,34,40.4699,-80.6251,159.768,-8.84,8.608,5.509,1970.91
1H4,17,35,42.4197,-74.0069,180.0,-12.767,22.767,22.876,
1H9,01,19,45.83555,-91.8027,11.406,-1.328,2.734,-2.133,
1K1,17,35,37.77515,-97.11325,176.073,2.795,3.277,-1.984,
1K6,17,35,38.3728,-98.59865,179.361,3.752,5.609,0.392,2019.08
1LS0,17,35,30.224,-90.88205,174.047,-1.053,5.1,-0.473,2025.31
1M8,09,27,41.83905,-71.02645,73.715,-13.851,-2.434,-1.282,
1MS8,13,31,32.9402,-88.5792,133.007,-2.741,5.748,0.201,2016.88
1MY1,09,27,45.9853,-96.19445,93.691,2.103,1.587,-3.946,
1N5,08,26,38.4142,-75.61945,63.386,-11.354,-5.26,-7.262,
1N5,17,35,38.4116,-75.61495,154.637,-11.356,-4.007,-6.007,
1O6,14,32,41.26305,-122.272,156.335,13.546,2.789,-1.772,
1Q1,13,31,36.1624,-119.0505,153.13,11.92,11.21,7.669,
1Q5,01,19,39.4507,-122.9545,29.487,13.281,6.206,2.08,2012.94
1S2,10,28,48.2586,-121.61,109.771,14.905,-5.134,-11.822,
1S6,01,19,48.1907,-116.9095,35.358,13.722,11.636,4.984,1976.12
1S7,11,29,45.6718,-116.3055,135.554,13.043,12.511,6.685,1943.82
1TE1,13,31,28.25025,-99.817,136.056,4.152,1.904,-2.58,
1TS9,17,35,33.36864,-96.75469,180.638,2.535,8.103,2.983,1997.0
1U0,06,24,42.97535,-113.351,70.35,11.578,-1.229,-6.393,
1U1,01,19,46.12635,-114.9215,33.382,12.683,10.699,4.721,1978.17
1U3,12,30,43.21595,-116.5485,133.715,12.647,1.068,-4.073,
1U4,14,32,44.978,-116.284,154.648,12.904,1.744,-3.879,
1U6,16,34,42.2339,-113.878,180.0,11.634,8.366,3.391,1996.98
1VA1,08,26,36.73615,-80.4454,71.744,-8.451,0.195,-3.793,
1VA8,13,31,36.86195,-78.4094,126.618,-9.664,6.282,2.888,1993.71
1W1,07,25,45.62785,-122.4045,90.732,14.485,6.248,0.463,2014.39
1W3,09,27,39.60595,-78.76045,85.074,-9.84,4.915,2.173,
1W3,16,34,39.6045,-78.7613,150.862,-9.84,0.702,-2.04,
1WI8,18,36,44.63585,-87.4402,176.575,-4.629,1.204,-2.838,
1WN3,03,21,45.21185,-92.536,31.409,-0.696,2.105,-2.939,
1WN3,12,30,45.21185,-92.536,124.426,-0.696,5.122,0.078,2023.4
1XS8,16,34,29.6341,-100.3745,159.375,4.468,-5.093,-9.588,
1Y5,17,35,43.0882,-92.34375,168.803,-0.698,-0.499,-5.638,
1Y9,17,35,42.98815,-95.664,180.0,1.783,8.217,2.8,1993.85
1Z1,16,34,36.2565,-113.2305,176.324,10.425,5.9,2.037,2016.08
20AR,08,26,35.3079,-92.3202,73.586,-0.348,-6.066,-11.484,
20GA,10,28,33.7566,-84.88525,96.33,-5.281,1.611,-3.672,
21AZ,12,30,34.35235,-109.97,132.113,9.039,3.074,-0.768,
21MU,18,36,36.56515,-93.5097,187.151,0.415,6.736,1.362,2007.56
22XS,15,33,31.37375,-97.6667,153.762,3.055,0.707,-4.232,
23D,17,35,48.57915,-96.542,170.446,2.281,-1.834,-7.521,
23ND,08,26,47.08225,-101.267,80.133,5.797,-5.664,-11.735,
23XS,15,33,31.36075,-97.67285,151.907,3.058,-1.151,-6.088,
24AR,18,36,34.19805,-90.9528,185.51,-1.221,6.731,1.255,2007.58
24C,06,24,42.95462,-85.34654,69.098,-5.975,15.073,11.232,
24C,12,30,42.95465,-85.3448,114.673,-5.976,0.648,-3.192,
24C,15,33,42.9528,-85.3426,153.42,-5.977,9.397,5.556,1971.2
24CL,14,32,36.08875,-119.5425,157.349,12.006,5.343,1.833,2022.33
24IA,08,26,42.5158,-92.5198,89.997,-0.531,10.527,5.34,1973.62
24K,17,35,44.97425,-115.7295,189.889,12.732,7.156,1.526,2007.71
25IA,15,33,43.3951,-92.96371,150.379,-0.246,0.624,-4.57,
25NC,18,36,35.63335,-79.71,172.32,-8.758,1.078,-2.973,
25TA,09,27,29.8366,-94.9674,89.997,1.494,-1.497,-6.691,
25TS,17,35,36.09155,-102.416,180.0,5.856,4.144,-0.612,
26AR,10,28,35.2155,-91.80785,105.433,-0.691,6.124,0.693,2013.05
26N,06,24,39.2635,-74.60745,46.898,-11.964,-1.139,-2.47,
26W,18,36,42.2079,-84.2335,181.408,-6.673,8.081,4.369,1980.47
27AZ,17,35,33.91945,-113.1675,184.537,10.029,4.507,0.991,
27C,09,27,43.6299,-85.26155,89.997,-6.132,6.129,2.465,1997.64
27IA,09,27,40.7513,-92.03085,89.998,-0.795,0.793,-4.437,
27MS,15,33,32.75824,-89.40872,146.461,-2.173,-1.366,-6.921,
27W,09,27,47.8194,-120.72,108.09,14.628,3.462,-3.061,
28M,18,36,42.02515,-70.8381,164.057,-13.95,-1.993,-0.681,
28TA,14,32,27.8336,-98.71695,139.842,3.589,-3.747,-8.364,
29AZ,03,21,32.90555,-112.9005,46.237,9.79,6.447,3.049,2010.26
29AZ,18,36,32.90655,-112.895,191.805,9.789,2.017,-1.382,
29IA,17,35,40.75627,-95.62341,173.158,1.79,1.368,-4.008,
29N,10,28,39.524,-75.04635,96.044,-11.797,7.841,6.428,1927.78
29TX,15,33,34.09455,-99.36565,150.104,4.079,-3.975,-8.875,
2B1,05,23,41.68495,-70.4007,33.523,-14.037,-2.441,-1.084,
2B1,09,27,41.6853,-70.40325,72.952,-14.036,-3.012,-1.657,
2B1,17,35,41.6856,-70.40245,153.724,-14.036,-2.239,-0.884,
2B2,10,28,42.79535,-70.83945,87.031,-14.095,1.125,2.768,
2C4,09,27,43.81675,-92.33685,90.691,-0.751,1.442,-3.656,
2C5,09,27,42.2525,-85.8503,89.996,-5.514,5.51,1.396,2010.02
2C6,02,20,40.77395,-90.0744,18.418,-2.24,0.658,-4.395,
2CL9,07,25,38.3343,-121.304,85.841,12.782,3.058,-0.846,
2D1,09,27,40.9817,-81.0436,89.998,-8.65,8.648,5.56,1970.37
2D1,18,36,40.9689,-81.09865,179.551,-8.613,8.165,5.056,1975.57
2D7,10,28,40.64665,-81.5561,91.984,-8.271,0.255,-3.081,
2E2,18,36,42.9516,-82.7759,177.745,-7.801,5.546,2.459,1999.87
2E8,06,24,42.4251,-83.86855,48.989,-6.961,-4.05,-7.608,
2F6,17,35,36.3551,-96.01095,180.575,2.077,8.498,3.226,1992.17
2G8,12,30,44.39465,-71.198,90.773,-14.296,-14.93,-12.717,
2IL3,18,36,41.5158,-90.37935,179.288,-2.07,1.358,-3.665,
2IL9,04,22,41.4328,-87.7817,39.169,-3.998,3.167,-1.484,
2J0,18,36,29.98945,-84.3954,180.0,-5.236,5.236,-0.42,2023.31
2J9,14,32,30.5976,-84.5571,135.075,-5.192,0.266,-5.339,
2K1,15,33,36.66405,-97.8096,157.403,3.221,4.182,-0.991,
2K1,17,35,36.6622,-97.8087,180.0,3.22,6.78,1.607,2008.23
2K2,17,35,37.05945,-93.2343,178.68,0.213,8.467,3.094,1991.65
2K8,17,35,37.2754,-97.7588,180.0,3.2,6.8,1.595,2007.95
2KY5,16,34,38.375,-83.1547,156.036,-6.921,2.957,-1.32,
2L1,12,30,47.90665,-97.64105,135.239,3.163,12.076,6.259,1960.82
2M1,03,21,39.01965,-94.0865,30.085,0.748,-0.662,-6.015,
2NC0,14,32,35.86894,-82.34244,136.562,-7.161,3.723,-0.868,
2OR1,04,22,44.8285,-120.495,57.274,13.949,3.325,-2.215,
2P7,01,19,40.05685,-80.9632,5.697,-8.567,4.264,0.949,
2Q5,06,24,39.20155,-119.6835,59.39,12.643,-13.253,-17.376,
2S0,10,28,48.35055,-120.094,117.682,14.603,3.079,-3.638,
2S1,17,35,47.4586,-122.4765,187.153,14.892,2.261,-4.139,
2S5,07,25,47.656,-120.0565,89.995,14.447,5.548,-0.915,2021.4
2S6,17,35,45.29485,-122.954,190.655,14.505,6.149,0.468,2014.98
2SC5,08,26,34.2917,-82.05375,80.517,-7.169,7.686,2.868,1991.58
2SD9,18,36,45.4522,-99.0101,180.0,4.18,-4.18,-9.915,
2TA6,01,19,31.86265,-96.19745,14.904,2.2,2.703,-2.418,
2TA8,13,31,26.8593,-98.22205,132.284,3.332,-1.048,-5.682,
2TS6,17,35,32.51265,-96.92665,174.987,2.634,2.354,-2.716,
2TS8,15,33,29.22055,-97.87165,155.317,3.152,2.165,-2.643,
2TX3,18,36,29.2169,-100.617,180.0,4.575,-4.575,-9.009,
2TX4,17,35,27.9836,-99.3767,169.926,3.926,-4.001,-8.531,
2U0,05,23,43.49835,-115.547,72.087,12.401,9.686,4.451,1981.22
2U4,16,34,43.1895,-112.532,180.0,11.315,8.685,3.445,1995.26
2U5,18,36,45.9895,-114.8415,201.95,12.631,9.319,3.382,1992.68
2U7,17,35,44.20855,-114.9345,190.625,12.336,8.289,2.855,1999.51
2VA9,03,21,38.7579,-77.7872,19.501,-10.269,-0.23,-2.895,
2W1,08,26,47.1776,-120.853,98.348,14.519,3.829,-2.467,
2W2,14,32,39.46705,-77.0174,124.7,-10.791,-4.509,-6.684,
2WN3,09,27,44.35785,-88.7614,87.491,-3.573,1.063,-3.346,
2WN3,18,36,44.35785,-88.7614,183.016,-3.573,6.589,2.18,1998.75
2WN5,11,29,44.00635,-90.01925,104.485,-2.559,-2.956,-7.67,
2XA0,17,35,33.979,-99.7128,180.0,4.271,5.729,0.872,2018.3
2XS1,18,36,30.21975,-98.3026,185.54,3.396,2.145,-2.658,
2XS2,15,33,28.2628,-100.162,157.123,4.323,2.8,-1.635,
2XS3,16,34,32.01695,-95.70045,160.164,1.9,-1.737,-6.914,
2XS5,17,35,30.0104,-98.42525,169.515,3.459,-3.944,-8.721,
2XS8,15,33,29.22945,-99.82395,156.59,4.178,2.411,-2.133,
30M,01,19,34.6591,-90.37625,7.606,-1.637,-0.757,-6.221,
30NE,17,35,40.35575,-98.68582,180.234,3.858,6.376,1.041,2011.13
31VA,02,20,37.0202,-76.5889,12.592,-10.672,3.264,0.493,
31WI,06,24,43.00725,-88.60205,60.502,-3.546,4.048,-0.529,
33C,09,27,43.0818,-86.0964,89.996,-5.44,5.436,1.428,2010.32
33VT,2,20,44.11833,-72.56583,19.792,-13.718,13.51,14.989,
34G,18,36,41.96895,-83.92345,180.428,-6.858,7.286,3.604,1986.49
34IL,16,34,40.36219,-90.11004,163.365,-2.183,5.548,0.456,2016.53
34U,18,36,44.8397,-85.4315,180.0,-6.186,6.186,2.765,1994.92
35C,18,36,43.12835,-85.5053,180.0,-5.882,5.882,2.037,2002.25
35XA,12,30,30.83406,-94.94168,118.958,1.458,-2.5,-7.722,
36CA,16,34,36.1318,-119.9855,174.962,12.101,2.861,-0.643,
36MI,13,31,42.03325,-83.87715,124.851,-6.899,1.751,-1.904,
36MI,7,25,42.0345,-83.87955,63.334,-6.898,0.232,-3.423,
36WI,18,36,44.03225,-91.2997,180.0,-1.568,1.568,-3.364,
37M,18,36,36.0409,-90.15075,180.641,-1.872,2.513,-2.88,
37N,11,29,47.4827,-101.4085,121.665,5.91,5.755,-0.389,2016.28
38C,18,36,43.6078,-85.4925,180.0,-5.958,5.958,2.224,2000.07
38I,09,27,40.09115,-83.6894,84.474,-6.771,1.245,-2.8,
38N,10,28,39.30365,-75.5838,87.614,-11.503,-0.884,-2.579,
38W,07,25,48.9559,-122.458,91.756,15.216,6.54,-0.418,2013.67
38XS,14,32,26.8152,-98.47925,145.803,3.463,2.34,-2.253,
39G,09,27,43.03005,-82.66935,88.98,-7.887,6.866,3.836,1985.04
39MD,9,27,38.27499,-76.72404,86.457,-10.773,7.23,4.786,1977.92
39P,07,25,46.5504,-122.2665,89.997,14.658,5.339,-0.746,2023.42
39TE,08,26,32.7108,-102.735,89.998,5.791,4.206,-0.22,
39TE,17,35,32.7179,-102.738,180.0,5.793,4.207,-0.22,
3A9,04,22,44.39375,-97.122,44.319,2.823,1.496,-4.052,
3A9,14,32,44.3934,-97.12335,148.862,2.824,6.039,0.491,2012.51
3AZ5,07,25,35.5722,-113.2925,70.236,10.333,-10.097,-13.847,
3B3,16,34,42.4259,-71.79285,139.039,-13.681,-7.28,-6.212,
3D1,09,27,45.2144,-88.07375,89.996,-4.214,4.21,0.113,
3D2,14,32,45.13535,-87.1859,136.105,-4.893,0.998,-2.874,
3DA,09,27,43.0569,-83.80635,89.998,-7.098,7.096,3.716,1985.71
3DA,18,36,43.04965,-83.80395,180.604,-7.098,7.702,4.322,1980.98
3EV,18,36,38.01195,-87.59485,182.21,-3.813,6.023,0.961,2010.18
3EX,01,19,39.33775,-94.1972,26.875,0.817,16.058,10.707,
3FA7,18,36,29.04266,-81.05695,180.0,-7.218,7.218,1.737,1999.57
3FK,03,21,39.42635,-86.059,29.726,-5.039,4.765,0.108,
3G8,09,27,41.4398,-90.11005,91.621,-2.265,3.886,-1.111,
3GE3,07,25,34.41195,-83.18415,71.075,-6.461,7.536,2.554,1993.91
3J6,18,36,30.79635,-82.02815,180.711,-6.812,7.522,2.167,1996.29
3KK,09,27,41.0966,-87.9119,89.997,-3.868,3.865,-0.856,
3KK,18,36,41.09455,-87.9098,180.0,-3.87,3.87,-0.851,
3KS2,18,36,37.06047,-96.99871,178.63,2.715,-4.084,-9.324,
3KS9,17,35,37.72711,-101.19541,178.868,5.284,3.583,-1.42,
3L7,09,27,44.7383,-83.3797,89.997,-7.671,7.669,4.899,1976.78
3LA4,12,30,29.79968,-92.80354,122.4,0.18,2.219,-3.2,
3MO,18,36,38.0186,-93.6932,182.723,0.501,2.222,-3.137,
3N8,17,35,47.2595,-95.9295,168.365,1.853,-3.488,-9.025,
3ND6,9,27,47.24207,-99.89762,97.137,4.841,2.296,-3.698,
3NE5,11,29,40.94755,-96.2026,117.595,2.193,5.402,0.014,2020.81
3NP,09,27,42.1714,-84.25845,89.997,-6.65,6.647,2.92,1992.84
3NP,15,33,42.17015,-84.2608,152.855,-6.648,9.503,5.776,1968.96
3O5,16,34,34.36915,-98.4062,174.011,3.533,10.478,5.469,1971.99
3O8,14,32,36.2481,-120.238,155.173,12.172,3.001,-0.516,
3OK5,18,36,34.7286,-97.60585,186.426,3.063,3.363,-1.736,
3OL8,03,21,36.8778,-95.14915,34.015,1.51,2.506,-2.818,
3R8,02,20,38.6577,-85.7906,23.095,-5.148,8.242,3.512,1986.49
3S2,12,30,44.51415,-70.4068,120.211,-14.594,14.805,17.422,
3SC4,08,26,34.77195,-81.98775,60.128,-7.264,-12.608,-17.33,
3T0,07,25,33.8395,-96.8101,84.405,2.571,11.833,6.701,1952.27
3TA,03,21,37.96055,-98.6485,47.473,3.772,13.701,8.512,
3TA,17,35,37.95875,-98.6467,180.0,3.771,6.229,1.04,2012.92
3TA0,18,36,30.0965,-100.404,189.144,4.498,4.645,0.123,
3TA5,01,19,30.1335,-98.38365,10.176,3.439,-3.263,-8.051,
3TA6,15,33,29.5419,-100.253,152.792,4.404,-1.612,-6.117,
3TE,09,27,42.0248,-83.93965,87.723,-6.854,4.578,0.904,
3TE,18,36,42.0253,-83.93905,179.411,-6.855,6.266,2.592,1996.19
3TS1,02,20,30.0114,-98.04055,20.188,3.25,-3.062,-7.888,
3U0,01,19,42.0235,-115.3355,33.914,12.066,11.848,6.968,1927.24
3U2,17,35,44.91165,-115.4855,193.76,12.643,11.117,5.5,1967.65
3VS,07,25,38.42825,-92.87525,72.543,-0.083,2.626,-2.723,
3W2,03,21,41.6367,-82.82835,32.941,-7.568,10.508,7.054,1917.8
3W3,10,28,38.9181,-76.35885,89.997,-11.055,1.052,-1.059,
3W5,07,25,48.52985,-121.7585,90.774,14.993,5.78,-1.01,2019.47
3W9,09,27,41.69445,-82.79655,85.047,-7.598,2.645,-0.786,
3X5,01,19,41.718,-82.82115,2.552,-7.584,0.137,-3.295,
3Y7,13,31,45.38955,-101.4375,141.933,5.838,6.095,0.266,2013.4
40C,02,20,42.2005,-86.24985,15.307,-5.215,0.522,-3.695,
40C,07,25,42.19955,-86.25015,74.963,-5.215,10.178,5.96,1967.73
40D,03,21,45.7904,-89.1211,25.958,-3.462,-0.579,-4.847,
41C,01,19,42.69255,-85.6471,9.906,-5.72,5.625,1.65,2007.18
41C,09,27,42.6917,-85.64725,89.998,-5.719,5.717,1.742,2005.77
41G,08,26,42.8403,-84.47915,84.261,-6.587,10.848,7.218,1913.03
41NC,04,22,35.52197,-80.52223,33.712,-8.258,1.97,-2.302,
42B,14,32,41.4462,-72.4573,131.05,-13.246,4.296,4.671,
42C,18,36,43.55835,-85.77645,172.162,-5.741,-2.097,-5.92,
42IA,18,36,42.26145,-96.2897,180.0,2.244,-2.244,-7.67,
42TT,14,32,30.45559,-95.2308,134.267,1.639,-7.371,-12.553,
42XA,15,33,31.3623,-97.0903,152.414,2.724,-0.311,-5.316,
43G,18,36,42.17735,-83.5457,178.568,-7.152,5.719,2.193,2001.74
43MI,18,36,45.86071,-87.11776,179.804,-5.051,4.855,1.16,
43MN,15,33,46.934,-92.41275,146.579,-0.938,-2.483,-7.385,
43MT,13,31,47.99174,-115.75187,145.343,13.315,2.027,-4.553,
43NC,01,19,36.0208,-80.5164,5.656,-8.321,3.976,-0.187,
43Y,02,20,47.8888,-94.2608,22.183,0.483,1.7,-3.542,
43Y,12,30,47.8876,-94.2573,124.513,0.48,4.033,-1.209,
44A,17,35,32.51625,-114.698,180.0,10.23,-0.23,-3.435,
44B,09,27,45.17745,-69.24465,85.004,-15.104,10.108,13.548,
44G,09,27,41.8551,-83.87075,89.997,-6.879,6.876,3.181,1990.49
44SC,2,20,33.48195,-80.77708,16.05,-7.869,3.92,-0.808,
44XA,1,19,27.83694,-97.77181,11.01,3.096,-2.085,-6.837,
46CN,07,25,34.4847,-117.8265,83.565,11.339,2.226,-1.081,
46N,01,19,41.98465,-73.836,1.161,-12.763,3.925,3.929,
47G,10,28,43.24115,-84.88015,100.024,-6.355,6.379,2.731,1994.79
47G,18,36,43.2462,-84.8843,180.0,-6.352,6.352,2.704,1995.05
47TX,11,29,26.93395,-97.7625,115.496,3.094,2.402,-2.304,
47Y,15,33,46.6415,-96.1046,163.915,2.013,11.902,6.358,1954.57
48G,14,32,43.10345,-82.8902,141.898,-7.746,9.644,6.563,1923.96
48X,07,25,27.64245,-82.52015,77.102,-6.174,13.276,7.492,1955.07
48XS,13,31,29.92655,-103.295,139.77,5.873,3.897,-0.229,
48Y,15,33,48.9996,-95.98255,152.598,1.81,0.788,-4.809,
49C,18,36,42.5278,-88.1562,180.0,-3.833,3.833,-0.728,
49G,18,36,42.5781,-84.9083,180.0,-6.241,6.241,2.433,1997.59
49IL,09,27,41.5933,-88.69165,89.997,-3.338,3.335,-1.446,
49MT,10,28,45.60571,-109.12128,114.4,10.234,4.166,-1.734,
4AL8,13,31,34.49055,-86.67345,131.997,-4.15,6.147,0.793,2010.83
4B0,01,19,42.5607,-73.83395,354.016,-12.871,-3.114,-2.872,
4B9,03,21,41.9162,-72.77695,15.113,-13.201,-1.686,-1.256,
4C1,18,36,41.45235,-86.7911,180.0,-4.73,4.73,0.266,
4C2,09,27,41.4311,-84.9811,91.753,-6.038,7.791,3.718,1985.03
4C7,15,33,42.5475,-93.0334,146.256,-0.147,-3.597,-8.831,
4D8,09,27,43.3348,-95.15795,89.996,1.403,-1.407,-6.797,
4D8,18,36,43.33185,-95.1602,180.0,1.405,-1.405,-6.795,
4FA7,14,32,28.80302,-82.1197,141.024,-6.544,7.569,1.946,1997.79
4G1,05,23,41.44685,-80.39115,40.893,-9.135,0.028,-2.712,
4G1,15,33,41.4468,-80.39135,140.723,-9.135,-0.142,-2.882,
4G3,09,27,40.9817,-81.04215,91.425,-8.651,10.076,6.989,1919.46
4G7,5,23,39.44815,-80.16705,36.867,-8.978,-4.156,-7.393,
4KA,08,26,60.57555,-165.272,100.369,7.547,12.822,3.761,1993.06
4LA3,15,33,30.80845,-91.2165,157.487,-0.871,8.358,2.816,1994.68
4M5,01,19,33.48795,-91.44265,18.631,-0.858,9.489,4.006,1983.36
4MI1,09,27,41.82956,-83.68495,90.387,-7.005,7.392,3.742,1985.25
4MN5,17,35,45.5505,-96.4514,180.0,2.309,7.691,2.145,1998.37
4N4,17,35,46.08895,-97.1668,180.0,2.836,7.164,1.524,2002.73
4R6,08,26,46.2605,-97.44125,89.997,3.039,6.958,1.28,2004.36
4S5,17,35,48.6337,-97.3973,180.0,2.956,7.044,1.209,2003.03
4S6,02,20,46.63755,-121.124,39.0,14.46,4.541,-1.572,
4TA0,17,35,29.35555,-95.6639,171.037,1.912,-0.875,-5.972,
4TE9,08,26,29.26415,-99.3506,80.006,3.936,-3.93,-8.541,
4V8,01,19,42.92715,-72.86565,350.012,-13.354,-6.633,-5.817,
4W0,08,26,47.39535,-121.5365,102.01,14.704,7.305,0.931,2008.5
4WA0,07,25,46.9403,-119.7375,89.995,14.222,5.772,-0.442,2019.02
4WI4,16,34,45.57405,-89.748,162.049,-2.938,4.987,0.533,
4WN5,18,36,45.45705,-92.3782,183.52,-0.839,4.359,-0.643,
4Y1,17,35,42.5652,-83.8563,164.351,-6.99,1.341,-2.178,
4Y8,06,24,43.20225,-82.75385,59.426,-7.856,7.282,4.273,1981.62
50PA,09,27,40.93335,-75.35052,81.485,-11.876,3.361,2.331,
50S,12,30,43.7777,-116.9365,135.693,12.864,2.829,-2.452,
50TX,13,31,30.13765,-98.5254,135.516,3.515,2.0,-2.77,
50XS,13,31,29.0433,-100.5845,139.327,4.553,4.773,0.346,
51G,03,21,43.14405,-83.7965,31.718,-7.118,8.836,5.482,1971.49
51G,14,32,43.143,-83.7962,139.906,-7.118,7.024,3.669,1986.19
51G,18,36,43.14335,-83.79815,179.151,-7.117,6.268,2.913,1993.64
52AR,18,36,35.2801,-92.24155,182.329,-0.4,2.729,-2.692,
52B,14,32,45.4758,-69.60655,122.149,-15.066,-2.785,0.649,
52B,18,36,45.4732,-69.6006,162.013,-15.067,-2.92,0.515,
52K,18,36,39.49795,-96.17505,185.095,2.181,2.914,-2.434,
52Y,13,31,47.068,-93.91275,131.402,0.261,1.141,-4.056,
53K,17,35,38.63335,-95.8018,180.0,1.932,8.068,2.734,1996.45
53W,09,27,43.5545,-84.97855,89.995,-6.328,6.323,2.722,1994.97
54AL,16,34,30.59754,-87.82133,149.733,-3.066,-7.2,-12.881,
54M,18,36,35.05405,-89.58005,182.747,-2.205,4.952,-0.484,
54MU,17,35,40.30043,-95.11218,173.185,1.439,1.746,-3.618,
54XA,18,36,33.4916,-97.2111,180.0,2.81,-2.81,-7.892,
55G,07,25,43.2975,-82.60685,70.136,-7.972,8.108,5.175,1974.49
55G,18,36,43.2978,-82.60785,176.992,-7.972,4.964,2.03,
55S,01,19,46.60415,-121.678,25.801,14.561,1.24,-4.862,
55XS,01,19,29.16635,-100.418,17.248,4.475,2.773,-1.685,
56FD,18,36,30.96465,-85.0694,180.0,-4.896,4.896,-0.702,
56G,09,27,43.57855,-82.64715,88.236,-7.99,6.227,3.362,1990.2
56G,18,36,43.5765,-82.6483,178.748,-7.989,6.737,3.872,1984.88
56LA,18,36,32.34515,-93.8182,184.012,0.729,3.283,-2.069,
56ME,16,34,46.62674,-67.8443,155.219,-15.831,11.05,15.812,
56S,16,34,46.015,-123.908,180.0,14.806,5.194,-0.722,2024.87
56WI,09,27,44.77325,-89.59565,94.184,-2.969,7.153,2.621,1994.45
57AZ,01,19,32.44665,-111.003,43.618,9.13,24.488,20.983,
57B,01,19,44.30245,-68.9106,347.548,-15.004,-7.448,-4.286,2002.37
57D,09,27,42.7379,-82.89155,89.997,-7.688,7.685,4.502,1979.77
57D,18,36,42.7373,-82.8889,180.0,-7.69,7.69,4.508,1979.72
57FA,17,35,28.20865,-81.1193,169.18,-7.091,6.271,0.672,2010.53
57GA,18,36,34.86315,-84.3938,180.0,-5.715,5.715,0.631,2014.16
57KS,15,33,39.31505,-95.99347,144.183,2.058,-7.875,-13.222,
57MT,12,30,46.2023,-114.0835,140.962,12.404,8.558,2.55,1999.34
57MT,5,23,46.20145,-114.084,65.474,12.404,3.07,-2.939,
57XA,12,30,29.85833,-98.11462,121.734,3.289,-1.555,-6.364,
58C,18,36,42.8726,-89.0757,180.0,-3.172,3.172,-1.511,
58MT,9,27,46.54417,-111.07,98.689,11.262,-2.573,-8.707,
59AR,9,27,35.88208,-90.61251,92.963,-1.543,4.507,-0.903,
59FD,10,28,26.3203,-80.98775,100.535,-6.964,7.499,1.68,1999.41
5A2,09,27,32.56065,-83.6767,89.268,-5.952,5.221,-0.088,2022.83
5AL5,18,36,34.6911,-87.6528,180.0,-3.5,3.5,-1.895,
5AR1,15,33,33.7125,-91.4611,154.75,-0.856,5.606,0.13,2018.88
5AZ3,08,26,33.2125,-111.617,92.546,9.44,3.106,-0.441,
5B4,08,26,48.80975,-102.248,86.388,6.546,-0.158,-6.609,
5B6,07,25,41.58555,-70.54035,51.351,-13.973,-4.676,-3.422,
5B9,01,19,44.0802,-72.00775,352.169,-13.929,-3.902,-2.193,
5CA7,16,34,36.33595,-120.247,180.0,12.191,7.809,4.275,1993.33
5D5,09,27,45.1649,-85.5814,88.842,-6.124,4.966,1.58,
5D5,16,34,45.1683,-85.57695,158.979,-6.128,5.107,1.723,2011.61
5D6,09,27,40.6486,-81.06925,89.997,-8.585,8.582,5.394,1972.21
5D9,18,36,41.22395,-82.95765,180.588,-7.421,8.009,4.414,1980.27
5F5,18,36,32.3446,-93.7999,180.0,0.717,-0.717,-6.071,
5F8,08,26,32.79145,-93.9565,83.528,0.805,2.723,-2.623,
5FL7,04,22,28.97835,-82.36425,42.341,-6.412,8.753,3.129,1988.98
5H3,02,20,44.77205,-96.64795,20.577,2.471,-1.895,-7.427,
5H3,13,31,44.7718,-96.64635,139.242,2.47,6.772,1.24,2005.74
5I2,09,27,40.5403,-86.5486,89.997,-4.807,4.804,0.238,
5I6,18,36,40.5874,-86.2569,180.0,-5.023,5.023,0.518,2025.61
5K2,17,35,38.4542,-101.7465,170.305,5.641,-5.336,-10.366,
5K4,09,27,40.1173,-90.58905,89.996,-1.815,1.81,-3.345,
5K9,17,35,46.2905,-98.9432,180.0,4.142,5.858,0.048,2014.39
5KY4,13,31,36.80265,-87.1764,138.015,-4.002,12.017,6.863,1956.79
5KY5,18,36,36.86255,-87.7903,181.074,-3.579,4.653,-0.55,
5KY7,17,35,36.63785,-85.16385,166.545,-5.375,1.92,-3.016,
5M1,18,36,34.2623,-91.3075,181.072,-0.985,2.057,-3.409,
5MO,18,36,39.5945,-94.4617,181.515,0.996,0.519,-4.835,
5MS1,17,35,32.95425,-90.8459,180.0,-1.227,11.227,5.711,1970.66
5MS5,03,21,30.54515,-89.46285,29.869,-1.99,1.859,-3.782,
5MU5,18,36,38.50898,-94.48435,183.516,1.035,2.481,-2.872,
5N4,03,21,46.6273,-97.61395,39.478,3.163,6.314,0.595,2009.33
5N4,12,30,46.62515,-97.6157,138.42,3.164,15.256,9.536,
5NC3,13,31,35.34152,-79.43692,123.229,-8.883,2.112,-1.935,
5P3,13,31,45.43945,-99.6752,143.181,4.647,8.534,2.766,1994.29
5P5,10,28,43.90575,-100.036,106.084,4.85,1.234,-4.385,
5T4,12,30,45.84815,-100.0735,128.563,4.934,3.63,-2.205,
5TE0,15,33,28.62805,-100.159,159.136,4.331,4.806,0.346,
5TE4,01,19,36.5084,-102.392,16.073,5.872,0.202,-4.595,
5TE5,16,34,30.2739,-103.2365,166.453,5.869,0.584,-3.579,
5V4,17,35,39.0484,-104.2935,183.54,7.076,6.464,1.544,2011.32
5V8,04,22,43.83375,-101.4965,53.292,5.799,7.492,1.869,2002.95
5V8,12,30,43.8333,-101.4965,134.606,5.799,8.806,3.183,1991.58
5WA8,06,24,47.0429,-124.1455,78.963,15.064,3.899,-2.364,
5Y0,03,21,44.6682,-83.3051,32.089,-7.713,9.801,7.037,1912.9
5Y2,16,34,44.32915,-84.7917,159.966,-6.581,6.547,3.195,1990.74
5Y3,18,36,42.85355,-88.7598,180.0,-3.411,3.411,-1.217,
5Y4,05,23,44.66045,-84.2376,36.059,-7.04,-6.901,-9.986,
5Y4,18,36,44.65965,-84.2368,180.0,-7.04,7.04,3.955,1983.85
5Y5,18,36,42.7978,-82.5365,177.54,-7.941,5.481,2.428,2000.71
5Y7,18,36,46.3546,-86.6181,180.0,-5.518,5.518,2.097,2003.13
60A,05,23,31.73275,-85.8037,55.505,-4.488,9.993,4.43,1979.73
60G,08,26,42.5838,-84.6515,83.687,-6.427,10.114,6.376,1955.86
60M,01,19,42.2905,-71.9647,0.0,-13.591,3.591,4.527,
60OA,9,27,41.40088,-80.57858,90.189,-9.01,9.199,6.382,1929.76
60TE,16,34,30.13355,-99.1503,160.113,3.85,-3.737,-8.426,
60XA,1,19,30.66014,-97.76361,351.166,3.103,-21.936,-26.83,
61D,01,19,42.4681,-85.6489,7.22,-5.689,2.909,-1.113,
61D,09,27,42.46755,-85.6472,89.183,-5.69,4.873,0.851,
61G,05,23,43.11345,-84.52,49.371,-6.597,5.967,2.392,1998.74
61K,18,36,37.14965,-96.18525,189.064,2.19,6.874,1.59,2007.03
62C,01,19,42.8239,-88.0948,18.391,-3.911,12.302,7.798,
62C,18,36,42.82725,-88.0934,180.0,-3.913,3.913,-0.591,
62FL,09,27,27.8444,-81.43975,89.998,-6.857,6.855,1.178,2004.92
63K,17,35,38.82125,-94.6095,180.0,1.115,8.885,3.532,1987.37
63NY,18,36,43.26115,-78.9653,165.541,-10.317,-4.142,-5.759,
63S,01,19,48.54415,-117.8835,38.237,14.079,14.157,7.375,1930.51
63XS,17,35,30.22405,-98.28865,169.782,3.388,-3.606,-8.412,
63Y,14,32,44.28845,-96.1513,149.708,2.113,7.595,2.117,1999.23
64I,18,36,38.63145,-85.4434,171.144,-5.388,-3.468,-8.145,
65B,08,26,44.83655,-67.02695,53.615,-15.59,-10.795,-6.596,
65G,09,27,42.71865,-84.0622,90.672,-6.867,7.539,3.998,1983.3
65LA,02,20,29.86595,-90.0221,21.179,-1.583,2.762,-2.87,
65MS,18,36,34.5647,-89.8841,180.0,-1.966,1.966,-3.5,
65XA,2,20,30.90357,-94.69583,19.916,1.308,-1.392,-6.642,
66G,09,27,43.3139,-83.7097,89.997,-7.205,7.202,3.919,1984.08
66S,15,33,48.51865,-116.822,170.91,13.761,7.149,0.379,2009.4
66TN,09,27,35.52338,-85.84647,97.891,-4.803,12.694,7.527,
67CA,09,27,37.07275,-120.378,104.667,12.361,2.306,-1.364,
67MU,10,28,39.45415,-91.3959,95.353,-1.186,-3.461,-8.717,
67SC,12,30,32.9486,-80.7675,112.823,-7.816,0.639,-4.183,
68C,04,22,44.5051,-89.0255,52.317,-3.384,15.701,11.255,
68C,09,27,44.5044,-89.0257,89.998,-3.384,3.382,-1.064,
68C,13,31,44.5049,-89.02505,117.541,-3.385,-9.074,-13.52,
68CA,15,33,40.3611,-122.216,169.138,13.351,5.787,1.444,2017.45
68IS,09,27,42.1486,-88.56195,89.996,-3.489,3.485,-1.203,
68LS,13,31,31.81566,-91.3716,132.092,-0.823,2.915,-2.604,
68LS,18,36,31.81477,-91.37031,179.666,-0.824,0.49,-5.029,
68Y,17,35,43.74135,-93.7773,178.957,0.354,8.603,3.334,1987.76
69G,18,36,42.4421,-84.06435,178.143,-6.825,4.968,1.36,
69MU,18,36,39.76425,-94.6274,180.0,1.109,-1.109,-6.464,
69N,01,19,40.7636,-75.60485,0.636,-11.723,2.358,1.164,
69S,17,35,48.9984,-118.2225,186.947,14.268,2.679,-4.277,
69TX,14,32,28.5836,-96.85445,140.104,2.595,-2.491,-7.405,
6AR8,09,27,35.33,-94.04195,95.936,0.802,5.134,-0.223,2024.75
6AR8,18,36,35.33,-94.04195,186.191,0.802,5.389,0.032,2021.53
6AR9,09,27,36.4153,-92.69445,92.806,-0.135,2.941,-2.45,
6B6,03,21,42.4612,-71.51865,16.637,-13.789,0.427,1.629,
6B6,12,30,42.45895,-71.5165,106.535,-13.79,0.324,1.527,
6C0,18,36,42.32995,-93.11431,179.605,-0.076,-0.319,-5.568,
6D3,12,30,47.98045,-99.52735,130.598,4.583,6.015,-0.038,2012.68
6D7,05,23,41.21855,-83.87585,50.06,-6.789,6.849,3.005,1991.87
6D7,09,27,41.2155,-83.8731,89.997,-6.79,6.787,2.944,1992.43
6F1,01,19,34.7075,-95.07385,17.222,1.484,5.738,0.446,2017.8
6FL3,01,19,26.9373,-81.56705,9.877,-6.682,6.559,0.764,2008.77
6FL8,18,36,29.58755,-82.87125,179.301,-6.16,5.461,-0.134,2020.13
6G8,01,19,42.09505,-84.2408,10.137,-6.652,6.789,3.049,1991.61
6H4,09,27,42.15575,-84.3343,92.93,-6.594,9.524,5.773,1969.01
6H8,17,35,46.4822,-100.264,180.0,5.083,4.917,-1.006,
6J8,10,28,29.7197,-82.6661,95.232,-6.302,1.534,-4.028,
6K2,17,35,39.81255,-92.05025,175.09,-0.732,5.823,0.548,2014.31
6MN0,18,36,47.05555,-95.42305,182.719,1.464,1.255,-4.2,
6MU5,1,19,39.36432,-93.77827,10.737,0.522,0.215,-5.131,
6NC1,03,21,35.59165,-81.07945,30.423,-7.924,8.347,3.964,1983.27
6P3,09,27,43.1787,-89.4513,89.997,-2.916,2.913,-1.798,
6R1,07,25,30.2425,-92.83155,71.165,0.179,0.985,-4.434,
6R1,09,27,30.24115,-92.82975,87.117,0.178,-3.061,-8.481,
6TE6,01,19,33.6412,-100.3475,10.298,4.608,-4.31,-9.078,
6WA3,16,34,46.6168,-119.2745,185.619,14.045,11.575,5.468,1964.99
6Y0,03,21,44.46175,-84.99445,26.011,-6.453,2.464,-0.918,
6Y0,09,27,44.4633,-84.9971,89.996,-6.451,6.447,3.066,1991.97
6Y6,12,30,44.36655,-84.3977,116.467,-6.876,3.343,0.125,
6Y6,18,36,44.365,-84.4024,180.0,-6.872,6.872,3.652,1986.39
6Y8,09,27,45.7204,-85.52065,88.326,-6.26,4.585,1.364,
6Y8,17,35,45.7217,-85.5201,180.861,-6.26,17.121,13.9,
70N,5,23,41.34735,-75.4159,39.51,-11.914,1.424,0.521,
70S,16,34,47.7872,-117.358,180.0,13.774,6.226,-0.282,2014.75
71K,17,35,37.6477,-97.3837,178.709,2.968,5.742,0.499,2017.6
71TE,18,36,30.378,-98.37615,185.787,3.438,2.349,-2.453,
72CL,17,35,34.134,-115.119,180.0,10.616,-0.616,-4.024,
72MI,09,27,46.28585,-89.27755,93.764,-3.4,7.164,2.938,1991.47
72S,02,20,47.2366,-117.4215,38.481,13.681,4.799,-1.519,
72TE,15,33,28.8794,-99.9906,150.019,4.253,-4.235,-8.734,
72XA,15,33,29.48663,-96.04129,148.77,2.128,-3.358,-8.413,
73AR,18,36,35.0485,-92.05375,183.004,-0.518,3.521,-1.909,
73AZ,06,24,35.20195,-113.361,73.468,10.294,3.174,-0.515,
73MD,18,36,39.1753,-76.2425,180.0,-11.153,11.153,9.167,
73OH,09,27,41.647,-81.0087,81.556,-8.774,0.33,-2.557,
73S,04,22,47.2355,-117.044,59.554,13.571,5.983,-0.336,2016.8
74TE,18,36,32.0614,-97.7947,180.0,3.136,-3.136,-8.093,
75G,18,36,42.1951,-84.03085,179.379,-6.814,6.193,2.534,1996.88
75K,03,21,40.27685,-94.00745,31.835,0.657,1.178,-4.164,
75TA,16,34,32.5343,-101.7255,160.867,5.278,-4.411,-8.941,
75TX,14,32,29.50015,-100.367,152.978,4.46,8.518,4.031,1988.13
75XA,14,32,30.53584,-95.08371,135.637,1.549,-5.912,-11.112,
77NC,17,35,34.15225,-78.1056,170.08,-9.501,9.58,5.605,1970.81
77XS,15,33,29.28725,-95.3597,147.817,1.736,-3.919,-9.051,
78I,10,28,39.50075,-86.6902,97.468,-4.597,2.065,-2.685,
78MI,18,36,42.0406,-83.3035,180.0,-7.3,7.3,3.81,1984.82
78XA,18,36,32.7392,-97.91774,181.324,3.216,-1.892,-6.868,
79KY,09,27,37.87125,-84.61055,93.432,-5.881,9.313,4.656,1978.28
7A9,18,36,32.08865,-84.3725,181.087,-5.456,6.543,1.11,2006.94
7AR0,07,25,36.4314,-93.6993,71.85,0.547,1.303,-4.067,
7AR1,09,27,33.05,-91.34165,92.073,-0.904,2.977,-2.519,
7AR2,18,36,35.5572,-92.1321,186.389,-0.485,6.875,1.458,2006.24
7AR8,18,36,34.6651,-91.17665,181.68,-1.093,2.773,-2.684,
7B9,01,19,41.92534,-72.45705,355.438,-13.332,-1.23,-0.659,
7C3,18,36,43.03275,-91.3465,180.0,-1.454,1.454,-3.566,
7CA2,16,34,35.1767,-118.9275,173.672,11.705,1.967,-1.405,
7CO0,08,26,40.07165,-105.0335,90.488,7.554,2.934,-2.071,
7D8,08,26,41.3512,-81.09955,77.879,-8.67,6.549,3.547,1988.26
7E3,03,21,41.2384,-81.25385,21.248,-8.554,-0.199,-3.281,
7FL6,06,24,29.08015,-81.0467,49.892,-7.228,-2.88,-8.354,
7G2,13,31,47.46205,-100.4875,145.488,5.266,10.221,4.149,1980.94
7I2,09,27,40.15525,-85.31895,92.197,-5.644,7.84,3.446,1987.24
7KA,13,31,60.8724,-146.691,151.026,15.113,5.912,-5.991,2023.17
7M0,18,36,35.2284,-91.09315,180.707,-1.178,1.885,-3.553,
7M6,03,21,35.299,-93.68165,38.86,0.564,8.295,2.922,1994.33
7M7,18,36,36.3782,-90.16625,180.656,-1.882,2.538,-2.836,
7MN8,18,36,48.07,-96.27895,183.598,2.094,1.504,-4.115,
7MO,18,36,40.4211,-93.5995,180.0,0.36,-0.36,-5.686,
7N4,18,36,42.0778,-83.986,178.372,-6.829,5.201,1.527,2013.47
7N6,17,35,48.62465,-103.925,180.0,7.653,2.347,-4.188,
7N7,07,25,39.73555,-75.3977,62.165,-11.66,3.825,2.349,
7NC2,17,35,36.2535,-75.7885,170.23,-10.978,11.209,8.486,1906.36
7Q7,12,30,43.5611,-100.7435,128.474,5.302,3.171,-2.417,
7S3,02,20,45.42824,-122.94247,35.36,14.532,0.828,-4.895,
7TE2,12,30,27.1057,-98.2057,125.028,3.323,1.705,-2.945,
7TE6,17,35,29.20025,-96.5544,169.934,2.423,-2.489,-7.469,
7TE7,09,27,26.38345,-98.3406,100.483,3.393,7.09,2.5,2006.5
7TE7,13,31,26.388,-98.3376,145.046,3.391,11.655,7.064,
7TE7,18,36,26.3893,-98.3438,177.747,3.395,-5.647,-10.237,
7TX0,17,35,33.8282,-98.5728,180.0,3.617,6.383,1.419,2012.1
7TX5,06,24,32.2178,-102.158,67.621,5.477,2.144,-2.31,
7TX5,17,35,32.21425,-102.1595,177.065,5.477,1.588,-2.866,
7W1,10,28,46.3149,-124.0035,119.981,14.885,5.096,-0.919,2025.77
7W7,18,36,40.71915,-86.6162,180.0,-4.777,4.777,0.227,
7WI6,06,24,43.4705,-89.359,61.234,-3.016,4.249,-0.408,
7XA2,16,34,33.14888,-97.37402,168.377,2.903,5.474,0.423,2020.95
7XS7,15,33,30.11475,-98.9311,156.274,3.733,2.541,-2.175,
7Y2,09,27,44.5177,-85.97725,89.996,-5.728,5.724,2.06,2002.69
7Y2,17,35,44.51565,-85.973,169.119,-5.73,4.85,1.187,
7Y3,15,33,46.8269,-94.50725,164.108,0.752,13.356,8.048,
7Y9,11,29,48.19845,-93.76535,123.864,0.054,13.81,8.684,
7Y9,3,21,48.20195,-93.75935,35.425,0.048,5.377,0.253,2015.6
80FD,14,32,27.11345,-80.6335,139.669,-7.263,6.932,1.242,2004.05
80XA,3,21,32.48752,-95.95451,28.771,2.051,-3.28,-8.446,
81D,16,34,29.26495,-95.41315,162.685,1.768,0.917,-4.207,
81D,17,35,29.265,-95.41195,177.447,1.767,5.679,0.555,2019.02
81NM,17,35,33.34505,-105.18,180.0,6.986,3.014,-1.194,
82IS,13,31,42.1431,-88.40285,134.164,-3.608,7.772,3.111,1989.88
83FL,12,30,30.61885,-81.5337,120.042,-7.097,7.139,1.821,1999.29
83TX,17R,35L,30.6346,-96.4856,180.0,2.375,7.625,2.58,2001.78
84C,09,27,42.7613,-88.04245,96.389,-3.944,10.333,5.829,1969.29
85V,18,36,35.7016,-109.5165,199.06,9.053,10.007,5.945,1957.54
87MO,18,36,38.6961,-94.258,182.214,0.875,1.339,-4.015,
88D,11,29,41.40365,-82.6013,107.985,-7.688,5.672,2.224,2001.77
88G,09,27,41.9198,-83.73495,89.997,-6.983,6.98,3.338,1989.09
88NV,5L,23R,40.75651,-119.22229,57.256,12.85,-5.593,-10.075,
88NV,5R,23L,40.75886,-119.20965,59.812,12.847,-3.035,-7.517,
88WS,9,27,42.93098,-89.62475,91.947,-2.76,4.707,-0.064,
88XA,18,36,33.33744,-96.48022,180.0,2.369,-2.369,-7.513,
89D,09,27,41.6032,-82.6835,89.997,-7.661,7.658,4.238,1981.69
89D,18,36,41.6022,-82.6856,180.0,-7.66,7.66,4.238,1981.68
89NY,06,24,44.31675,-75.89965,48.176,-12.232,0.408,0.497,
89TS,18,36,31.56695,-95.7667,180.0,1.944,-1.944,-7.101,
8A7,09,27,35.91495,-80.45685,87.855,-8.344,6.199,2.026,2000.64
8AR1,13,31,36.48945,-92.6422,135.86,-0.173,6.034,0.644,2013.73
8B2,09,27,44.2641,-71.54675,73.991,-14.142,-1.868,0.13,
8CA8,17,35,38.06735,-121.2075,184.754,12.711,2.042,-1.808,
8D4,07,25,43.12745,-85.6792,62.532,-5.754,-1.714,-5.605,
8D6,14,32,45.91115,-101.343,147.879,5.799,2.08,-3.82,
8D8,12,30,43.14865,-98.54045,133.334,3.819,9.515,3.988,1982.99
8D9,13,31,44.0334,-97.535,139.627,3.122,6.505,0.954,2008.65
8D9,18,36,44.03285,-97.5319,185.594,3.119,2.474,-3.077,
8FA1,9,27,30.05295,-82.24175,88.962,-6.601,5.563,0.084,2018.39
8FD2,9,27,29.71528,-82.09986,89.997,-6.653,6.65,1.142,2005.96
8G8,09,27,40.8834,-80.88315,92.232,-8.738,10.97,7.906,1902.11
8I1,09,27,38.69455,-85.1979,96.274,-5.565,11.839,7.215,1918.53
8I3,18,36,40.42795,-86.2011,180.0,-5.045,5.045,0.525,2024.77
8K5,17,35,37.85505,-95.7477,180.0,1.9,8.1,2.781,1996.29
8M2,01,19,35.59025,-90.9137,8.83,-1.32,0.15,-5.275,
8M6,13,31,47.7704,-98.1869,144.992,3.582,11.41,5.534,1971.96
8M6,18,36,47.7702,-98.1832,180.0,3.579,-3.579,-9.455,
8NC8,14,32,36.0601,-78.7833,136.808,-9.349,6.157,2.453,1997.34
8OA7,04,22,39.5565,-81.781,50.216,-7.974,18.19,14.513,
8OH5,18,36,41.382,-80.7123,178.766,-8.922,7.688,4.821,1977.44
8TA0,11,29,29.1358,-98.2764,109.826,3.369,-3.543,-8.292,
8TE4,07,25,28.815,-99.75815,75.983,4.135,1.848,-2.679,
8TS9,13,31,28.14,-99.57025,130.305,4.026,-3.721,-8.233,
8V6,01,19,37.7648,-108.889,23.787,9.077,4.709,0.302,
8W3,03,21,47.80935,-119.637,51.401,14.381,7.019,0.502,2010.14
8WI1,18,36,44.75525,-88.7283,180.0,-3.645,3.645,-0.694,
8XS8,08,26,33.58465,-102.0415,85.12,5.5,-0.38,-4.958,
8XS8,17L,35R,33.5901,-102.0375,177.309,5.498,1.811,-2.767,
8XS8,17R,35L,33.59875,-102.042,180.0,5.501,4.499,-0.08,
8Y5,10,28,46.113,-94.9067,102.946,1.106,1.841,-3.533,
90TT,12,30,29.68275,-97.25268,119.981,2.813,-2.832,-7.743,
91C,18,36,43.29785,-89.7558,176.888,-2.694,-0.418,-5.168,
91N,08,26,47.5096,-100.9165,89.995,5.57,4.425,-1.687,
91TS,15,33,29.3686,-95.3399,150.061,1.723,-1.662,-6.799,
92C,03,21,44.64105,-88.2169,36.256,-4.029,10.285,6.049,1966.46
92C,12,30,44.6412,-88.2152,113.536,-4.031,-2.433,-6.669,
92CA,14,32,36.1165,-119.8905,156.217,12.08,4.137,0.633,
92MU,18,36,39.40912,-94.60623,181.235,1.101,0.134,-5.221,
92XS,14,32,26.47885,-97.68725,137.996,3.058,-5.062,-9.755,
93AZ,08,26,32.2247,-110.0062,90.252,8.765,1.487,-2.087,
93B,07,25,44.1732,-68.68025,51.55,-15.04,-3.41,-0.212,
93KS,2,20,39.78,-96.0848,7.568,2.118,-14.55,-19.907,
93XA,18,36,33.50959,-98.12021,180.22,3.347,-3.127,-8.12,
94C,09,27,43.4516,-89.25415,89.998,-3.094,3.093,-1.548,
94FL,09,27,26.7328,-81.8973,89.998,-6.458,6.456,0.616,2010.13
94TX,17,35,31.43765,-99.31565,170.057,3.97,-3.913,-8.658,
95FA,1,19,30.40115,-82.9565,5.849,-6.191,2.039,-3.467,
95KS,1,19,39.02616,-96.01504,8.78,2.074,-3.294,-8.633,
95MI,12,30,44.08702,-85.73074,119.679,-5.85,5.529,1.837,2006.05
96C,01,19,42.75095,-88.2504,356.315,-3.786,-9.899,-14.445,
96OR,12,30,45.10055,-118.817,138.184,13.622,4.563,-1.069,
97MT,02,20,48.07485,-114.676,35.554,12.961,2.594,-4.014,
98G,18,36,43.7294,-83.4622,175.834,-7.446,3.279,0.188,
98TS,2,20,31.55929,-98.42247,25.934,3.483,2.451,-2.408,
99A,17,35,34.4062,-91.9587,180.0,-0.555,10.555,5.109,1975.26
99CL,04,22,34.6261,-117.6,58.829,11.314,7.515,4.174,1997.64
99CL,07,25,34.6236,-117.6,89.997,11.314,8.683,5.343,1970.2
99CL,16,34,34.6236,-117.5945,175.278,11.313,3.965,0.624,
9A3,9,27,61.5791,-159.2155,105.987,10.229,5.757,-4.659,2023.93
9CA7,07,25,36.7675,-119.436,78.763,12.116,-3.353,-6.993,
9CL2,07,25,36.8715,-121.337,84.331,12.494,1.837,-1.771,
9FA5,18,36,29.19093,-82.03264,180.0,-6.639,6.639,1.072,2006.48
9G0,06,24,42.862,-78.7166,47.448,-10.393,-2.159,-3.823,
9G1,17,35,40.60355,-79.8261,164.45,-9.355,3.805,1.003,
9G6,10,28,43.17355,-78.27465,90.781,-10.708,1.489,0.114,
9I0,09,27,40.222,-90.0229,89.997,-2.237,2.235,-2.86,
9IS0,09,27,40.5431,-91.3307,91.241,-1.298,2.538,-2.651,
9IS2,18,36,40.48215,-88.2676,180.0,-3.548,3.548,-1.307,
9K5,04,22,39.22935,-93.0728,43.573,0.027,3.547,-1.787,
9KY9,13,31,37.74595,-82.77905,124.209,-7.095,1.303,-3.017,
9N3,04,22,41.58875,-75.75645,23.8,-11.787,-4.413,-5.364,
9NC0,01,19,35.7968,-78.43905,9.596,-9.512,9.109,5.436,1972.12
9NR0,17,35,36.21805,-79.1772,180.0,-9.142,19.142,15.367,
9OA5,01,19,39.9617,-82.54065,2.919,-7.529,0.448,-3.336,
9OI5,16,34,40.3081,-83.54175,153.914,-6.9,0.814,-3.148,
9SD9,17,35,43.80665,-96.70895,170.072,2.529,-2.457,-7.954,
9TN2,01,19,36.1639,-88.20525,9.788,-3.234,3.022,-2.278,
9W9,05,23,34.56145,-79.5381,44.205,-8.732,2.937,-1.308,
9WN1,18,36,44.10555,-88.6839,180.0,-3.604,3.604,-0.827,
9WN2,04,22,45.9667,-92.14615,40.751,-1.066,1.817,-3.106,
9Y0,07,25,47.55815,-93.87025,79.818,0.191,9.627,4.455,1979.03
9Y2,13,31,46.38385,-94.3736,137.599,0.673,6.926,1.633,2001.85
A26,09,27,41.1865,-120.9545,112.374,13.294,9.08,4.525,1981.95
A28,16,34,41.8765,-120.1465,184.271,13.272,10.999,6.263,1947.38
AA16,16,34,60.62747,-151.29462,179.702,13.491,6.211,-5.003,2022.01
AA16,2,20,60.62243,-151.29705,37.624,13.49,4.134,-7.077,
AG-0001,10,28,17.62108,-61.79825,86.352,-15.079,1.431,-1.703,
AGGH,06,24,-9.428,160.0545,68.372,8.766,-0.393,-0.613,
AGGM,07,25,-8.32797,157.263,78.551,7.973,0.578,0.262,
AGGN,14,32,-8.09849,156.86413,148.409,7.845,0.564,0.23,
AGLM,10,28,-10.29675,166.3272,99.645,10.075,-10.43,-10.571,
AK1,07,25,61.5303,-149.01749,89.995,14.341,5.654,-6.279,2024.29
AL-0012,14,32,40.0873,20.1531,142.464,4.978,-2.514,1.503,
AL-0013,16,34,41.8953,19.5986,153.72,5.117,-11.397,-7.229,1943.19
AL-0014,01,19,40.64565,20.7416,11.567,5.116,-3.549,0.436,
AL-0015,16,34,40.47605,19.4742,161.493,4.936,-3.443,0.661,
AL05,04,22,32.2203,-85.46805,40.089,-4.753,4.841,-0.658,
AL12,09,27,32.3586,-86.125,89.996,-4.332,4.328,-1.195,
AL71,08,26,32.80375,-85.9805,80.211,-4.467,4.678,-0.795,
ANYN,12,30,-0.54746,166.919,131.718,8.834,2.884,2.352,
AR-0083,02,20,-35.6293,-61.39385,17.663,-7.022,4.685,-2.768,
AR-0298,4,22,-35.08915,-57.9501,32.522,-10.275,2.797,-4.495,
AR-0736,16,34,-54.8227,-68.30425,178.877,11.677,7.2,4.222,1994.54
AR-0742,6,24,-37.9092,-67.8317,69.35,0.344,9.007,2.239,1998.61
AR-0744,1,19,-30.34525,-66.2936,7.56,-5.778,3.338,-5.027,
AR-0745,14,32,-28.03775,-67.5803,146.131,-5.825,11.956,3.355,1986.55
AR03,09,27,35.1187,-93.20155,93.203,0.25,2.953,-2.441,
AR05,18,36,35.2159,-93.3049,183.408,0.316,3.092,-2.297,
AR06,10,28,35.2325,-92.3433,102.752,-0.329,3.082,-2.338,
AR09,18,36,36.4139,-94.4389,183.872,1.044,2.828,-2.518,
AR10,09,27,34.80665,-91.60835,92.401,-0.808,3.209,-2.236,
AU-0032,01,19,-35.7626,147.88689,9.57,12.338,-12.768,-11.8,
AU-0324,06,24,-40.998,147.4865,72.753,14.625,-1.872,-0.226,
AU-0539,05,23,-33.88295,150.71423,59.685,12.636,-2.951,-2.098,
AU-0564,01,19,-13.43621,142.92918,18.694,5.119,3.575,2.843,
AU-0664,16,34,-33.91075,150.852,170.252,12.697,-2.445,-1.585,
AU-0708,07,25,-32.42769,140.00611,79.825,8.087,1.738,2.209,
AXO,03,21,-8.24475,124.219,28.68,0.852,-2.171,-3.772,
AYBK,04,22,-5.42226,154.6725,49.212,6.906,2.305,1.822,
AYCH,03,21,-6.02388,144.971,39.278,4.472,4.806,3.867,
AYDU,14,32,-9.08675,143.2075,134.943,4.495,-9.551,-10.475,
AYGA,17L,35R,-6.08061,145.3925,174.897,4.594,0.304,-0.606,
AYGA,17R,35L,-6.08277,145.3915,176.191,4.594,1.597,0.687,
AYGN,09,27,-10.3115,150.3335,101.417,6.576,4.842,4.346,
AYGR,03,21,-8.80454,148.309,39.902,5.804,4.098,3.452,
AYHJ,01,19,-5.19143,142.95957,16.169,3.802,2.367,1.264,
AYHK,12,30,-5.46385,150.40724,133.469,5.825,7.643,6.989,
AYKM,14,32,-7.96347,145.7715,144.286,4.997,-0.71,-1.527,
AYKV,12,30,-2.5794,150.808,126.207,5.464,0.742,0.017,
AYLE,02,20,-5.21925,151.3935,32.666,6.043,6.623,6.007,
AYMD,07,25,-5.20708,145.789,75.277,4.558,0.719,-0.198,
AYMH,08,26,-5.82661,144.298,84.693,4.261,0.432,-0.557,
AYMH,12,30,-5.82887,144.2995,120.98,4.262,-3.282,-4.271,
AYMN,17,35,-6.14774,143.65701,170.581,4.143,-3.561,-4.58,
AYMO,16,34,-2.06191,147.424,159.281,4.471,-5.191,-6.114,
AYNZ,09,27,-6.56982,146.726,94.962,5.028,-0.066,-0.878,
AYPY,14L,32R,-9.44148,147.2205,148.7,5.618,3.082,2.403,
AYTK,10,28,-4.34042,152.37949,106.29,6.159,0.131,-0.471,
AYVN,12,30,-2.69269,141.303,130.02,2.946,7.074,5.752,
AYWD,14,32,-5.6433,143.8955,139.28,4.124,-4.844,-5.867,
AYWK,10,28,-3.58383,143.669,103.827,3.722,0.106,-1.011,
AZ82,03,21,34.39725,-110.53,43.031,9.244,3.787,-0.012,
B01,16,34,43.4229,-73.26805,142.417,-13.284,-4.299,-3.443,
B10,02,20,44.41,-70.1461,8.148,-14.656,2.804,5.485,
BA-0003,01,19,44.84618,18.76186,15.254,5.361,-0.107,4.363,
BG-0165,11,29,41.97635,25.58985,104.885,5.875,-10.99,-7.385,1935.3
BG-0166,11,29,43.5443,23.27255,110.084,5.836,-5.751,-1.847,2018.1
BG-0167,11,29,43.3065,26.70095,113.036,6.227,-3.191,0.396,
BG-0168,08,26,42.6005,26.6337,86.423,6.095,0.327,3.878,
BG-0169,09,27,42.81245,23.2996,94.919,5.728,-0.809,3.047,
BG-0170,07,25,42.3117,23.2469,71.733,5.647,-3.914,-0.083,
BG-0171,10,28,42.11415,24.99295,102.408,5.828,-3.42,0.243,
BG-0172,11,29,43.5482,24.5904,113.965,6.008,-2.044,1.74,
BG-0173,10,28,42.0724,25.0533,98.784,5.829,-7.045,-3.389,2004.96
BG-0174,17,35,43.50695,27.8449,166.701,6.397,-9.696,-6.19,1945.12
BG-0175,02,20,42.1757,23.05085,23.155,5.603,-2.449,1.393,
BG-0176,03,21,41.84005,26.30965,36.781,5.933,0.847,4.385,
BG-0177,10,28,42.2632,24.7193,100.382,5.819,-5.437,-1.742,2020.45
BG-0178,15,33,43.60965,27.8365,158.029,6.415,1.613,5.126,
BG-0179,05,23,41.4483,23.21705,56.505,5.521,0.984,4.772,
BG-JAM,12,30,42.45495,26.3522,118.947,6.039,-7.092,-3.526,2003.97
BGBW,06,24,61.16055,-45.42595,40.696,-20.106,0.803,16.229,
BGCO,18,36,70.74132,-22.64826,157.408,-13.717,-8.875,6.431,2016.32
BGGH,04,22,64.19085,-51.67936,17.674,-23.688,1.362,19.427,
BGJN,06,24,69.24321,-51.05711,35.875,-26.885,2.76,24.107,
BGMQ,16,34,65.41245,-52.9394,126.757,-24.793,-8.45,10.693,2017.95
BGPT,17,35,62.01474,-49.67094,142.52,-21.844,-5.636,10.776,2024.7
BGQQ,17,35,77.48865,-69.38874,122.764,-37.206,-10.029,29.3,2021.34
BGSF,09,27,67.0116,-50.71475,61.542,-25.276,-3.182,16.556,
BGSS,13,31,66.9513,-53.7293,104.624,-26.037,0.66,21.107,
BGUK,05,23,72.79018,-56.13059,11.44,-30.908,-7.652,18.279,2022.14
BGUQ,15,33,70.7342,-52.6962,119.723,-28.425,-1.852,21.096,
BHT,18,36,-23.36325,141.56275,176.544,6.535,-9.991,-10.189,
BIBD,04,22,65.64135,-23.54615,27.816,-12.515,0.331,14.103,
BIEG,03,21,65.2827,-14.402,25.415,-7.496,2.911,15.201,
BIGR,17,35,66.54606,-18.01732,159.837,-9.826,-0.338,12.831,
BIHN,18,36,64.29565,-15.22735,167.112,-7.67,-5.218,6.94,2025.84
BIHU,02,20,65.9523,-17.42595,11.687,-9.326,1.013,13.926,
BIIS,07,25,66.05805,-23.1351,61.722,-12.449,4.171,18.003,
BIKF,01,19,63.97817,-22.60542,0.019,-11.413,1.432,14.577,
BIKF,10,28,63.98503,-22.62367,89.961,-11.425,1.386,14.536,
BIKR,01,19,65.73162,-19.57285,350.954,-10.423,-8.623,4.555,2014.85
BIPA,14,32,65.55615,-23.96585,119.031,-12.704,-8.265,5.549,2016.29
BIRK,01,19,64.129,-21.93755,355.183,-11.124,-3.693,9.395,
BIRK,13,31,64.13005,-21.94405,116.273,-11.128,-2.6,10.49,
BISI,06,24,66.13335,-18.91665,42.901,-10.194,-6.905,6.285,2020.42
BISS,15,33,64.06005,-21.56765,119.495,-10.909,-19.597,-6.582,1958.86
BITN,01,19,66.21845,-15.33565,2.806,-8.253,1.059,13.731,
BIVM,03,21,63.4257,-20.27875,19.056,-10.026,-0.917,11.739,
BIVM,12,30,63.42444,-20.27625,111.077,-10.025,1.102,13.758,
BIVO,04,22,65.72062,-14.85045,34.799,-7.855,2.654,15.122,
BKPR,17,35,42.57169,21.03599,175.702,5.397,0.305,4.366,
BR-0062,12,30,-24.41917,-47.86917,79.075,-21.266,-19.658,-25.638,
BR-0063,04,22,-5.6362,-63.18579,25.893,-15.218,1.111,-7.29,
BR-0569,15,33,-14.9079,-40.9148,126.444,-23.247,-0.309,-3.073,
BR-0741,14,32,-16.82292,-49.04406,122.13,-21.762,3.892,-2.149,
BR-0856,18,36,-7.8451,-34.89152,159.213,-20.945,0.158,1.237,
BR-1400,16,34,-7.04624,-34.91293,138.78,-20.653,-0.566,0.696,
BR-1526,11,29,-16.73445,-55.7377,94.241,-18.822,3.063,-5.021,
BR-1655,10,28,-2.50403,-43.43742,77.525,-20.524,-1.951,-3.225,
BR-1699,03,21,-10.92474,-69.55708,22.404,-10.055,2.459,-6.73,
BR-1753,10,28,-22.81812,-49.38108,82.32,-20.981,3.302,-3.172,
BR-1881,11,29,-14.09853,-46.13497,90.187,-22.479,2.666,-1.995,
BR-1935,16,34,-12.73635,-61.11025,148.282,-16.036,4.317,-4.566,
BR-1936,18,36,-19.28745,-46.51175,161.748,-22.442,4.19,-1.16,
BR-1937,09,27,-21.81525,-47.90195,76.297,-21.734,8.031,2.069,1998.39
BR-1938,14,32,-21.6546,-48.26635,126.497,-21.623,8.121,2.04,1998.26
BR-1941,08,26,-22.52555,-52.9722,59.488,-19.321,-1.191,-8.748,
BR-1949,15,33,-15.3959,-44.14515,137.11,-22.936,10.045,5.966,1968.56
BR-1952,03,21,-22.2159,-54.74195,12.009,-18.397,0.406,-7.616,
BR-1953,15,33,-20.20745,-53.77935,130.352,-19.365,-0.282,-8.025,
BR-1954,12,30,-20.1022,-52.4439,102.858,-20.064,2.922,-4.437,
BR-1962,11,29,-20.7771,-51.56475,93.032,-20.374,3.406,-3.712,
BR-2154,5,23,-20.67642,-51.03082,34.198,-20.635,4.833,-2.117,
BR-2489,14,32,-15.82375,-58.55165,124.122,-17.289,1.411,-7.252,
BR-2776,16,34,-17.06935,-45.44745,143.144,-22.759,5.904,1.136,2011.92
BR-3019,03,21,-17.71465,-54.41152,7.158,-19.41,-3.432,-11.231,
BR-3081,3,21,-17.6218,-50.14196,6.843,-21.334,-1.823,-8.308,
BR-3155,14,32,-11.25776,-54.92857,116.396,-19.542,-4.062,-11.358,
BR-3237,18,36,-15.5513,-58.58905,156.218,-17.303,-6.479,-15.131,
BR-ALT,10,28,-1.91694,-54.72278,82.267,-19.052,1.319,-4.281,
BS-0018,11,29,23.46665,-75.78165,108.288,-9.617,7.905,2.331,1993.81
BW-0022,17,35,-26.326,22.0946,150.615,-18.778,-0.608,-1.344,
BW-0030,13,31,-19.46718,23.37843,112.149,-9.672,-8.179,-5.541,1972.24
BY-0001,05,23,54.4398,30.29614,60.282,9.833,0.449,4.966,
BY-0022,07,25,53.68883,27.34103,76.751,8.883,-2.131,2.521,
BZ-0008,08,26,16.685,-88.34895,75.875,-1.358,-2.767,-8.62,
C00,17,35,41.2487,-90.7372,174.92,-1.783,6.703,1.618,2003.58
C07,07,25,39.2681,-108.8645,85.106,9.265,5.841,1.199,2017.13
C25,11,29,42.74195,-92.5079,107.325,-0.553,-2.122,-7.298,
C37,03,21,42.595,-89.37885,34.018,-2.915,6.933,2.164,1998.56
C37,09,27,42.5971,-89.384,88.287,-2.912,1.199,-3.571,
C37,15,33,42.59515,-89.38025,146.833,-2.914,-0.253,-5.022,
C40,09,27,40.7144,-85.246,89.997,-5.761,5.758,1.483,2007.82
C44,17,35,41.9557,-72.0543,150.338,-13.495,-6.167,-5.41,2007.67
C45,04,22,40.48955,-89.77735,25.456,-2.438,-12.106,-17.151,
C45,18,36,40.489,-89.77895,180.723,-2.437,3.16,-1.886,
C55,09,27,42.03725,-89.3933,89.219,-2.853,2.072,-2.764,
C56,09,27,41.37745,-87.67975,89.582,-4.068,3.65,-0.992,
C59,18,36,42.63415,-88.6011,184.87,-3.508,8.378,3.75,1984.36
C66,02,20,40.92975,-90.6311,23.599,-1.839,5.438,0.34,2018.27
C82,18,36,41.76295,-89.1018,180.0,-3.047,3.047,-1.777,
C89,08L,26R,42.70335,-87.959,80.177,-4.001,4.178,-0.318,
C89,08R,26L,42.70315,-87.95895,79.78,-4.001,3.781,-0.715,
C92,18,36,41.14665,-86.0644,180.0,-5.225,5.225,0.855,2018.73
C94,04,22,41.5665,-88.94805,39.508,-3.144,2.652,-2.172,
C97,18,36,41.23015,-87.5077,180.0,-4.18,4.18,-0.453,
CA-1018,05,23,45.35415,-79.1514,37.162,-10.612,-2.226,-3.111,
CA-1019,09,27,42.87225,-79.59585,79.831,-9.865,-0.305,-2.303,
CA-1029,08,26,53.91695,-118.8745,103.649,15.499,8.15,-1.097,2008.04
CA-1043,12,30,59.0615,-118.888,141.91,16.575,5.335,-7.462,2024.85
CA-1095,11,29,45.7185,-73.5979,95.417,-13.639,-0.944,0.833,
CA-1101,07,25,45.3475,-74.0767,55.79,-13.339,-0.871,0.507,
CA-1108,03,21,43.86097,-79.36903,20.599,-10.183,0.782,-0.776,
CA-1108,15,33,43.86,-79.3686,142.3,-10.183,2.483,0.925,
CA-1110,12,30,53.5717,-113.519,138.705,13.532,5.173,-3.756,2025.27
CA20,01,19,38.43045,-121.015,25.476,12.75,2.727,-1.203,
CA60,16,34,39.9496,-121.997,180.0,13.23,6.77,2.521,2008.33
CA62,10,28,35.71915,-120.768,118.89,12.165,6.725,3.32,2006.82
CA73,16,34,39.0957,-121.716,180.0,13.008,6.992,2.931,2005.97
CA90,08,26,34.5139,-115.5195,93.254,10.787,2.466,-0.974,
CA92,17,35,39.71055,-121.6165,185.316,13.116,2.2,-1.999,
CAA8,15,33,50.51665,-116.0,171.27,13.896,7.374,-0.177,2009.02
CAD4,16,34,49.06665,-117.6,180.0,14.106,5.894,-1.085,2018.17
CAD5,03,21,50.1218,-120.747,56.305,15.133,11.172,3.75,1986.27
CAH4,14,32,52.8532,-119.334,160.408,15.392,5.017,-3.666,2026.5
CAJ3,15,33,49.03695,-116.4985,169.364,13.764,5.6,-1.363,2020.88
CAJ4,13,31,52.4525,-125.303,145.817,16.412,-0.595,-9.1,
CAJ7,07,25,50.45,-113.75,87.308,13.052,4.256,-3.234,
CAL3,08,26,50.1667,-120.1835,100.218,15.016,5.202,-2.236,2025.02
CAM5,13,31,54.43335,-126.7835,150.559,16.991,3.568,-5.958,
CAQ5,12,30,50.26625,-117.813,140.85,14.417,6.434,-1.03,2014.18
CAT4,11,29,49.33735,-124.394,126.957,15.603,1.354,-5.768,
CAU3,18,36,49.17335,-119.551,197.526,14.651,2.876,-4.154,
CAU4,07,25,54.046,-124.0125,84.086,16.603,-2.517,-11.849,
CAU4,16,34,54.04095,-124.02,172.269,16.603,-4.334,-13.664,
CAZ5,15,33,50.78335,-121.317,171.895,15.4,6.495,-1.216,2014.39
CBBC,13,31,52.185,-128.157,150.816,16.588,4.228,-4.15,
CBJ4,07,25,51.24165,-121.9945,90.598,15.637,4.961,-2.96,
CBQ8,02,20,55.0667,-128.2335,43.728,17.212,6.516,-3.344,2017.16
CBR2,07,25,49.9036,-116.935,88.873,14.077,4.796,-2.51,
CBS2,03,21,49.2956,-103.01888,33.097,7.098,-4.001,-10.624,
CBS2,12,30,49.29395,-103.02084,130.434,7.099,3.335,-3.288,
CBS8,12,30,49.32205,-124.931,134.487,15.67,-1.183,-8.301,
CBX7,01,19,55.0254,-120.936,31.991,16.259,5.732,-4.17,2021.45
CBZ9,08,26,54.01335,-124.7685,104.007,16.697,7.31,-2.002,2012.42
CCC2,15,33,47.1372,-55.32915,127.65,-16.638,-5.712,3.101,2022.68
CCE3,02,20,46.5627,-67.1684,357.124,-15.972,-6.904,-1.903,2012.53
CCG4,08,26,46.1539,-64.7686,57.63,-16.306,-6.063,-0.352,2019.12
CCN2,06,24,44.71335,-66.7964,42.346,-15.611,-2.042,2.191,
CCP2,07,25,49.0561,-55.448,41.385,-17.179,-11.436,-1.84,1995.48
CCQ3,05,23,45.42105,-63.46435,27.068,-16.293,-6.639,-0.813,2015.24
CCQ3,09,27,45.41587,-63.46128,72.962,-16.292,-0.746,5.08,
CCQ3,16,34,45.42015,-63.4639,138.806,-16.293,-4.901,0.926,
CCR3,18,36,46.42615,-67.62795,159.043,-15.832,-5.125,-0.379,2025.68
CCS3,14,32,45.20735,-67.25045,119.386,-15.625,-4.99,-0.702,
CCS4,09,27,46.1486,-65.90415,72.048,-16.121,-1.831,3.453,
CCW3,10,28,45.0522,-64.65195,76.874,-16.063,-7.063,-1.839,2011.27
CCW4,02,20,45.10055,-63.92055,19.773,-16.169,15.942,21.457,
CCW4,09,27,45.10055,-63.9207,69.304,-16.169,-4.528,0.988,
CCW4,15,33,45.10305,-63.92095,129.033,-16.169,-4.797,0.719,
CCZ3,08,26,48.2747,-53.9239,53.583,-16.762,-9.654,-0.133,2003.37
CD-0042,05,23,-5.91875,12.4461,45.262,-1.804,-2.934,4.17,
CDA4,12,30,47.7164,-64.88245,105.55,-16.698,2.248,8.715,
CDA5,18,36,47.7736,-59.3129,160.051,-17.063,-2.886,5.307,
CDJ4,14,32,46.71325,-66.82835,115.526,-16.083,-8.391,-3.177,2001.79
CDT5,09,27,46.5094,-64.6938,73.042,-16.406,-0.552,5.362,
CDU6,11,29,46.55245,-66.0939,94.716,-16.188,0.903,6.319,
CDV2,05,23,47.75355,-67.426,31.939,-16.231,-1.83,3.705,
CDY3,10,28,49.65745,-54.2375,80.958,-17.21,-1.832,8.217,
CEA3,04,22,51.71065,-114.1115,60.103,13.432,6.672,-1.368,2012.8
CEA3,10,28,51.71127,-114.10646,116.43,13.43,3.0,-5.039,
CEA5,07,25,52.6469,-111.3845,89.995,12.389,7.606,-0.765,2007.9
CEA6,05,23,49.1625,-113.2405,62.706,12.614,0.092,-6.893,
CEB5,04,22,56.0814,-118.4345,59.188,15.835,3.353,-7.205,
CEC4,02,20,53.31915,-117.753,37.104,15.043,2.062,-6.845,
CED3,14,32,51.33435,-110.4915,157.311,11.74,5.572,-2.182,2020.76
CED5,05,23,49.8265,-112.185,65.112,12.287,2.825,-4.39,
CED5,13,31,49.82705,-112.184,151.175,12.286,8.889,1.673,2000.27
CEE5,07,25,55.9618,-113.819,88.867,14.1,4.768,-5.577,
CEF3,05,23,49.88335,-111.333,66.931,11.913,5.018,-2.2,2026.45
CEF4,12,30,51.26385,-113.9345,137.022,13.277,3.745,-4.091,
CEG3,17,35,52.48835,-113.712,180.0,13.414,-3.414,-11.805,
CEG4,17,35,51.49665,-112.749,180.0,12.823,-2.823,-10.729,
CEH3,16,34,52.6515,-113.606,180.0,13.4,6.6,-1.866,2013.34
CEH4,10,28,50.8221,-113.8245,121.073,13.151,7.922,0.277,2006.08
CEH4,16,34,50.82405,-113.819,180.0,13.149,6.851,-0.794,2011.5
CEH5,13,31,56.54625,-115.2745,140.973,14.824,-3.851,-14.653,
CEH6,12,30,52.33805,-110.2775,131.752,11.784,-0.032,-8.203,
CEJ3,07,25,52.30985,-112.754,87.983,12.969,5.014,-3.259,2026.5
CEJ4,03,21,50.00575,-113.632,48.517,12.923,5.593,-1.716,2020.81
CEJ6,08,26,53.89295,-110.7725,91.386,12.279,-0.893,-9.839,
CEL4,02,20,51.63115,-111.8985,38.578,12.464,6.113,-1.823,2015.73
CEL4,12,30,51.6314,-111.9045,133.942,12.467,1.475,-6.461,
CEL4,15,33,51.6304,-111.8995,170.19,12.465,7.725,-0.211,2007.0
CEL5,07,25,55.03235,-117.296,88.115,15.257,2.858,-7.016,
CEM4,04,22,52.08115,-114.03,62.194,13.468,8.725,0.518,2003.28
CEM4,10,28,52.07615,-114.03,117.794,13.468,4.326,-3.879,
CEM4,16,34,52.0786,-114.023,180.0,13.465,6.535,-1.671,2013.6
CEM5,10,28,54.6707,-115.4145,125.388,14.515,10.873,1.263,1997.33
CEN3,12,30,51.69655,-113.209,130.465,13.057,-2.592,-10.6,
CEN4,15,33,50.53235,-113.836,161.235,13.102,-1.867,-9.392,
CEN5,08,26,54.4775,-110.269,89.994,12.1,-2.105,-11.322,
CEP3,07,25,54.1,-114.433,89.994,14.015,5.978,-3.272,2018.23
CEQ3,14,32,53.03695,-112.8125,153.947,13.124,0.823,-7.803,
CER2,13,31,52.2167,-111.9335,149.161,12.58,6.582,-1.616,2012.98
CER3,14,32,53.26445,-114.959,159.896,14.063,5.833,-2.985,2019.36
CES4,10,28,54.14225,-113.741,118.951,13.733,5.218,-4.028,2024.96
CET9,11,29,61.51665,-120.6165,126.562,17.487,-0.924,-15.948,
CEU2,07,25,55.1842,-119.4475,89.994,15.929,4.065,-5.929,
CEV3,13,31,53.5143,-112.027,147.075,12.843,4.232,-4.597,
CEV7,10,28,53.3711,-112.697,117.89,13.131,4.759,-4.03,
CEW3,08,26,53.9932,-111.38,94.828,12.606,2.222,-6.818,
CEX3,12,30,52.96555,-113.4125,132.924,13.375,-0.451,-9.066,
CEY3,06,24,49.7,-113.417,74.197,12.781,1.415,-5.773,
CEZ4,08,26,58.404,-115.951,95.442,15.44,0.002,-12.221,
CFD4,05,23,49.48305,-111.4945,65.277,11.922,3.355,-3.721,
CFF7,11,29,52.83335,-110.9,127.284,12.179,5.105,-3.327,2025.71
CFG3,13,31,52.0167,-110.75,152.807,11.975,10.832,2.777,1990.55
CFH4,15,33,45.87,-63.46115,125.768,-16.399,-7.834,-1.794,2007.31
CFL2,02,20,50.6825,-110.0415,36.222,11.415,4.807,-2.67,
CFN7,15,33,51.77465,-114.67873,163.303,13.666,-0.363,-8.445,
CFP7,12,30,52.83055,-111.101,127.356,12.279,-4.923,-13.365,
CFS5,06,24,55.78345,-118.8395,87.952,15.89,12.062,1.695,1995.07
CFS6,13,31,57.14195,-115.0755,153.697,14.855,8.842,-2.376,2006.93
CFT8,07,25,56.16085,-113.4735,90.528,13.98,6.548,-3.908,2014.49
CFX2,16,34,50.7353,-113.9335,175.575,13.178,2.398,-5.213,
CFX4,07,25,56.9508,-117.644,89.988,15.767,4.221,-6.925,
CHL2,18,36,45.14281,-64.42646,161.36,-16.114,-2.526,2.825,
CJA3,10,28,49.21015,-98.059,106.672,3.459,3.212,-2.781,
CJA3,17,35,49.21365,-98.06485,178.123,3.464,4.659,-1.336,
CJB3,14,32,49.5493,-96.67915,150.462,2.347,8.115,2.352,1994.51
CJB8,08,26,50.83335,-108.07,90.744,10.382,0.361,-7.077,
CJC5,02,20,49.65885,-108.4045,32.606,10.416,2.19,-4.859,
CJC5,12,30,49.6579,-108.4065,134.789,10.417,4.372,-2.677,
CJD5,09,27,50.87725,-109.5005,106.917,11.165,5.752,-1.777,2018.62
CJE3,06,24,49.70015,-103.8,72.174,7.647,4.526,-2.26,
CJE3,12,30,49.6973,-103.8015,131.265,7.648,3.617,-3.169,
CJJ,15,33,43.3653,-92.1331,154.073,-0.877,4.949,-0.149,
CJJ4,08,26,49.1508,-100.4985,89.994,5.312,4.681,-1.653,
CJJ4,17,35,49.15415,-100.499,180.0,5.313,4.687,-1.648,
CJJ8,11,29,52.3428,-109.9185,123.153,11.597,1.555,-6.596,
CJK4,08,26,50.64265,-102.1055,87.934,6.523,1.41,-5.424,
CJL6,08,26,49.0953,-97.53915,89.997,3.053,6.943,1.048,2003.71
CJL6,17,35,49.09415,-97.5339,180.0,3.049,6.951,1.057,2003.66
CJM5,07,25,49.1667,-108.5665,88.817,10.438,8.379,1.484,2001.44
CJQ3,10,28,49.644,-102.286,112.323,6.611,5.712,-0.918,2016.63
CJQ4,06,24,49.89565,-109.475,72.135,11.011,1.124,-6.045,
CJQ4,17,35,49.8953,-109.4755,188.351,11.011,7.34,0.171,2007.58
CJQ6,03,21,81.40945,-76.88165,25.052,-42.201,37.253,88.886,
CJR2,11,29,52.0697,-109.374,120.735,11.267,-0.532,-8.532,
CJR4,11,29,51.14415,-108.7625,123.056,10.807,2.249,-5.344,
CJR4,16,34,51.14405,-108.7675,173.238,10.81,2.428,-5.165,
CJS4,13,31,50.43368,-105.38609,135.039,8.733,-3.694,-10.816,
CJV5,04,22,50.23275,-99.51055,50.883,4.575,6.308,-0.057,2009.45
CJV8,13,31,53.17258,-99.32299,134.984,4.369,0.614,-6.216,
CJW5,14,32,50.76835,-101.294,150.589,5.933,4.656,-2.093,
CJW5,17,35,50.76585,-101.295,172.237,5.933,-3.696,-10.444,
CJX,13,31,61.86785,-158.135,148.927,10.69,8.237,-2.465,2015.56
CJX5,14,32,49.6332,-100.2,150.874,5.098,5.776,-0.599,2014.59
CJY3,14,32,52.8365,-104.0665,139.558,8.031,-8.472,-16.22,
CJY3,17,35,52.8379,-104.073,180.0,8.035,1.965,-5.785,
CJZ3,08,26,52.86447,-104.70094,90.074,8.476,1.598,-6.255,
CKB7,13,31,51.23445,-101.3925,142.995,6.016,6.978,0.112,2006.27
CKD5,10,28,50.0989,-102.6065,104.715,6.856,-2.142,-8.91,
CKE8,02,20,52.4439,-109.1835,39.773,11.215,8.558,0.41,2002.79
CKE8,11,29,52.44985,-109.184,127.58,11.216,6.364,-1.786,2013.56
CKH2,12,30,50.46375,-101.5585,139.067,6.12,12.947,6.226,1961.19
CKK7,07,25,49.4976,-96.69893,75.399,2.365,3.034,-2.731,
CKK7,18,36,49.49398,-96.69776,178.962,2.364,-3.402,-9.166,
CKL5,10,28,50.4572,-100.6085,108.638,5.414,3.224,-3.357,
CKQ5,08,26,50.9942,-107.131,89.995,9.859,0.135,-7.3,
CKQ6,09,27,50.4993,-99.89765,95.446,4.873,0.573,-5.901,
CL-0017,14,32,-33.11739,-70.68384,0.0,-0.012,-139.988,-147.363,
CL-0019,03,21,-23.5557,-70.3969,29.938,-5.363,5.301,-3.457,2025.16
CL-SC49,09,27,-20.7347,-69.62565,87.211,-7.237,4.449,-4.643,
CL46,08,26,34.76765,-118.7315,91.874,11.587,0.287,-3.024,
CL56,14,32,39.71955,-121.8705,156.394,13.161,3.233,-0.966,
CLM2,01,19,42.025,-82.525,5.745,-7.83,3.576,0.313,
CML8,13,31,45.31157,-73.56651,113.051,-13.559,-3.391,-1.799,
CMT,10,28,-2.2469,-49.5601,85.361,-20.259,5.62,1.852,2009.0
CN-0036,04,22,23.42705,116.762,40.149,-3.956,4.105,2.005,
CN-0164,17,35,36.2661,120.3745,166.26,-7.625,3.885,1.831,
CN-0218,01,19,37.61145,117.8857,359.953,-7.386,-2.66,-4.647,
CN-0316,10,28,31.21543,120.79037,96.312,-6.425,2.737,0.565,
CN-0443,04,22,37.4003,121.37,37.66,-8.127,5.787,3.749,2015.42
CN13,09,27,38.44325,-121.509,105.091,12.84,2.251,-1.673,
CN37,01,19,35.38315,-118.225,26.849,11.595,5.254,1.816,2023.44
CN95,13,31,37.99335,-121.492,141.157,12.747,-1.589,-5.419,
CN99,12,30,37.54643,-121.15858,135.302,12.598,2.703,-1.042,
CNA3,07,25,44.40985,-79.7271,58.264,-10.065,-1.671,-3.168,
CNC3,08,26,43.7592,-79.875,70.966,-9.85,0.817,-0.978,
CNC3,15,33,43.76045,-79.8736,140.925,-9.851,0.777,-1.017,
CNE4,07,25,48.7407,-80.7918,59.382,-10.328,-0.29,-0.409,
CNE4,14,32,48.7393,-80.79375,128.93,-10.326,-0.744,-0.865,
CNE4,18,36,48.7425,-80.79455,168.015,-10.326,-1.659,-1.778,
CNF4,03,21,44.3633,-78.77975,9.622,-10.637,-9.742,-10.868,
CNF4,13,31,44.36452,-78.78384,115.995,-10.635,-3.37,-4.498,
CNL3,04,22,44.63945,-75.75015,30.156,-12.376,2.532,2.829,
CNL3,16,34,44.64,-75.74875,146.139,-12.377,-1.484,-1.186,
CNP3,10,28,45.4093,-76.36515,85.765,-12.223,-2.012,-1.643,
CNP3,16,34,45.41235,-76.36545,147.654,-12.224,-0.123,0.248,
CNQ3,05,23,42.97905,-79.324,40.086,-10.05,0.135,-1.722,
CNQ3,11,29,42.97671,-79.32404,99.881,-10.049,-0.069,-1.928,
CNQ3,16,34,42.97705,-79.32085,139.805,-10.051,-10.144,-12.001,
CNQ4,14,32,42.92795,-80.74655,132.86,-9.15,2.01,-0.394,
CNR4,12,30,45.23345,-81.63335,106.819,-8.979,-4.203,-6.158,
CNV8,08,26,44.44091,-79.96376,72.742,-9.922,2.664,1.083,
CNV8,13,31,44.43803,-79.96563,117.526,-9.921,-2.553,-4.136,
CNY3,01,19,44.4482,-80.164,8.175,-9.797,7.971,6.313,1920.71
CNY3,13,31,44.44848,-80.15923,118.317,-9.8,-1.883,-3.54,
CNZ8,04,22,43.16,-79.59915,31.388,-9.913,1.301,-0.598,
CO-0054,07,25,11.49875,-72.9892,60.868,-10.075,0.943,-6.074,
CO00,08,26,39.2836,-103.0715,89.997,6.44,3.558,-1.471,
CO00,14,32,39.28125,-103.07,154.329,6.439,7.89,2.862,1999.8
CO00,17,35,39.28,-103.067,180.0,6.437,3.563,-1.465,
CO12,12,30,39.9828,-104.7045,130.394,7.375,3.019,-1.994,
CO15,17,35,39.2247,-104.64,180.0,7.271,2.729,-2.19,
CO55,16,34,40.5972,-105.1435,168.05,7.662,0.388,-4.685,
CO80,04,22,38.0725,-104.045,45.582,6.862,-1.28,-6.101,
CO80,12,30,38.0725,-104.045,128.323,6.862,1.461,-3.361,
CO90,17,35,38.7575,-104.308,180.0,7.058,2.942,-1.941,
CPE4,17,35,43.44265,-80.23205,160.548,-9.568,0.116,-1.926,
CPF2,11,29,46.42665,-84.09055,102.493,-7.458,-0.049,-2.55,
CPF2,18,36,46.42155,-84.095,172.724,-7.453,0.177,-2.327,
CPL6,08,26,53.47442,-113.82943,94.939,13.646,1.293,-7.597,
CPR7,13,31,43.86805,-81.2983,120.702,-8.952,-0.345,-2.642,
CPT2,06,24,45.9775,-81.4947,50.0,-9.22,-0.781,-2.407,
CPU6,09,27,44.18265,-77.1096,77.601,-11.561,-0.838,-1.332,
CPU6,15,33,44.18455,-77.10665,137.705,-11.563,-0.732,-1.224,
CPV9,15,33,50.03795,-107.25406,162.916,9.821,3.095,-4.026,
CPZ3,06R,24L,44.0693,-77.3379,48.057,-11.412,-0.53,-1.168,
CPZ3,16,34,44.07225,-77.33985,143.411,-11.412,-5.177,-5.815,2023.14
CRF5,08,26,52.28028,-106.68409,89.491,9.727,-0.236,-8.107,
CSB3,15,33,45.59013,-73.23795,135.44,-13.765,-0.794,1.083,
CSD4,08,26,46.5694,-75.56185,65.284,-12.911,-1.805,-0.511,
CSE4,10,28,45.63956,-74.37044,85.659,-13.271,-1.07,0.315,
CSE5,08,26,47.00135,-70.51585,61.519,-15.154,-3.327,0.504,
CSG3,15,33,46.04475,-73.5015,133.588,-13.759,-2.653,-0.669,
CSG5,02,20,46.68525,-71.15165,2.335,-14.852,-2.813,0.567,
CSH4,15,33,49.0302,-77.0171,136.719,-12.775,-0.507,1.406,
CSJ4,09,27,46.25,-72.91665,74.071,-14.059,-1.87,0.486,
CSL3,03,21,46.6228,-72.63195,13.415,-14.269,-2.316,0.364,
CSL3,16,34,46.62085,-72.63155,144.268,-14.269,-1.463,1.215,
CSM3,06,24,46.05165,-71.2572,43.659,-14.656,-1.684,1.318,
CSQ3,05,23,45.481,-72.3104,33.213,-14.122,-2.665,-0.422,
CSR3,06,24,46.11092,-71.93166,44.062,-14.42,-1.519,1.212,
CSR8,18,36,48.9172,-79.1786,163.171,-11.44,-5.39,-4.622,2021.88
CSU2,14,32,53.8057,-78.91697,128.685,-13.195,1.88,5.988,
CSU3,02,20,45.60515,-73.01415,4.283,-13.864,-1.854,0.132,
CSY3,03,21,45.98015,-73.0424,12.944,-13.941,-3.115,-0.954,
CTA4,10,28,47.4493,-79.418,89.993,-10.915,0.908,0.826,
CTT5,11,29,50.2596,-60.674,93.177,-17.81,0.987,10.082,
CU-0102,05,23,22.50645,-79.46985,47.223,-7.437,4.66,-1.48,
CU-0103,07,25,23.00735,-82.76755,65.52,-5.507,1.027,-5.169,
CU-0104,08,26,22.5132,-78.51095,76.37,-7.998,4.368,-1.698,
CU-0105,08,26,22.42135,-83.6784,74.39,-4.879,-0.731,-6.949,
CYAB,13,31,73.00639,-85.04732,127.862,-24.224,22.086,67.324,
CYAG,03,21,48.6557,-93.44225,34.856,-0.254,5.11,0.082,2022.47
CYAG,12,30,48.6544,-93.44055,125.747,-0.255,6.002,0.975,2007.01
CYAM,04,22,46.48475,-84.5086,33.648,-7.157,0.805,-1.836,
CYAM,12,30,46.48349,-84.50955,107.838,-7.156,-5.007,-7.648,2026.39
CYAT,06,24,52.92759,-82.43198,49.122,-10.354,-0.524,0.811,
CYAU,07,25,44.2303,-64.8561,53.876,-15.854,-0.27,4.497,
CYAV,04,22,50.05345,-97.03125,46.58,2.609,3.972,-1.898,
CYAV,13,31,50.0586,-97.03085,132.479,2.608,-0.129,-5.999,
CYAV,18,36,50.05745,-97.03785,189.738,2.614,7.124,1.253,2001.69
CYAX,18,36,50.2942,-96.00975,184.027,1.752,2.275,-3.371,
CYAY,10,28,51.3919,-56.08315,79.529,-18.0,-2.47,8.104,
CYAZ,07,25,49.0759,-125.7705,89.992,15.712,4.28,-2.748,
CYAZ,11,29,49.07845,-125.7745,125.945,15.713,0.232,-6.796,
CYAZ,16,34,49.0826,-125.78,174.484,15.714,-1.23,-8.261,
CYBB,05,23,68.53445,-89.80805,49.323,-12.467,11.791,29.483,
CYBC,10,28,49.13225,-68.2072,80.579,-16.444,-2.977,3.04,
CYBD,05,23,52.3876,-126.5955,70.895,16.526,4.369,-4.105,
CYBE,06,24,59.5614,-108.4815,75.268,11.603,3.664,-8.785,
CYBF,08,26,54.30405,-110.7435,91.377,12.327,-0.95,-10.111,
CYBG,11,29,48.33265,-70.9954,90.619,-15.354,-4.026,0.341,
CYBG,18,36,48.3297,-70.9929,163.35,-15.354,-1.295,3.071,
CYBL,12,30,49.95204,-125.27306,135.002,15.851,-0.849,-8.227,
CYBR,08,26,49.9073,-99.9521,88.702,4.913,3.789,-2.596,
CYBR,14,32,49.91,-99.94555,148.282,4.908,3.373,-3.01,
CYBV,09,27,52.35889,-97.01795,89.741,2.461,-2.72,-8.764,
CYBW,08,26,51.1048,-114.3713,90.018,13.419,-3.401,-11.177,
CYBW,17,35,51.10532,-114.37874,179.94,13.422,-3.482,-11.259,
CYBX,05,23,51.4421,-57.18635,27.327,-18.114,-4.56,5.868,
CYCC,10,28,45.09275,-74.56335,83.343,-13.056,-3.601,-2.565,
CYCE,10,28,43.28295,-81.50865,91.244,-8.712,-0.044,-2.606,
CYCE,16,34,43.28555,-81.5054,150.906,-8.715,-0.38,-2.94,
CYCG,15,33,49.29625,-117.6325,167.103,14.163,2.94,-4.128,
CYCK,06,24,42.3064,-82.08195,43.307,-8.172,-8.522,-11.568,
CYCL,12,30,47.9904,-66.33135,104.66,-16.529,1.188,7.276,
CYCN,13,31,49.10555,-81.0136,119.237,-10.269,-0.495,-0.543,
CYCP,01,19,52.11665,-119.285,32.267,15.219,7.048,-1.267,2011.91
CYCQ,05,23,55.6872,-121.6265,72.236,16.553,5.683,-4.627,2022.05
CYCT,11,29,52.075,-111.4455,126.431,12.325,4.107,-4.006,
CYCW,07,25,49.15275,-121.939,80.805,15.164,-4.359,-11.391,
CYCZ,16,34,50.33195,-115.8735,168.763,13.816,-5.053,-12.525,
CYDA,03,21,64.04305,-139.1275,48.549,17.423,1.125,-13.82,
CYDB,11,29,61.3711,-139.0405,127.269,17.248,0.022,-13.065,
CYDC,04,22,49.4675,-120.512,48.168,14.939,-6.771,-13.922,
CYDL,02,20,58.42225,-130.0325,47.39,17.908,9.482,-2.393,2008.45
CYDN,02,20,51.1038,-100.05,27.701,4.99,2.711,-3.896,
CYDN,08,26,51.1067,-100.0525,89.996,4.992,5.003,-1.605,2026.56
CYDN,14,32,51.1014,-100.0525,149.154,4.992,4.162,-2.445,
CYDO,11,29,48.77855,-72.3749,93.776,-14.961,-1.263,2.743,
CYDQ,07,25,55.74165,-120.1815,85.534,16.238,-0.704,-11.051,
CYEE,16,34,44.68484,-79.92939,148.471,-9.991,-1.537,-3.013,
CYEG,02,20,53.32155,-113.582,33.516,13.513,0.004,-8.798,
CYEG,12,30,53.29655,-113.5785,134.879,13.507,1.372,-7.416,
CYEL,12,30,46.35125,-82.5614,112.23,-8.553,0.783,-1.141,
CYEM,02,20,45.8428,-81.85805,11.354,-8.944,0.298,-1.527,
CYEN,08,26,49.20795,-102.9655,89.579,7.057,2.522,-4.076,
CYEN,15,33,49.2126,-102.9675,156.658,7.058,-0.4,-6.999,
CYES,16,34,47.49055,-68.48195,140.13,-15.897,-3.974,0.991,
CYET,07,25,53.5789,-116.465,90.671,14.677,5.994,-3.029,2018.37
CYEV,06,24,68.3038,-133.483,85.772,18.507,7.265,-13.053,2020.7
CYEY,14,32,48.5639,-78.24975,128.167,-11.923,0.089,1.13,
CYFB,16,34,63.75659,-68.55609,135.526,-23.897,-0.577,19.075,
CYFC,09,27,45.86665,-66.5374,70.663,-15.932,-3.405,1.492,
CYFC,15,33,45.869,-66.53055,131.127,-15.934,-2.94,1.961,
CYFD,05,23,43.13252,-80.34034,42.895,-9.445,2.339,0.151,
CYFD,11,29,43.13386,-80.34391,98.493,-9.443,-2.064,-4.253,
CYFD,17,35,43.13066,-80.34779,164.344,-9.44,3.784,1.592,
CYFE,09,27,48.7461,-69.09725,70.36,-16.085,-3.556,1.87,
CYFJ,02,20,46.40945,-74.77975,10.629,-13.259,3.888,5.466,
CYFO,19,01,54.67805,-101.682,189.739,6.279,-6.54,-14.415,
CYFR,13,31,61.18085,-113.6895,138.888,14.866,-5.979,-20.708,
CYFS,14,32,61.7603,-121.237,156.134,17.672,-1.538,-16.77,
CYGB,14,32,49.69375,-124.5175,156.622,15.699,0.923,-6.344,
CYGD,05,23,43.7663,-81.7115,29.563,-8.659,-11.777,-14.258,
CYGD,10,28,43.76405,-81.706,92.059,-8.662,0.721,-1.758,
CYGD,14,32,43.7675,-81.70835,121.67,-8.661,-9.668,-12.147,
CYGE,14,32,51.29835,-116.9815,159.427,14.378,5.049,-2.856,2026.23
CYGK,07,25,44.22257,-76.59579,53.375,-11.848,-4.778,-5.033,
CYGL,13,31,53.62535,-77.70415,112.872,-13.902,-3.227,1.445,
CYGM,15,33,50.6279,-97.04205,150.301,2.589,-2.288,-8.201,
CYGP,10,28,48.77502,-64.48173,84.036,-17.059,1.095,8.272,
CYGQ,08,26,49.77869,-86.93855,73.183,-5.888,-0.929,-3.499,
CYGR,07,25,47.42435,-61.7807,52.492,-16.925,-0.583,6.753,
CYGR,16,34,47.42565,-61.78095,138.72,-16.925,-4.356,2.982,
CYGV,08,26,50.28195,-63.6114,63.486,-17.638,1.124,9.432,
CYHB,06,24,52.81665,-102.3115,66.606,6.746,-0.14,-7.579,
CYHD,12,30,49.83158,-92.7437,115.412,-0.969,-3.619,-8.368,
CYHF,04,22,49.71405,-83.68595,32.956,-8.47,1.427,0.347,
CYHM,06,24,43.17215,-79.92625,48.6,-9.713,-1.688,-3.708,
CYHM,12,30,43.1764,-79.9353,107.858,-9.708,-2.435,-4.456,
CYHN,07,25,49.1931,-84.7589,59.203,-7.516,-3.281,-5.083,
CYHR,07,25,50.46895,-59.6367,54.851,-17.884,2.735,12.183,
CYHS,01,19,44.15835,-81.0628,0.0,-9.16,-0.84,-2.951,
CYHS,09,27,44.15835,-81.0628,80.743,-9.16,-0.097,-2.208,
CYHU,06L,24R,45.51807,-73.418,46.926,-13.671,0.597,2.357,
CYHU,06R,24L,45.515,-73.40915,47.294,-13.674,0.968,2.73,
CYHU,10,28,45.51125,-73.4207,83.237,-13.668,-3.095,-1.34,
CYHY,05,23,60.84165,-115.779,65.255,15.78,-0.525,-14.975,
CYHY,14,32,60.83955,-115.7895,157.467,15.784,1.683,-12.766,
CYHZ,14,32,44.88735,-63.50625,126.111,-16.168,2.278,7.844,
CYIB,04,22,48.774,-91.6387,39.423,-1.776,1.199,-3.328,
CYID,06,24,44.5459,-65.78575,42.634,-15.77,-1.596,2.959,
CYIF,01,19,51.21165,-58.65835,352.847,-18.114,0.961,11.005,
CYIK,07,25,62.4172,-77.92525,51.198,-18.572,-0.229,15.046,
CYJM,10,28,54.39725,-124.263,123.142,16.716,6.426,-3.101,2016.82
CYJN,02,20,45.29415,-73.2758,0.0,-13.681,-6.319,-4.604,2011.05
CYJN,06,24,45.29515,-73.28095,44.969,-13.679,-1.353,0.361,
CYJN,11,29,45.2925,-73.2816,89.994,-13.678,-6.328,-4.616,2010.93
CYJT,02,20,48.53905,-58.5531,355.584,-17.259,-7.157,1.578,2015.13
CYJT,09,27,48.5446,-58.54985,71.654,-17.26,-1.086,7.652,
CYKA,05,23,50.70055,-120.439,62.019,15.191,-3.173,-10.842,
CYKD,13,31,68.2233,-135.006,152.706,18.275,4.431,-15.337,
CYKF,08,26,43.46164,-80.37826,66.295,-9.479,-4.226,-6.317,
CYKF,14,32,43.459,-80.38555,128.449,-9.473,-2.077,-4.172,
CYKG,14,32,61.58848,-71.9294,121.447,-21.196,2.643,18.896,
CYKL,17,35,54.80475,-66.8047,148.933,-18.902,-2.165,8.288,
CYKM,05,23,44.20265,-81.60045,42.926,-8.81,1.736,-0.562,
CYKM,13,31,44.2015,-81.60665,121.216,-8.806,0.022,-2.278,
CYKO,08,26,60.8186,-78.1486,63.133,-17.303,0.436,12.953,
CYKX,08,26,48.21025,-79.98125,70.667,-10.737,1.405,1.42,
CYKY,08,26,51.5183,-109.1805,89.994,11.085,-1.091,-8.854,
CYKY,17,35,51.5151,-109.18,180.0,11.085,-1.085,-8.846,
CYLB,11,29,54.7703,-112.0315,129.468,13.057,6.412,-3.098,2014.43
CYLD,05,23,47.8201,-83.3528,39.363,-8.285,-2.352,-4.059,
CYLD,10,28,47.82165,-83.3468,92.096,-8.29,0.386,-1.318,
CYLI,14,32,50.6747,-121.8935,163.299,15.491,7.808,0.141,2007.9
CYLJ,09,27,54.1237,-108.5225,100.064,11.058,-0.994,-9.863,
CYLJ,17,35,54.12715,-108.5155,174.675,11.054,-6.38,-15.249,
CYLL,08,26,53.3092,-110.0725,89.99,11.822,-1.832,-10.437,
CYLL,11,29,53.31025,-110.088,120.258,11.83,-1.572,-10.179,
CYLQ,01,19,47.4096,-72.78875,352.881,-14.408,-2.711,0.319,
CYLR,18,36,56.5136,-99.98515,183.391,4.778,-1.386,-9.271,
CYLS,10,28,44.48604,-79.55563,86.418,-10.187,-3.395,-4.793,
CYMA,07,25,63.6164,-135.868,89.987,18.065,1.921,-13.223,
CYME,09,27,48.8563,-67.4516,71.383,-16.544,-2.073,4.078,
CYMG,05,23,49.0839,-85.8606,42.368,-6.62,-1.013,-3.345,
CYMJ,03,21,50.32945,-105.553,43.686,8.829,4.857,-2.246,
CYMJ,11L,29R,50.33245,-105.559,118.006,8.833,-0.827,-7.931,
CYMJ,11R,29L,50.3264,-105.56,117.661,8.833,-1.172,-8.275,
CYML,14,32,47.5975,-70.2239,126.467,-15.411,1.877,6.163,
CYMM,08,26,56.6532,-111.2245,89.985,12.94,-2.955,-13.573,
CYMO,06,24,51.2921,-80.6029,43.244,-11.173,-5.584,-4.215,2020.62
CYMO,14,32,51.2921,-80.6136,127.159,-11.165,-1.675,-0.313,
CYMT,04,22,49.77185,-74.528,28.197,-14.305,2.502,6.097,
CYMW,03,21,46.27445,-75.99,16.754,-12.619,-0.627,0.323,
CYMX,06,24,45.68205,-74.00516,44.956,-13.449,-1.595,-0.023,
CYMY,10,28,50.71765,-93.38345,100.031,-0.525,0.556,-4.325,
CYNA,14,32,50.18985,-61.7892,118.103,-17.749,-4.148,4.624,
CYND,09,27,45.5217,-75.5636,75.182,-12.664,-2.154,-1.369,
CYNH,05,23,56.03555,-121.976,73.811,16.7,7.112,-3.418,2013.74
CYNM,15,33,49.7617,-77.8025,134.266,-12.528,-3.206,-1.266,
CYOC,04,22,67.56945,-139.8395,60.479,17.243,3.236,-14.523,
CYOD,04,22,54.40365,-110.27,51.543,12.089,-0.546,-9.723,
CYOD,13L,31R,54.405,-110.2875,143.684,12.099,1.585,-7.594,
CYOD,13R,31L,54.40555,-110.2965,142.799,12.104,0.695,-8.485,
CYOJ,13,31,58.6214,-117.165,152.83,15.932,6.897,-5.528,2014.71
CYOO,05,23,43.9229,-78.895,29.433,-10.482,-10.084,-11.428,
CYOO,12,30,43.9226,-78.89665,108.953,-10.481,-0.565,-1.91,
CYOP,09,27,58.49135,-119.408,110.461,16.612,3.849,-8.473,
CYOS,18,36,44.59045,-80.83765,170.179,-9.388,-0.433,-2.306,
CYOW,04,22,45.33049,-75.68626,27.03,-12.559,-0.411,0.228,
CYOW,07,25,45.31925,-75.6579,57.221,-12.571,-0.208,0.439,
CYOW,14,32,45.31891,-75.67058,126.31,-12.564,-1.126,-0.485,
CYPA,08,26,53.218,-105.67313,89.991,9.163,0.827,-7.295,
CYPA,16,34,53.21425,-105.67271,170.042,9.163,0.879,-7.242,
CYPD,11,29,45.6565,-61.36835,89.993,-16.501,-3.506,3.128,
CYPE,04,22,56.22665,-117.447,61.334,15.554,5.78,-4.862,2020.98
CYPG,02,20,49.9078,-98.2671,19.187,3.607,-4.42,-10.523,
CYPG,09,27,49.9118,-98.2718,88.366,3.61,-5.244,-11.349,
CYPG,13L,31R,49.9079,-98.2743,132.521,3.613,-1.092,-7.196,
CYPG,13R,31L,49.90105,-98.2739,134.15,3.612,0.538,-5.566,
CYPH,06,24,58.47193,-78.07702,46.758,-15.93,2.689,12.007,
CYPK,08L,26R,49.2189,-122.71,95.223,15.318,-0.095,-7.158,
CYPK,08R,26L,49.2143,-122.712,96.092,15.317,0.775,-6.286,
CYPK,18,36,49.2162,-122.7075,197.582,15.317,2.265,-4.797,
CYPL,09,27,51.4465,-90.2141,89.992,-3.415,3.407,-0.14,
CYPN,11,29,49.8364,-64.2886,89.992,-17.414,-2.594,5.246,
CYPQ,09,27,44.23054,-78.3632,75.953,-10.858,-3.189,-4.195,
CYPQ,13,31,44.22956,-78.35671,116.348,-10.862,-2.79,-3.793,
CYPR,13,31,54.2861,-130.445,150.376,17.088,3.288,-6.115,
CYPS,06,24,50.3025,-122.7375,82.669,15.563,7.106,-0.404,2011.24
CYPT,10,28,41.7806,-82.67803,89.507,-7.691,-2.802,-6.175,
CYPU,05,23,52.11285,-124.1445,67.09,16.189,0.901,-7.437,
CYPW,09,27,49.83355,-124.49959,105.576,15.728,-0.152,-7.476,
CYPX,01,19,60.05211,-77.28761,347.061,-17.379,-5.561,6.332,2024.59
CYPY,04,22,58.7671,-111.1175,51.728,13.176,-1.448,-13.643,
CYPZ,11,29,54.37645,-125.9515,135.502,16.908,8.594,-0.908,2007.77
CYQA,18,36,44.97665,-79.30625,169.759,-10.439,0.198,-0.906,
CYQB,06,24,46.79109,-71.39374,44.378,-14.792,-0.83,2.499,
CYQB,11,29,46.7878,-71.39165,97.362,-14.792,2.154,5.481,
CYQD,13,31,53.97135,-101.091,133.259,5.805,-2.545,-10.045,
CYQF,12,30,52.17915,-113.894,129.579,13.431,-3.853,-12.102,
CYQG,07,25,42.2791,-82.9559,62.004,-7.575,-0.422,-3.748,
CYQG,12,30,42.27025,-82.96195,115.394,-7.569,2.964,-0.367,
CYQH,09,27,60.1175,-128.8205,109.032,18.219,0.813,-12.369,
CYQI,06,24,43.8236,-66.08985,42.243,-15.562,-2.195,1.907,
CYQI,15,33,43.8325,-66.08615,133.043,-15.564,-1.393,2.715,
CYQK,08,26,49.78835,-94.3632,77.185,0.411,-3.226,-8.445,
CYQL,06,24,49.6269,-112.8025,69.713,12.516,-2.803,-9.955,
CYQL,13,31,49.6307,-112.7915,139.458,12.512,-3.055,-10.207,
CYQM,06,24,46.1161,-64.68098,42.493,-16.309,-1.197,4.527,
CYQM,11,29,46.10732,-64.6786,87.486,-16.308,-6.207,-0.486,2018.15
CYQN,09,27,50.18265,-86.69625,84.544,-6.174,0.718,-1.607,
CYQQ,12,30,49.71095,-124.887,135.058,15.751,-0.692,-7.968,
CYQQ,18,36,49.71385,-124.897,202.548,15.752,6.796,-0.481,2012.83
CYQR,08,26,50.4282,-104.667,89.306,8.271,1.035,-6.025,
CYQR,13,31,50.43125,-104.6595,137.26,8.266,-1.007,-8.066,
CYQS,03,21,42.76945,-81.1032,21.606,-8.893,0.498,-2.082,
CYQS,09,27,42.7728,-81.10985,83.36,-8.889,2.249,-0.333,
CYQS,15,33,42.76915,-81.10945,140.732,-8.888,-0.379,-2.962,
CYQT,07,25,48.37345,-89.31955,70.549,-3.659,4.208,0.349,
CYQT,12,30,48.371,-89.3288,121.531,-3.651,5.182,1.319,2011.13
CYQU,07,25,55.1844,-118.885,89.988,15.775,4.213,-5.777,
CYQU,12,30,55.18189,-118.89015,134.819,15.776,-0.957,-10.945,
CYQV,04,22,51.2653,-102.462,43.053,6.805,-3.752,-10.788,
CYQV,13,31,51.2621,-102.457,132.755,6.801,-4.046,-11.081,
CYQW,06,24,52.76715,-108.2475,77.334,10.727,6.607,-1.607,2011.95
CYQW,12,30,52.76915,-108.2425,139.082,10.724,8.358,0.144,2003.47
CYQX,03,21,48.9346,-54.56425,10.939,-17.037,-2.024,7.667,
CYQX,13,31,48.9497,-54.56875,107.2,-17.042,-5.758,3.938,2022.74
CYQY,06,24,46.1605,-60.05115,46.185,-16.652,2.838,10.095,
CYQY,18,36,46.1607,-60.039,164.831,-16.652,1.484,8.744,
CYQZ,13,31,53.0261,-122.5105,148.908,16.132,2.777,-6.013,
CYRC,06,24,48.5233,-71.0572,40.431,-15.388,-4.181,0.27,
CYRC,12,30,48.51686,-71.05056,104.813,-15.388,0.201,4.651,
CYRC,18,36,48.52235,-71.0497,161.1,-15.39,-3.51,0.944,
CYRI,05,23,47.76445,-69.5849,33.397,-15.658,-0.945,3.709,
CYRJ,16,34,48.52,-72.26555,143.015,-14.93,-2.055,1.848,
CYRL,08,26,51.06695,-93.79305,80.441,-0.21,0.651,-4.343,
CYRM,13,31,52.42975,-114.904,145.6,13.879,1.721,-6.676,
CYRO,09,27,45.46068,-75.64332,78.875,-12.61,1.485,2.204,
CYRP,10,28,45.31915,-76.0222,84.067,-12.383,-3.549,-3.067,
CYRV,12,30,50.96665,-118.183,137.652,14.671,2.981,-4.789,
CYSA,05,23,43.4157,-80.93375,41.781,-9.113,0.893,-1.419,
CYSA,17,35,43.41545,-80.93945,162.197,-9.109,1.306,-1.009,
CYSB,04,22,46.6254,-80.79845,28.596,-9.826,-1.578,-2.651,
CYSB,12,30,46.62725,-80.7979,106.413,-9.827,-3.761,-4.832,
CYSC,13,31,45.4385,-71.69135,118.991,-14.351,3.342,5.841,
CYSG,06,24,46.09635,-70.71465,46.121,-14.858,0.979,4.245,
CYSH,06,24,44.94575,-75.94055,48.023,-12.344,0.367,0.716,
CYSH,15,33,44.94503,-75.93636,137.024,-12.346,-0.63,-0.279,
CYSJ,05,23,45.31085,-65.8874,29.888,-15.924,-4.188,0.69,
CYSJ,14,32,45.3258,-65.89155,121.119,-15.927,-2.954,1.93,
CYSK,09,27,56.5369,-79.25013,70.048,-14.139,-5.813,0.564,2022.24
CYSL,18,36,47.1573,-67.8363,156.407,-15.971,-7.622,-2.575,2007.26
CYSM,03,21,60.02355,-111.958,39.072,13.807,-4.735,-18.147,
CYSM,12,30,60.0221,-111.9605,130.784,13.808,-3.024,-16.435,
CYSN,01,19,43.1893,-79.17735,358.219,-10.176,-1.605,-3.332,
CYSN,06,24,43.19205,-79.17115,52.71,-10.18,2.89,1.167,
CYSN,11,29,43.1925,-79.17435,96.226,-10.179,-3.595,-5.319,
CYSP,16,34,48.7553,-86.34445,152.811,-6.164,-1.024,-3.67,
CYSU,05,23,46.4403,-63.8335,35.837,-16.498,2.335,8.521,
CYSW,17,35,49.83335,-114.8835,183.395,13.369,0.026,-7.233,
CYSZ,14,32,49.12,-66.52915,120.461,-16.823,-2.716,3.937,
CYTA,17,35,45.86445,-77.2517,156.78,-11.841,-1.379,-1.202,
CYTF,13,31,48.50875,-71.64195,113.714,-15.169,-1.117,3.064,
CYTH,06,24,55.80026,-97.86241,60.986,2.912,-1.926,-8.705,
CYTH,15,33,55.80677,-97.86048,151.008,2.909,-1.901,-8.68,
CYTN,06,24,45.61185,-62.6211,45.964,-16.414,2.378,8.584,
CYTN,10,28,45.61045,-62.62335,81.418,-16.414,-2.168,4.036,
CYTR,06,24,44.11744,-77.52932,47.339,-11.315,-1.346,-2.046,
CYTR,13,31,44.1154,-77.5319,120.233,-11.313,1.546,0.844,
CYTS,03,21,48.5707,-81.37445,21.221,-9.883,1.104,0.622,
CYTS,10,28,48.56955,-81.37655,91.257,-9.881,1.138,0.655,
CYTZ,08,26,43.62922,-79.3962,71.305,-10.123,1.428,-0.225,
CYUB,10,28,69.4331,-133.02615,126.479,18.447,8.032,-13.886,2019.4
CYUL,06L,24R,45.47217,-73.75047,42.648,-13.514,-3.838,-2.251,
CYUL,06R,24L,45.46734,-73.7287,42.676,-13.523,-3.801,-2.207,
CYUY,08,26,48.2058,-78.8353,62.151,-11.469,-6.38,-5.813,2005.41
CYVB,13,31,48.07105,-65.4602,114.872,-16.708,1.58,8.031,
CYVC,11,29,55.1497,-105.2685,110.871,9.029,-8.158,-17.055,
CYVC,18,36,55.15135,-105.262,189.626,9.025,0.602,-8.295,
CYVG,10,28,53.356,-110.8235,118.363,12.222,6.141,-2.538,2015.49
CYVK,05,23,50.24805,-119.3305,69.588,14.826,4.762,-2.705,
CYVO,18,36,48.05325,-77.78265,169.137,-12.067,1.203,2.203,
CYVP,07,25,58.0904,-68.4274,43.351,-20.169,-6.479,6.493,2021.16
CYVP,13,31,58.10345,-68.4193,103.077,-20.179,-6.744,6.243,2020.2
CYVQ,10,28,65.28165,-126.798,119.003,18.843,0.16,-18.229,
CYVR,08L,26R,49.2028,-123.1805,99.292,15.393,3.899,-3.161,
CYVR,08R,26L,49.18725,-123.1845,100.471,15.39,5.08,-1.973,2025.98
CYVR,13,31,49.19205,-123.1915,141.579,15.392,-3.814,-10.869,
CYVT,06,24,55.84195,-108.433,80.754,11.21,9.545,-0.239,2001.04
CYVT,12,30,55.8389,-108.4225,128.152,11.203,-3.051,-12.832,
CYVV,05,23,44.7442,-81.11055,43.479,-9.237,2.716,0.791,
CYVV,11,29,44.7421,-81.10585,99.524,-9.24,-1.237,-3.16,
CYWG,13,31,49.90405,-97.2397,137.297,2.785,4.513,-1.39,
CYWG,18,36,49.91045,-97.23795,189.264,2.783,6.481,0.579,2006.44
CYWK,18,36,52.92273,-66.86467,160.343,-18.09,-1.567,7.435,
CYWL,12,30,52.1825,-122.0535,136.058,15.858,0.2,-8.165,
CYWM,17,35,54.7432,-113.204,180.0,13.605,-3.605,-13.167,
CYWV,13,31,52.79585,-110.8575,138.18,12.151,-3.971,-12.384,
CYWY,11,29,63.20945,-123.437,131.104,18.301,2.803,-13.759,
CYXC,16,34,49.6115,-115.7825,177.732,13.642,4.09,-3.09,
CYXE,09,27,52.17635,-106.7,100.987,9.726,1.261,-6.572,
CYXE,15,33,52.17107,-106.70086,162.622,9.726,2.896,-4.935,
CYXH,03,21,50.0189,-110.7205,44.595,11.647,2.948,-4.304,
CYXH,09,27,50.0158,-110.719,105.857,11.646,4.211,-3.04,
CYXJ,03,21,56.2385,-120.7385,44.567,16.479,-1.912,-12.582,
CYXJ,12,30,56.23835,-120.7415,136.071,16.48,-0.409,-11.079,
CYXK,07,25,48.47805,-68.4968,48.669,-16.172,-5.159,0.356,2025.56
CYXL,16,34,50.11408,-91.90568,159.096,-1.724,0.82,-3.625,
CYXR,08,26,47.6976,-79.8471,63.301,-10.699,-6.0,-6.166,2008.69
CYXR,16,34,47.69235,-79.85805,149.185,-10.69,-0.124,-0.298,
CYXS,01,19,53.8903,-122.6735,31.14,16.354,4.786,-4.464,
CYXS,06,24,53.8872,-122.6805,78.512,16.355,2.158,-7.091,
CYXT,03,21,54.4635,-128.574,51.699,17.097,4.602,-4.921,
CYXT,15,33,54.46855,-128.5875,171.85,17.099,4.751,-4.774,
CYXU,09,27,43.0399,-81.15235,78.007,-8.906,-3.087,-5.6,
CYXU,15,33,43.03305,-81.14895,138.665,-8.907,-2.429,-4.942,
CYXX,01,19,49.025,-122.3745,24.803,15.216,-0.413,-7.398,
CYXX,07,25,49.01965,-122.36,86.723,15.212,1.511,-5.471,
CYXY,14L,32R,60.71004,-135.06382,159.3,17.883,1.417,-11.65,
CYXY,14R,32L,60.70965,-135.067,157.871,17.882,-0.012,-13.078,
CYXZ,03,21,47.96665,-84.7867,23.548,-7.233,0.781,-1.481,
CYYB,08,26,46.36335,-79.4229,64.713,-10.661,-4.627,-5.203,
CYYB,13,31,46.36835,-79.4218,119.0,-10.662,-0.338,-0.911,
CYYB,18,36,46.36375,-79.424,168.193,-10.66,-1.147,-1.724,
CYYC,11,29,51.121,-114.0215,118.95,13.285,-4.335,-12.112,
CYYC,17L,35R,51.12915,-113.99,180.0,13.274,-3.274,-11.053,
CYYC,17R,35L,51.114,-114.021,180.0,13.283,-3.283,-11.057,
CYYD,15,33,54.82485,-127.1825,172.692,17.105,5.587,-4.152,2022.92
CYYE,04,22,58.83555,-122.602,56.779,17.41,-0.631,-13.156,
CYYE,08,26,58.83695,-122.5885,103.908,17.408,6.5,-6.027,2018.21
CYYF,16,34,49.46125,-119.6015,182.289,14.725,7.564,0.42,2008.04
CYYG,03,21,46.28915,-63.1253,9.164,-16.534,-4.302,2.053,
CYYJ,03,21,48.6469,-123.4265,44.814,15.309,-0.496,-7.34,
CYYJ,09,27,48.6485,-123.426,105.075,15.31,-0.235,-7.079,
CYYJ,14,32,48.64655,-123.428,150.884,15.31,-4.426,-11.27,
CYYL,08,26,56.86115,-101.076,87.37,5.722,1.648,-6.804,
CYYL,17,35,56.86375,-101.07,180.0,5.717,4.283,-4.167,
CYYN,04,22,50.2911,-107.695,49.321,10.103,-0.782,-8.01,
CYYN,13,31,50.2925,-107.6895,135.241,10.1,-4.859,-12.088,
CYYO,09,27,51.8089,-104.169,100.43,8.038,2.392,-5.03,
CYYQ,07,25,58.75345,-94.06115,71.3,-1.387,2.688,-1.67,
CYYQ,15,33,58.7345,-94.06655,152.622,-1.376,3.999,-0.367,
CYYR,08,26,53.31265,-60.4274,54.772,-18.931,-6.297,4.61,2020.83
CYYR,15,33,53.325,-60.4204,132.879,-18.936,1.815,12.731,
CYYT,10,28,47.62415,-52.7561,85.804,-16.409,2.213,11.66,
CYYT,16,34,47.6182,-52.74265,142.094,-16.405,-1.501,7.945,
CYYU,17,35,49.41385,-82.4675,156.191,-9.31,-4.5,-5.118,
CYYW,12,30,50.29665,-88.91735,116.542,-4.325,0.867,-2.403,
CYYW,18,36,50.29015,-88.90955,178.652,-4.331,2.983,-0.285,
CYYY,06,24,48.61,-68.2086,38.938,-16.286,-4.776,0.933,
CYYY,15,33,48.6045,-68.20985,133.168,-16.284,-0.548,5.157,
CYYZ,05,23,43.6843,-79.6486,46.867,-9.978,6.845,5.112,1974.88
CYYZ,06L,24R,43.67001,-79.6104,46.528,-9.999,-3.473,-5.196,
CYYZ,06R,24L,43.66679,-79.60958,46.52,-9.999,-3.482,-5.206,
CYYZ,15L,33R,43.68095,-79.62805,136.83,-9.99,-3.18,-4.906,
CYYZ,15R,33L,43.67665,-79.64,137.128,-9.982,-2.891,-4.623,
CYZD,15,33,43.7425,-79.46555,138.946,-10.102,-0.953,-2.592,
CYZE,11,29,45.88525,-82.56775,97.338,-8.457,-4.204,-6.297,
CYZF,10,28,62.4683,-114.44,116.472,15.382,1.09,-15.143,
CYZF,16,34,62.463,-114.4425,176.106,15.383,0.723,-15.504,
CYZH,10,28,55.2933,-114.778,115.04,14.384,0.656,-9.307,
CYZP,13,31,53.2543,-131.814,143.634,16.855,-3.22,-12.095,
CYZR,06,24,42.9993,-82.30695,49.491,-8.129,-2.38,-5.301,
CYZR,15,33,42.9993,-82.30875,136.674,-8.128,-5.198,-8.119,
CYZT,08,26,50.6803,-127.367,92.992,16.209,-3.217,-10.917,
CYZT,11,29,50.68165,-127.365,131.197,16.209,4.988,-2.712,
CYZT,16,34,50.6804,-127.3715,176.634,16.209,0.425,-7.275,
CYZU,11,29,54.14385,-115.787,125.157,14.55,0.607,-8.711,
CYZV,09,27,50.2204,-66.26585,69.509,-17.226,-3.265,4.141,
CYZV,13,31,50.22695,-66.2647,109.342,-17.228,-3.43,3.981,
CYZW,09,27,60.1728,-132.743,106.354,18.067,-1.713,-14.616,
CYZX,08,26,44.9859,-64.9186,64.04,-16.009,0.049,5.143,
CYZX,12,30,44.9804,-64.91655,106.885,-16.008,2.893,7.985,
CYZY,17,35,55.3043,-123.132,184.811,16.747,-1.937,-12.0,
CZ-0192,15,33,49.97719,16.18509,149.334,5.548,-6.213,-0.889,2017.34
CZAM,14,32,50.6828,-119.2285,157.611,14.894,2.717,-4.936,
CZBA,09,27,43.44135,-79.85025,79.702,-9.808,-0.49,-2.387,
CZBA,14,32,43.4417,-79.84945,130.782,-9.809,0.59,-1.307,
CZBB,07,25,49.078,-123.008,90.712,15.337,5.375,-1.634,2023.42
CZBM,05,23,45.29094,-72.74197,37.396,-13.904,1.3,3.255,
CZBM,05R,23L,45.2908,-72.7404,34.449,-13.905,-1.647,0.309,
CZFA,09,27,62.2075,-133.376,113.198,18.282,4.915,-9.452,
CZFM,12,30,67.4069,-134.85976,143.245,18.344,4.901,-13.997,
CZGF,07,25,49.0153,-118.43,89.993,14.328,5.665,-1.298,2020.39
CZHP,07,25,55.3936,-116.4755,88.941,15.051,3.89,-6.189,
CZJN,02,20,52.1206,-101.236,27.137,5.913,1.224,-5.823,
CZJN,08,26,52.1163,-101.236,85.345,5.913,-0.568,-7.613,
CZML,15,33,51.73665,-121.3335,161.114,15.615,-4.501,-12.648,
CZMT,13,31,54.0248,-132.11749,145.644,16.999,-1.356,-10.604,
CZNL,04,22,49.494,-117.3005,59.622,14.105,5.517,-1.628,2021.83
CZPC,08,26,49.5206,-113.997,89.989,12.977,-2.988,-10.115,
CZST,18,36,55.93545,-129.98399,192.293,17.426,-5.133,-15.451,
CZUC,05,23,49.4296,-91.7179,49.286,-1.793,1.079,-3.392,
CZUM,13,31,53.5626,-64.10595,104.587,-18.805,-6.609,3.652,2019.27
CZVL,08,26,53.67264,-113.85067,99.985,13.692,6.292,-2.703,2015.25
CZVL,16,34,53.66745,-113.86521,180.0,13.698,6.302,-2.691,2015.17
D03,12,30,46.3068,-98.93885,124.907,4.139,0.768,-5.044,
D06,17,35,48.29265,-97.3941,180.0,2.963,7.037,1.228,2003.17
D15,11,29,43.64445,-84.982,98.954,-6.339,-4.707,-8.288,
D20,09,27,43.1125,-82.7874,89.997,-7.819,7.816,4.77,1977.76
D24,08,26,47.6594,-99.66415,89.996,4.679,5.316,-0.71,2021.66
D29,17,35,48.61855,-97.177,180.0,2.783,7.217,1.419,2001.64
D32,15,33,45.59875,-95.5375,173.052,1.615,21.438,15.988,
D41,17,35,48.46095,-96.86575,175.311,2.543,2.769,-2.967,
D49,07,25,48.8986,-102.792,69.988,6.922,-6.934,-13.449,
D58,12,30,45.415,-101.086,131.343,5.607,5.736,-0.085,2016.94
D58,17,35,45.4147,-101.082,180.0,5.604,4.396,-1.425,
D61,03,21,48.3588,-100.3945,36.097,5.221,0.876,-5.321,
D63,09,27,40.49205,-123.598,110.645,13.591,7.054,2.688,2006.23
D65,17,35,43.4341,-98.3988,174.411,3.725,0.686,-4.858,
D90,10,28,44.9237,-85.06495,102.377,-6.473,8.85,5.567,1970.56
D90,18,36,44.9264,-85.0686,180.0,-6.471,6.471,3.187,1990.88
DA10,05,23,26.5752,8.48609,53.381,2.258,1.123,5.864,
DA10,09,27,26.57365,8.48341,95.076,2.257,2.819,7.56,
DA11,09,27,30.87915,-3.06773,85.551,0.545,-4.994,1.255,
DA12,12,30,32.8985,0.52468,115.396,1.432,-6.036,-0.08,2017.61
DA13,06,24,28.87925,-5.8229,51.323,-0.252,-8.425,-1.997,1998.66
DA14,05,23,35.9061,0.14613,44.07,1.488,-7.417,-1.22,2006.52
DA14,13,31,35.90765,0.15124,126.461,1.489,-5.028,1.169,2026.37
DA15,18,36,34.8972,0.15169,175.108,1.451,-6.343,-0.214,2015.65
DA16,09,27,27.5828,-7.49972,82.361,-0.791,-6.848,-0.32,2012.46
DA16,09L,27R,27.5869,-7.50026,82.427,-0.791,-6.782,-0.254,2013.01
DA16,09R,27L,27.5851,-7.50007,82.46,-0.791,-6.749,-0.221,2013.28
DAAB,06,24,36.5047,2.81262,66.282,2.056,4.226,10.13,
DAAD,04,22,35.33278,4.20595,41.838,2.26,-0.422,5.227,
DAAE,08,26,36.7118,5.06986,80.373,2.487,-2.114,3.512,
DAAF,08,26,27.06235,1.1111,79.204,1.13,-1.926,3.644,
DAAG,05,23,36.7034,3.23579,52.921,2.146,0.775,6.638,
DAAG,09,27,36.69165,3.19037,91.626,2.137,-0.511,5.358,
DAAJ,02,20,24.28405,9.44829,21.219,2.178,-0.959,3.644,
DAAJ,13,31,24.285,9.46444,125.254,2.18,-6.926,-2.324,2004.72
DAAK,04,22,36.54585,2.87632,42.647,2.07,0.577,6.476,
DAAN,08,26,26.71005,0.28567,71.168,0.945,-9.777,-4.126,1982.56
DAAP,09,27,26.7235,8.62265,90.414,2.291,-1.877,2.855,
DAAQ,09L,27R,35.5266,2.87875,91.166,2.025,-0.859,4.972,
DAAQ,09R,27L,35.5243,2.87873,91.166,2.025,-0.859,4.972,
DAAS,09,27,36.17849,5.32992,86.859,2.505,-5.645,-0.086,2020.41
DAAT,02,20,22.81145,5.45107,22.364,1.444,0.919,5.861,
DAAT,08,26,22.8093,5.43773,81.79,1.442,0.348,5.291,
DAAV,17,35,36.7951,5.87361,171.008,2.633,-1.624,3.903,
DAAY,06,24,33.5341,-0.24487,50.963,1.306,-10.343,-4.256,1981.32
DAAY,17,35,33.5227,-0.23661,160.021,1.307,-11.287,-5.201,1974.44
DAAZ,07,25,35.7522,0.62627,66.864,1.584,-4.72,1.408,
DABB,05,23,36.82695,7.81677,51.752,2.96,-1.208,4.07,
DABB,18,36,36.8317,7.81072,186.91,2.959,3.95,9.229,
DABC,13,31,36.27665,6.62402,135.801,2.731,3.07,8.468,
DABC,16,34,36.27545,6.61653,159.085,2.73,-3.644,1.754,
DABS,11,29,35.43318,8.12379,113.003,2.918,0.085,5.243,
DABS,12,30,35.42963,8.12079,124.003,2.918,1.085,6.244,
DABT,05,23,35.7521,6.30859,54.806,2.647,2.158,7.565,
DAFH,08,26,32.93045,3.31154,79.116,1.961,-2.845,2.771,
DAFH,09,27,32.9323,3.3091,88.215,1.961,-3.745,1.871,
DAOB,08,26,35.34115,1.46314,81.255,1.74,-0.485,5.512,
DAOE,07,25,35.7371,-0.80443,64.978,1.274,-6.296,0.004,2016.35
DAOF,08L,26R,27.70175,-8.1675,75.643,-0.969,-3.388,3.205,
DAOF,08R,26L,27.699,-8.1667,75.457,-0.969,-3.574,3.019,
DAOI,07,25,36.21256,1.33154,66.444,1.748,-5.304,0.768,2023.92
DAOI,08,26,36.21755,1.34407,77.234,1.751,-4.516,1.554,
DAOL,08,26,35.54245,-0.53227,75.726,1.328,-5.601,0.653,2021.57
DAON,07,25,35.01335,-1.4572,69.81,1.103,-1.293,5.034,
DAOO,07L,25R,35.62279,-0.62411,67.311,1.31,-3.999,2.272,
DAOO,07R,25L,35.6194,-0.62557,67.376,1.31,-3.934,2.337,
DAOR,06,24,31.6461,-2.27851,60.031,0.768,-0.737,5.47,
DAOR,18,36,31.64535,-2.26122,179.964,0.772,-0.808,5.396,
DAOS,10,28,35.1718,-0.59328,97.732,1.301,-3.569,2.667,
DAOV,08,26,35.20775,0.14714,79.853,1.462,-1.609,4.54,
DAOY,04,22,33.7219,1.09249,42.522,1.589,0.933,6.871,
DATG,08,26,19.56049,5.74956,82.288,1.138,1.15,6.023,
DATM,08,26,21.37819,0.92881,78.055,0.529,-2.474,2.918,
DAUA,04,22,27.83765,-0.18639,39.585,0.948,-1.363,4.395,
DAUB,13,31,34.7934,5.73831,129.6,2.494,-2.894,2.528,
DAUE,10,28,30.5686,2.86695,102.09,1.723,0.367,5.904,
DAUE,18,36,30.58595,2.86153,179.484,1.723,-2.239,3.3,
DAUG,12,30,32.37645,3.80835,122.316,2.012,0.303,5.826,
DAUG,18,36,32.39415,3.79527,182.486,2.011,0.474,6.0,
DAUH,18,36,31.6729,6.14046,184.227,2.345,1.882,7.084,
DAUI,05,23,27.251,2.51202,50.984,1.396,-0.413,5.002,
DAUK,01,19,33.07335,6.08958,8.464,2.438,-3.974,1.307,
DAUL,16L,34R,33.76475,2.92939,156.916,1.942,-5.026,0.688,2026.36
DAUL,16R,34L,33.764,2.9273,156.971,1.941,-4.971,0.743,
DAUO,02,20,33.5041,6.77923,17.945,2.577,-4.632,0.587,
DAUO,13,31,33.51875,6.77431,130.188,2.577,-2.389,2.832,
DAUT,06,24,29.2367,0.27597,56.489,1.147,-4.658,1.117,
DAUU,01,19,31.91875,5.40902,15.955,2.247,3.708,9.01,
DAUU,18,36,31.91615,5.41676,178.949,2.248,-3.299,2.002,
DAUZ,05,23,28.05435,9.64626,46.9,2.552,-5.652,-0.982,2018.76
DAUZ,14,32,28.06085,9.63561,145.115,2.551,2.564,7.235,
DBBB,06,24,6.35719,2.38444,53.087,-1.503,-5.41,0.277,2022.58
DE-0047,06,24,48.61503,8.75567,65.533,3.722,1.811,7.968,
DE-0047,07,25,48.61579,8.76003,71.68,3.723,-2.043,4.114,
DE-0062,13,31,47.96296,11.99562,134.704,4.424,0.279,5.911,
DE-0075,04,22,47.65837,11.23467,40.487,4.237,-3.749,1.952,
DE-0081,08,26,47.5827,10.6875,82.825,4.112,-1.287,4.481,
DE-0114,10,28,48.38552,9.07627,101.93,3.788,-1.858,4.227,
DE-0114,10L,28R,48.38571,9.07956,103.382,3.789,-0.407,5.677,
DE-0118,08L,26R,52.66941,10.09302,88.841,4.281,4.56,11.077,
DE-0118,08R,26L,52.66875,10.08344,82.528,4.278,-1.75,4.769,
DE-0179,12,30,51.82205,6.27435,128.143,3.15,4.992,11.92,
DE-0202,06,24,48.48545,8.77805,58.745,3.722,-4.977,1.162,
DE-0210,08,26,51.10107,6.3936,82.77,3.175,-0.405,6.405,
DE-0215,05,23,49.41198,8.35014,45.42,3.654,-8.235,-1.923,2003.34
DE-0238,05,23,48.10696,8.76091,51.498,3.701,-2.204,3.893,
DE-0238,05G,23G,48.10764,8.76418,48.137,3.702,-5.565,0.531,2022.37
DE-0247,08,26,48.45828,9.29767,79.716,3.844,-4.128,1.935,
DE-0247,08G,26G,48.45923,9.30085,79.471,3.845,-4.374,1.688,
DE-0247,08L,26R,48.45805,9.29186,79.418,3.843,-4.425,1.638,
DE-0279,13,31,48.76234,9.33393,122.619,3.868,-11.249,-5.155,1974.63
DE-0282,15,33,48.57046,9.73149,158.547,3.952,4.594,10.609,
DE-0282,16,34,48.57343,9.72924,160.916,3.952,-3.036,2.98,
DE-0304,13,31,48.28483,9.46571,132.715,3.875,-1.16,4.858,
DE-0309,09,27,48.52926,9.39751,87.421,3.871,-6.45,-0.393,2016.41
DE-0309,11,29,48.52948,9.39964,97.211,3.872,-16.661,-10.604,1926.75
DE-0311,07,25,47.70019,10.02067,75.837,3.971,1.866,7.74,
DE-0311,07G,25G,47.70123,10.02769,75.805,3.973,1.832,7.705,
DE-0311,07L,25R,47.70068,10.02229,77.69,3.971,3.719,9.593,
DE-0313,10,28,48.04465,9.03047,100.585,3.762,-3.177,2.875,
DE-0313,10G,28G,48.04403,9.03639,100.061,3.763,-3.702,2.348,
DE-0321,08,26,48.40926,9.44245,78.322,3.876,-5.554,0.482,2022.44
DE-0322,17L,35R,48.50277,8.47853,166.586,3.65,-7.065,-0.882,2012.31
DE-0322,17R,35L,48.50251,8.47821,166.574,3.65,-7.077,-0.894,2012.23
DE-0328,05,23,48.87431,8.21303,52.578,3.6,-1.022,5.243,
DE-0332,07,25,48.51328,9.33315,72.708,3.855,-1.148,4.916,
DE-0478,09,27,48.6095,9.47075,78.074,3.893,-15.819,-9.762,1931.34
DE-0478,13,31,48.60829,9.47573,130.458,3.894,-3.436,2.619,
DE-0533,09,27,48.40589,9.6218,90.147,3.918,-3.771,2.24,
DE-0877,06,24,53.427,11.78345,64.963,4.82,0.143,6.545,
DE-0878,07,25,52.4385,12.4582,72.69,4.916,-2.226,3.933,
DE-0879,09,27,53.0288,13.51625,89.994,5.264,-5.27,0.837,2024.71
DE-0880,07,25,53.5034,8.57427,68.131,3.88,-5.749,1.108,2021.93
DE-0880,16,34,53.50705,8.57289,163.397,3.88,-0.482,6.375,
DE-0881,10,28,50.1692,8.96159,99.786,3.842,-4.055,2.268,
DE-0882,10,28,53.53355,7.88866,101.628,3.672,-2.044,4.912,
DE-0883,07,25,48.0705,10.906,72.428,4.192,-1.764,4.029,
DE-0885,09,27,48.2056,11.26715,92.782,4.282,-1.5,4.259,
DE-0886,09,27,51.9228,8.30633,91.121,3.738,-2.616,4.04,
DFFD,04,22,12.35307,-1.51238,33.274,-1.242,-5.484,0.213,2022.03
DFOO,06,24,11.16005,-4.33097,52.796,-2.157,-5.047,1.007,2026.2
DGAA,03,21,5.60519,-0.16679,22.392,-2.304,-5.304,0.641,2023.86
DGLE,05,23,9.55719,-0.86321,44.503,-1.614,-3.882,1.862,
DGLW,03,21,10.08265,-2.50769,19.792,-1.908,-8.3,-2.408,1997.06
DGSI,02,20,6.71456,-1.59082,11.52,-2.412,-6.068,-0.081,2017.67
DGSN,07,25,7.36183,-2.32876,63.374,-2.454,-4.172,1.845,
DGTK,04,22,4.89605,-1.77476,29.734,-2.913,-7.353,-1.216,2007.4
DIAP,03,21,5.26138,-3.92629,22.403,-3.432,-4.165,2.141,
DIBK,03,21,7.7388,-5.07367,24.225,-3.123,-2.653,3.629,
DIDL,04,22,6.79281,-6.47318,27.942,-3.787,-8.271,-1.798,2000.56
DIKO,09,27,9.38718,-5.55666,79.991,-2.872,-7.137,-0.878,2009.51
DIMN,04,22,7.27207,-7.58736,24.537,-4.012,-11.45,-4.887,1976.87
DISP,03,21,4.74671,-6.66082,19.72,-4.432,-5.848,0.744,2020.52
DIYO,05,23,6.90317,-5.36558,42.091,-3.42,-4.489,1.865,
DN50,06,24,9.88465,6.81863,60.71,0.077,0.633,5.762,
DN51,06,24,7.45723,6.46113,56.964,-0.38,-2.657,2.696,
DN53,05,23,10.59895,7.44871,45.866,0.302,-4.437,0.609,
DN54,05,23,10.9201,11.50115,46.676,1.107,-4.431,0.446,
DN55,01,19,4.64218,7.94904,10.112,-0.535,0.646,6.256,
DN56,13,31,5.62533,5.19238,124.945,-0.992,-4.063,1.533,
DN57,04,22,13.0074,7.65779,36.594,0.665,-4.07,0.817,
DNAA,04,22,9.00679,7.26318,35.092,0.034,-4.942,0.236,
DNAK,03,21,7.24678,5.301,24.239,-0.667,-5.094,0.335,2025.56
DNBE,05,23,6.31658,5.599,45.743,-0.769,-3.488,2.017,
DNCA,03,21,4.97605,8.34729,26.932,-0.384,-2.685,2.874,
DNEN,08,26,6.47405,7.5616,80.134,-0.305,0.44,5.85,
DNGU,05,23,12.17165,6.69611,46.655,0.379,-3.724,1.262,
DNIB,05,23,7.36242,3.97834,40.19,-0.938,-8.872,-3.379,1989.44
DNIL,05,23,8.44011,4.49397,49.251,-0.632,-0.117,5.254,
DNIM,17,35,5.42715,7.20602,167.113,-0.565,-2.321,3.217,
DNJO,10,28,9.63982,8.86908,95.221,0.444,-5.224,-0.162,2023.77
DNKA,05,23,10.69585,7.32014,49.787,0.291,-0.505,4.54,
DNKN,05,23,12.04675,8.52978,44.765,0.699,-5.934,-1.035,2016.32
DNKN,06,24,12.0488,8.51993,61.142,0.697,0.445,5.344,
DNMA,05,23,11.8552,13.0813,46.643,1.497,-4.855,-0.088,
DNMK,05,23,7.70388,8.61394,51.839,0.115,1.724,6.972,
DNMM,18L,36R,6.58461,3.32914,180.0,-1.235,1.235,6.839,
DNMM,18R,36L,6.57015,3.31356,180.0,-1.242,1.242,6.848,
DNMN,05,23,9.65234,6.46235,45.327,-0.029,-4.644,0.521,
DNPO,03,21,5.01545,6.94953,28.248,-0.699,-1.053,4.542,
DNSO,08,26,12.9159,5.20689,76.78,0.209,-3.429,1.617,
DNYO,17,35,9.25768,12.43045,170.508,1.088,-0.58,4.422,
DNZA,05,23,11.1302,7.68572,49.477,0.421,-0.944,4.054,
DRRM,09,27,13.5025,7.12675,83.835,0.634,-6.799,-1.906,2007.48
DRRN,09L,27R,13.48545,2.18582,87.288,-0.278,-2.434,2.845,
DRRT,06,24,14.8757,5.26536,59.547,0.486,-0.939,4.031,
DRZA,07,25,16.96595,8.00016,68.157,1.201,-3.044,1.679,
DRZD,04,22,18.9687,12.86865,41.661,2.161,-0.499,3.912,
DRZF,09,27,13.3729,12.6267,88.586,1.576,-2.99,1.682,
DRZI,01,19,19.06836,8.41526,10.819,1.499,-0.68,3.983,
DRZR,05,23,13.77895,8.98376,53.238,0.993,2.245,7.026,
DT70,08,26,33.35025,10.444,77.724,3.105,-5.38,-0.602,2022.06
DTG,09,27,41.1326,-88.43865,88.195,-3.482,1.678,-3.122,
DTG,18,36,41.1341,-88.44325,177.613,-3.479,1.093,-3.707,
DTKA,09,27,36.9805,8.87531,93.089,3.138,-0.049,5.103,
DTMB,07,25,35.75785,10.754,73.56,3.334,0.226,5.08,
DTNH,09,27,36.0757,10.4386,90.379,3.312,-2.933,1.976,
DTTA,01,19,36.85315,10.2276,12.26,3.337,-1.076,3.899,
DTTA,11,29,36.84935,10.23245,112.662,3.337,-0.676,4.299,
DTTB,08,26,37.2422,9.78659,81.911,3.297,-1.386,3.666,
DTTB,11,29,37.24725,9.79893,110.898,3.3,-2.402,2.649,
DTTD,02,20,32.3061,10.3821,22.794,3.013,-0.218,4.524,
DTTF,05,23,34.4221,8.82251,48.559,2.953,-4.394,0.625,
DTTI,13,31,36.72135,9.94315,126.052,3.285,-7.232,-2.229,2004.75
DTTJ,09,27,33.87545,10.77715,88.145,3.192,-5.047,-0.283,2026.0
DTTR,11,29,31.70375,9.25436,115.007,2.807,2.2,7.042,
DTTX,15,33,34.71795,10.691,148.112,3.246,-5.134,-0.322,2024.91
DTTZ,09,27,33.9396,8.10106,89.99,2.811,-2.82,2.261,
DXNG,03,21,9.76733,1.09125,21.875,-1.128,-6.997,-1.453,2007.93
DXXX,04,22,6.16574,1.25414,38.586,-1.817,0.403,6.189,
DZ-0016,17,35,26.39359,5.3254,179.19,1.777,7.413,12.474,
E36,16,34,38.921,-120.865,180.0,12.82,7.18,3.143,2004.23
E53,7,25,43.84625,-83.0468,77.568,-7.757,15.325,12.405,
E55,13,31,38.8016,-123.5305,145.073,13.231,1.842,-2.135,
E68,06R,24L,33.08515,-112.1615,72.139,9.593,2.546,-0.938,
E70,16,34,29.6024,-97.99055,179.472,3.219,16.253,11.441,
E79,12,30,36.84015,-119.8695,133.264,12.217,1.047,-2.593,
EBAW,11,29,51.1901,4.46291,109.842,2.616,-2.774,4.319,
EBBE,04L,22R,50.75785,4.767,39.466,2.708,-3.242,3.751,
EBBE,04R,22L,50.75535,4.77048,38.55,2.709,-4.159,2.833,
EBBL,05L,23R,51.16845,5.46999,49.996,2.911,-2.915,4.035,
EBBL,05R,23L,51.16695,5.47185,49.99,2.912,-2.921,4.028,
EBBR,01,19,50.8999,4.49672,14.454,2.629,1.826,8.875,
EBBR,07L,25R,50.90575,4.47915,65.214,2.623,-7.409,-0.356,2011.8
EBBR,07R,25L,50.89395,4.50186,69.93,2.63,-2.7,4.348,
EBBX,06,24,49.88725,5.22886,58.455,2.84,-4.385,2.428,
EBCI,06,24,50.46086,4.45631,65.525,2.62,2.904,9.901,
EBCV,08,26,50.57675,3.83873,79.982,2.44,-2.458,4.64,
EBFN,02,20,51.09322,2.65773,12.1,2.075,-9.975,-2.643,1994.03
EBFN,11,29,51.09025,2.65294,108.171,2.073,-3.902,3.43,
EBFS,08L,26R,50.2436,4.64933,78.992,2.677,-3.685,3.256,
EBFS,08R,26L,50.2381,4.64825,79.739,2.677,-2.937,4.003,
EBKT,06,24,50.81865,3.20866,62.183,2.249,-0.066,7.152,
EBLG,04L,22R,50.6387,5.44188,45.25,2.901,2.348,9.23,
EBLG,04R,22L,50.6376,5.44438,44.891,2.902,1.988,8.869,
EBOS,08,26,51.2,2.87502,76.316,2.138,-5.822,1.495,2021.59
EBSL,06,24,50.9475,5.59055,59.516,2.945,-3.429,3.473,
EBST,06,24,50.7919,5.20167,57.459,2.833,-5.374,1.562,2024.18
EBSU,07,25,50.03495,5.44111,66.005,2.899,-6.894,-0.092,2014.7
EBTX,06,24,50.55108,5.85389,54.565,3.017,-8.452,-1.64,2003.38
EBUL,07,25,51.1451,3.47804,67.113,2.323,-5.21,2.015,2025.29
EBWE,07,25,51.39475,4.9602,68.278,2.762,-4.484,2.568,
EBZR,05,23,51.2691,4.76239,48.468,2.704,-4.236,2.826,
EBZW,03L,21R,51.01507,5.52567,32.588,2.927,-0.339,6.582,
EC-0003,09,27,-3.43516,-79.97785,91.025,-3.375,4.4,-3.014,
EC-0063,02,20,0.33842,-78.13645,25.509,-5.377,10.886,3.18,1988.13
EDAB,07,25,51.19355,14.51975,73.22,5.312,-2.093,3.61,
EDAB,07L,25R,51.1932,14.51275,73.177,5.311,-2.134,3.57,
EDAC,04,22,50.98269,12.5075,39.499,4.795,-5.296,0.647,2024.41
EDAD,09,27,51.8318,12.18405,91.289,4.788,-3.499,2.607,
EDAE,11,29,52.19735,14.5857,114.148,5.449,-1.301,4.539,
EDAH,10,28,53.87885,14.1514,105.383,5.541,-0.158,6.001,
EDAH,10L,28R,53.87837,14.15775,105.865,5.543,0.322,6.48,
EDAH,10R,28L,53.87885,14.1466,105.748,5.54,0.209,6.368,
EDAM,08,26,51.363,11.94085,80.985,4.684,-3.7,2.373,
EDAQ,11,29,51.552,12.05265,114.616,4.729,-0.113,5.971,
EDAU,12,30,51.2928,13.3578,122.099,5.037,-2.938,2.933,
EDAU,12R,30L,51.29701,13.34661,120.292,5.034,-4.743,1.131,
EDAV,10,28,52.82639,13.70123,99.969,5.291,-5.322,0.73,2024.32
EDAW,09L,27R,51.57748,12.49594,98.494,4.846,3.648,9.675,
EDAW,09R,27L,51.57678,12.49576,98.56,4.846,3.714,9.741,
EDAX,07,25,53.3064,12.75315,74.823,5.083,-0.259,5.993,
EDAY,05,23,52.58,13.9157,49.38,5.32,-5.94,0.045,2019.96
EDAY,05R,23L,52.57945,13.91655,49.609,5.32,-5.711,0.274,2021.56
EDBC,07,25,51.85595,11.418,77.459,4.588,2.872,9.086,
EDBC,07G,25G,51.85316,11.40459,77.443,4.584,2.859,9.075,
EDBE,10,28,52.43709,12.59306,100.868,4.953,-4.085,2.056,
EDBF,10,28,52.79348,12.76029,104.264,5.033,-0.769,5.403,
EDBJ,02,20,50.91515,11.7145,20.579,4.59,-4.011,2.03,
EDBJ,08,26,50.91505,11.7132,76.23,4.59,-8.359,-2.318,2001.92
EDBK,14,32,52.91865,12.4256,143.765,4.953,-1.188,5.048,
EDBK,14R,32L,52.9183,12.42481,143.728,4.953,-1.225,5.012,
EDBL,09,27,51.2461,11.6936,92.971,4.611,-1.64,4.449,
EDBM,09,27,52.07365,11.6265,88.103,4.661,-6.557,-0.34,2016.41
EDBM,09L,27R,52.07468,11.6269,88.115,4.661,-6.546,-0.328,2016.48
EDBN,09,27,53.60223,13.30606,88.107,5.27,-7.162,-0.937,2012.82
EDBO,08,26,51.8997,13.05277,83.623,5.021,-1.398,4.601,
EDBP,01,19,53.61592,11.56282,11.275,4.773,-3.498,2.965,
EDBP,11,29,53.61403,11.56291,121.72,4.773,6.947,13.409,
EDBQ,07,25,51.67137,13.96023,76.726,5.228,1.498,7.343,
EDBQ,12,30,51.67301,13.9606,119.798,5.229,-5.43,0.415,2023.42
EDBR,17R,35L,51.36484,14.94971,178.299,5.438,2.861,8.532,
EDBS,07,25,51.19838,11.19174,71.513,4.478,-2.965,3.187,
EDBT,07,25,51.37865,11.4371,69.944,4.555,-4.612,1.532,
EDBU,08,26,53.17985,12.1845,76.936,4.911,-7.975,-1.665,2006.89
EDBV,05,23,54.33576,13.04329,50.67,5.276,-4.606,1.775,
EDBW,08,26,52.63154,13.76506,84.097,5.286,-1.189,4.824,
EDCA,09,27,53.8327,13.66915,96.379,5.399,0.98,7.195,
EDCA,09R,27L,53.8321,13.66975,95.64,5.399,0.241,6.455,
EDCG,09,27,54.38349,13.32533,85.889,5.364,-9.475,-3.124,1994.9
EDCM,03,21,51.29715,14.12765,34.549,5.228,-0.68,5.09,
EDCM,03L,21R,51.2975,14.12675,34.223,5.228,-1.005,4.765,
EDCO,11,29,51.2677,10.63485,109.784,4.338,-4.554,1.685,
EDCP,13,31,54.1578,13.7727,137.109,5.467,1.641,7.896,
EDCY,03,21,51.57885,14.1391,36.142,5.263,0.879,6.687,
EDDB,06L,24R,52.37257,13.50557,68.806,5.189,3.618,9.626,
EDDB,06R,24L,52.35194,13.49581,68.794,5.184,3.61,9.617,
EDDC,04,22,51.13435,13.76802,40.886,5.122,-4.236,1.558,
EDDE,09,27,50.97981,10.9581,97.194,4.402,2.792,8.945,
EDDF,07C,25C,50.03885,8.5608,69.637,3.733,-4.096,2.267,
EDDF,07L,25R,50.04145,8.5154,69.753,3.721,-3.968,2.401,
EDDF,07R,25L,50.0338,8.56035,69.494,3.732,-4.238,2.124,
EDDF,18,36,50.01632,8.52612,179.634,3.723,-4.088,2.276,
EDDG,07,25,52.1347,7.68504,70.841,3.567,-2.726,4.048,
EDDH,05,23,53.6277,9.98275,50.283,4.309,-4.027,2.654,
EDDH,15,33,53.63975,9.98785,152.836,4.312,-1.476,5.206,
EDDK,06,24,50.8649,7.13952,64.263,3.379,0.884,7.556,
EDDK,13L,31R,50.86785,7.14738,137.505,3.382,4.123,10.795,
EDDK,13R,31L,50.86465,7.1298,137.378,3.377,4.002,10.676,
EDDL,05L,23R,51.29105,6.76419,52.823,3.283,-0.46,6.324,
EDDL,05R,23L,51.28775,6.7691,52.773,3.285,-0.511,6.272,
EDDM,08L,26R,48.36485,11.7944,83.43,4.411,-0.981,4.725,
EDDM,08R,26L,48.34275,11.7778,83.433,4.406,-0.972,4.732,
EDDN,10,28,49.4987,11.0776,98.531,4.328,-5.797,0.144,2020.66
EDDP,08L,26R,51.4324,12.2416,85.718,4.768,0.951,6.992,
EDDP,08R,26L,51.41282,12.23045,85.707,4.763,0.944,6.984,
EDDR,08,26,49.2146,7.1102,87.401,3.332,4.068,10.531,
EDDS,07,25,48.68985,9.22197,73.965,3.837,0.127,6.228,
EDDV,09C,27C,52.46467,9.68948,92.573,4.155,-1.582,4.961,
EDDV,09L,27R,52.4676,9.67621,92.578,4.151,-1.573,4.972,
EDDV,09R,27L,52.4545,9.69396,92.721,4.155,-1.434,5.106,
EDDW,05,23,53.04455,8.78832,51.565,3.924,-2.359,4.397,
EDDW,09,27,53.04692,8.7897,87.828,3.924,-6.096,0.66,2019.68
EDEP,15L,33R,49.62138,8.62601,149.955,3.732,-3.777,2.522,
EDEP,15R,33L,49.62137,8.62405,149.978,3.732,-3.754,2.546,
EDER,06,24,50.49878,9.95397,66.35,4.114,2.236,8.464,
EDER,08R,26L,50.49736,9.95191,67.492,4.113,-16.621,-10.393,1927.58
EDFE,08,26,49.96078,8.64042,85.833,3.75,2.083,8.424,
EDFE,08R,26L,49.95965,8.64596,86.234,3.751,2.483,8.823,
EDFH,03,21,49.9458,7.26108,32.468,3.39,-0.922,5.612,
EDFM,09,27,49.47275,8.51337,92.987,3.698,-0.711,5.585,
EDFM,09C,27C,49.47349,8.5153,93.017,3.698,-0.682,5.615,
EDFM,09L,27R,49.47461,8.51567,91.599,3.699,-2.099,4.197,
EDFN,03,21,50.87433,8.81478,31.743,3.835,-2.092,4.346,
EDFQ,11,29,51.03535,8.68086,113.748,3.806,-0.057,6.422,
EDFV,06,24,49.60655,8.36832,63.333,3.666,-0.333,6.001,
EDFV,06G,24G,49.6072,8.36733,61.086,3.666,-2.58,3.754,
EDFZ,07,25,49.96914,8.14778,74.607,3.623,0.984,7.396,
EDFZ,07R,25L,49.96694,8.14885,76.657,3.623,3.033,9.445,
EDGE,10,28,50.9922,10.47625,104.969,4.278,0.691,6.913,
EDGS,04,22,50.7056,8.08584,38.019,3.633,-5.614,0.904,2022.44
EDGS,13,31,50.70828,8.0817,128.029,3.632,-5.603,0.916,2022.51
EDGS,13G,31G,50.71347,8.07505,128.629,3.63,-5.001,1.519,2026.61
EDGS,13L,31R,50.71085,8.07897,128.05,3.631,-5.581,0.938,2022.66
EDHK,08,26,54.3795,10.1452,81.876,4.408,-2.532,4.248,
EDHK,08L,26R,54.38135,10.14415,79.876,4.408,-4.532,2.248,
EDHL,07,25,53.80484,10.71677,71.874,4.54,-2.666,3.942,
EDJA,06,24,47.98933,10.24082,59.388,4.037,-4.65,1.227,
EDKN,10,28,51.1248,7.37108,108.934,3.45,5.484,12.159,
EDKV,06,24,50.4059,6.52808,58.616,3.202,-4.586,2.111,
EDKZ,07,25,51.10035,7.60296,72.47,3.514,-1.044,5.596,
EDLA,05,23,51.48375,7.9001,50.132,3.608,-3.476,3.175,
EDLE,06,24,51.403,6.93966,66.327,3.335,2.992,9.767,
EDLI,11,29,51.9648,8.54483,110.731,3.807,-3.076,3.553,
EDLN,13,31,51.23035,6.5045,128.48,3.208,-4.728,2.084,
EDLO,04,22,51.93255,8.66215,38.403,3.838,-5.435,1.173,2023.72
EDLO,04G,22G,51.93165,8.66534,38.03,3.839,-5.809,0.798,2021.28
EDLP,06,24,51.61405,8.61638,56.934,3.812,-6.878,-0.309,2014.79
EDLV,09,27,51.60245,6.14213,91.811,3.109,-1.298,5.617,
EDLW,06,24,51.5191,7.61444,60.655,3.529,-2.874,3.822,
EDMA,07R,25L,48.42325,10.9368,71.448,4.222,-2.774,3.056,
EDMB,04,22,48.11244,9.76406,41.866,3.935,-2.069,3.887,
EDMC,10,28,48.41974,9.7976,103.398,3.96,-0.561,5.427,
EDME,08,26,48.396,12.7216,86.674,4.618,2.056,7.639,
EDMG,05,23,48.48624,10.28231,61.528,4.076,7.452,13.38,
EDMI,07,25,48.23524,10.13841,72.616,4.028,-1.412,4.507,
EDMK,07,25,47.69234,10.33827,74.365,4.042,0.323,6.152,
EDMK,17,35,47.69097,10.33841,167.881,4.042,-6.161,-0.332,2017.94
EDML,06,24,48.51163,12.03342,66.389,4.475,1.914,7.604,
EDMN,15,33,48.10885,10.52435,154.24,4.109,0.131,5.981,
EDMO,04,22,48.0816,11.28345,42.379,4.277,-1.898,3.845,
EDMS,09,27,48.90085,12.51665,97.076,4.615,2.46,8.131,
EDMU,10,28,48.5694,10.35827,98.55,4.099,-5.549,0.379,2022.42
EDMV,12,30,48.6352,13.19565,121.882,4.742,-2.86,2.687,
EDNE,03,21,48.34197,9.91582,27.785,3.983,-6.198,-0.236,2017.91
EDNG,17,35,48.63431,10.21647,166.444,4.07,-7.625,-1.67,2007.48
EDNL,05,23,47.85905,10.0146,55.913,3.979,1.934,7.827,
EDNS,08,26,48.17921,10.70317,83.435,4.153,-0.718,5.116,
EDNV,06,24,47.94633,12.20503,58.546,4.468,-5.923,-0.322,2019.33
EDNX,07,25,48.23918,11.55918,75.21,4.349,0.861,6.584,
EDNY,06,24,47.6713,9.51149,60.004,3.854,-3.851,2.091,
EDOI,12,30,52.66167,12.74618,121.269,5.016,-3.747,2.407,
EDON,08,26,52.61298,14.24259,84.383,5.41,-1.028,4.92,
EDOV,08,26,52.6288,11.82005,83.591,4.76,-1.169,5.105,
EDOV,08L,26R,52.6291,11.81475,82.712,4.759,-2.047,4.228,
EDPA,09L,27R,48.77797,10.26453,87.976,4.089,-6.113,-0.148,2018.51
EDPA,09R,27L,48.77735,10.26455,87.906,4.089,-6.183,-0.218,2018.06
EDPB,15,33,48.56258,9.72908,153.292,3.951,-0.66,5.355,
EDPC,16,34,47.92678,12.28721,161.069,4.485,-3.416,2.172,
EDPM,09,27,48.67823,9.846,90.673,3.985,-3.312,2.7,
EDPT,08,26,48.62048,10.05992,86.178,4.032,2.146,8.121,
EDQD,06,24,49.98495,11.64045,59.866,4.499,-4.632,1.294,
EDQE,08,26,49.79355,11.13245,88.02,4.362,3.658,9.63,
EDQE,08L,26R,49.79445,11.13315,87.249,4.362,2.886,8.858,
EDQG,08,26,49.64808,9.96611,77.988,4.068,-6.081,0.034,2018.94
EDQI,07L,25R,49.6054,11.2835,72.892,4.385,-1.493,4.434,
EDQI,07R,25L,49.605,11.28365,72.62,4.385,-1.765,4.162,
EDQK,09,27,50.135,11.45915,84.509,4.466,-9.957,-3.986,1984.55
EDQL,04,22,50.14806,11.04691,45.639,4.366,1.274,7.303,
EDQM,08,26,50.28865,11.85405,86.962,4.574,2.388,8.325,
EDQR,14,32,50.03971,10.82276,140.017,4.303,-4.286,1.76,
EDQT,11,29,50.01808,10.52965,113.613,4.229,-0.617,5.468,
EDQY,07,25,50.23061,10.99538,69.218,4.359,-5.141,0.907,2025.56
EDRB,05,23,49.945,6.56419,54.88,3.204,1.676,8.308,
EDRG,06,24,49.7324,7.33682,67.985,3.404,4.581,11.076,
EDRJ,07,25,49.31242,6.67428,74.562,3.221,1.34,7.877,
EDRK,06,24,50.32515,7.52786,58.563,3.471,-4.908,1.638,
EDRT,05,23,49.86335,6.78889,45.865,3.263,-7.398,-0.808,2010.92
EDRY,16,34,49.30212,8.45284,165.167,3.676,1.491,7.775,
EDRZ,03,21,49.20842,7.39965,30.002,3.406,-3.405,3.016,
EDSA,09,27,48.24978,9.06309,88.963,3.779,-4.816,1.255,
EDSB,03,21,48.77935,8.08051,31.798,3.564,-1.765,4.507,
EDSI,07,25,47.79875,8.7185,65.31,3.678,-8.368,-2.301,2000.68
EDSL,06,24,47.84426,8.56558,67.315,3.644,3.671,9.765,
EDSN,09,27,47.97663,8.90403,89.89,3.729,-3.839,2.223,
EDSP,17,35,48.54708,8.94601,173.291,3.765,-0.474,5.648,
EDSP,17G,35G,48.54596,8.94665,173.264,3.765,-0.5,5.622,
EDST,12G,30G,48.62922,9.4351,126.034,3.885,2.149,8.213,
EDST,12L,30R,48.63198,9.42943,126.871,3.884,2.987,9.052,
EDST,12R,30L,48.63176,9.42919,126.871,3.884,2.987,9.052,
EDSX,07,25,49.00938,9.35436,77.92,3.885,4.035,10.156,
EDTB,03,21,48.79275,8.18654,34.469,3.59,0.878,7.137,
EDTB,03G,21G,48.78988,8.18284,34.482,3.589,0.893,7.152,
EDTB,03L,21R,48.79516,8.18714,36.062,3.591,2.471,8.73,
EDTC,11,29,49.13514,8.56361,117.264,3.697,3.567,9.815,
EDTD,18,36,47.9741,8.52219,178.507,3.64,-5.132,0.983,2025.59
EDTF,16,34,48.02265,7.83258,159.733,3.477,-3.744,2.473,
EDTG,05,23,47.90315,7.61784,53.159,3.422,-0.263,5.971,
EDTG,05R,23L,47.9022,7.6189,52.041,3.422,-1.381,4.853,
EDTL,03,21,48.36925,7.82772,28.339,3.488,-5.148,1.11,2025.5
EDTM,07,25,48.05374,9.37201,76.622,3.842,2.781,8.785,
EDTM,07L,25R,48.05383,9.3673,76.592,3.841,2.751,8.757,
EDTN,14,32,48.61262,9.47734,137.709,3.895,-6.186,-0.13,2018.11
EDTP,01,19,47.90952,9.25078,14.576,3.807,0.77,6.775,
EDTQ,10,28,48.86421,9.22468,103.385,3.847,-0.462,5.66,
EDTQ,10R,28L,48.86388,9.22419,103.425,3.846,-0.421,5.7,
EDTS,04,22,48.06598,8.57165,44.984,3.655,1.329,7.448,
EDTW,14,32,48.27922,8.42834,143.49,3.63,-0.14,6.024,
EDTY,10,28,49.11835,9.78363,98.724,3.994,-5.271,0.803,2024.57
EDTY,10L,28R,49.1186,9.78684,98.462,3.995,-5.533,0.541,2022.66
EDTZ,12,30,47.68152,9.13904,118.367,3.77,-5.403,0.592,2023.5
EDUF,08,26,51.54795,13.22905,79.89,5.03,-5.14,0.784,2025.56
EDUS,09,27,51.6075,13.738,88.924,5.165,-6.241,-0.376,2017.92
EDUS,09R,27L,51.60685,13.7411,89.282,5.166,-5.884,-0.019,2020.15
EDVE,08,26,52.31935,10.55889,84.723,4.389,0.334,6.735,
EDVK,09,27,51.4208,9.39216,95.082,4.016,1.067,7.499,
EDVM,07,25,52.17985,9.94566,72.499,4.21,-1.711,4.754,
EDWF,08,26,53.2716,7.4423,79.253,3.527,-4.274,2.704,
EDWI,02,20,53.50375,8.05267,20.027,3.721,-3.695,3.234,
EDWI,16,34,53.5049,8.05272,161.372,3.721,-2.35,4.579,
EDWR,05,23,53.5951,6.70838,48.658,3.307,-4.649,2.482,
EDWR,12,30,53.59325,6.70778,121.605,3.307,-1.702,5.428,
EDWR,13,31,53.5921,6.71561,131.744,3.309,-1.566,5.564,
EDWY,08,26,53.70685,7.23025,85.524,3.473,2.051,9.127,
EDXF,04,22,54.77285,9.37576,42.4,4.192,-1.792,5.158,
EDXF,11,29,54.7711,9.37693,108.081,4.192,-6.112,0.838,2019.88
EDXF,11L,29R,54.7734,9.37947,112.891,4.193,-1.302,5.648,
EDXJ,03,21,54.50995,9.13829,34.498,4.103,0.396,7.335,
EDXR,03,21,54.22095,9.60079,34.544,4.23,0.314,7.142,
EDXR,12,30,54.2182,9.60229,118.783,4.231,-5.447,1.38,2023.82
EDXW,06,24,54.91325,8.34058,59.639,3.867,-4.228,2.889,
EDXW,14,32,54.9116,8.34248,144.289,3.867,0.422,7.537,
EEEI,06,24,59.2603,24.2085,70.542,9.866,0.677,6.667,
EEKA,14,32,58.99075,22.83085,147.299,9.314,-2.015,4.064,
EEKE,05,23,58.23105,22.513,58.833,8.973,-0.14,5.816,
EEKE,17,35,58.23206,22.50936,179.559,8.972,0.587,6.544,
EEPU,03,21,58.42073,24.47542,35.29,9.665,-4.374,1.414,
EERD,08,26,58.08458,25.89764,87.352,9.994,-2.642,2.935,
EES,13L,31R,23.9724,35.4607,131.732,4.124,-2.392,0.238,
EES,13R,31L,23.9712,35.45935,131.545,4.124,-2.579,0.051,
EES,15,33,23.97735,35.4623,151.02,4.125,-3.104,-0.475,
EETN,08,26,59.41326,24.83656,90.274,10.131,0.144,6.102,
EETU,08,26,58.3074,26.68689,88.59,10.32,-1.729,3.815,
EFAA,14,32,67.60375,23.9724,138.112,13.067,-14.954,-6.842,1943.14
EFAL,08,26,62.5547,23.5708,80.016,10.82,-10.804,-4.001,1986.6
EFET,03,21,68.3626,23.42435,34.621,13.124,-8.503,-0.104,2011.9
EFEU,11,29,61.11615,22.20135,115.753,9.779,-4.026,2.585,
EFHA,08,26,61.85605,24.78665,86.295,11.028,-4.733,1.777,
EFHK,04L,22R,60.3222,24.9243,47.392,10.494,-3.102,3.044,
EFHK,04R,22L,60.32008,24.95572,47.508,10.504,-2.996,3.147,
EFHK,15,33,60.3187,24.9764,153.023,10.511,-7.488,-1.348,2012.07
EFHM,07,25,61.6896,23.0737,74.396,10.309,-5.913,0.737,2021.43
EFHN,03,21,59.8483,23.08595,33.684,9.68,-5.997,0.238,2020.47
EFHV,04,22,60.65552,24.88354,45.514,10.604,-5.09,1.135,2026.05
EFII,17,35,63.6306,27.1242,179.12,12.702,-3.583,3.125,
EFIK,10,28,60.46195,23.6562,105.227,10.093,-4.865,1.443,
EFIK,18,36,60.4632,23.65165,182.357,10.091,-7.735,-1.425,2010.89
EFIM,01,19,61.24915,28.9037,22.432,12.285,0.148,6.112,
EFIM,09,27,61.2491,28.9036,96.81,12.285,-5.475,0.489,2023.59
EFIT,01,19,62.16615,30.07365,19.277,13.142,-3.866,2.202,
EFIV,04,22,68.60725,27.40535,46.958,15.279,-8.32,-0.227,2012.4
EFIV,08,26,68.60595,27.4331,92.433,15.292,-2.859,5.231,
EFJM,09,27,61.78135,22.71015,93.652,10.2,-6.548,0.162,2018.15
EFJM,15,33,61.77445,22.7181,153.676,10.201,-6.525,0.182,2018.26
EFJO,10,28,62.6607,29.62055,110.343,13.219,-2.876,3.352,
EFJO,17,35,62.6568,29.60745,180.731,13.212,-2.481,3.748,
EFJY,12,30,62.3995,25.67825,133.873,11.591,2.283,8.831,
EFKA,17,35,63.1271,23.05145,176.892,10.822,-3.93,3.067,
EFKE,18,36,65.7819,24.58245,187.486,12.56,-5.074,2.455,2026.26
EFKI,07,25,64.28545,27.6924,79.46,13.243,-3.782,3.038,
EFKJ,07,25,62.4635,22.39155,69.755,10.313,-10.558,-3.653,1991.21
EFKK,01,19,63.71885,23.14285,10.563,11.083,-10.52,-3.386,1994.02
EFKK,11,29,63.7224,23.1366,112.598,11.081,-8.483,-1.348,2008.57
EFKM,17,35,66.7129,27.1568,174.348,14.189,-9.841,-2.303,2001.54
EFKO,05,23,64.2286,23.8264,57.357,11.575,-4.218,2.974,
EFKS,12,30,65.9874,29.2398,132.073,14.765,-2.691,4.441,
EFKT,16,34,67.701,24.84685,166.189,13.547,-7.358,0.698,2016.47
EFKU,15,33,63.0065,27.79835,157.15,12.684,-5.534,0.952,2023.55
EFKY,16,34,60.5745,26.8946,165.82,11.284,-5.465,0.541,2023.65
EFLA,07,25,61.1442,25.69375,68.019,11.087,-13.067,-6.814,1942.08
EFLA,12,30,61.14815,25.6944,129.795,11.088,-1.293,4.96,
EFLA,18,36,61.14725,25.6914,185.626,11.087,-5.461,0.793,2023.8
EFLL,04,22,63.4,27.48065,41.113,12.74,-11.627,-5.012,1975.88
EFLN,11,29,63.51195,29.62915,119.087,13.647,-4.559,1.878,
EFLP,06,24,61.04455,28.1444,66.673,11.924,-5.251,0.739,2024.98
EFMA,03,21,60.1222,19.89815,23.347,8.62,-15.273,-8.627,1932.17
EFME,04,22,62.9467,23.5189,46.622,10.947,-4.324,2.579,
EFMI,11,29,61.68675,27.20165,112.687,11.866,-9.179,-2.95,1999.98
EFNS,05,23,60.52,24.8329,60.609,10.535,0.073,6.273,
EFNU,04,22,60.3306,24.28915,38.952,10.272,-11.32,-5.107,1958.98
EFOU,12,30,64.93005,25.35455,120.871,12.536,-11.665,-4.445,1981.17
EFPI,12,30,61.246,22.19205,126.209,9.819,-3.61,3.032,
EFPI,17,35,61.2458,22.1933,171.434,9.819,-8.386,-1.744,2007.31
EFPO,12,30,61.46195,21.7992,125.669,9.74,-4.07,2.664,
EFPO,17,35,61.4604,21.7993,173.93,9.739,-5.809,0.925,2022.05
EFPU,08,26,65.4024,26.96845,88.691,13.465,-4.774,2.414,
EFPY,15,33,63.7277,25.9306,155.588,12.256,-6.668,0.183,2017.92
EFRA,18,36,63.42585,28.1251,185.536,13.01,-7.474,-0.915,2013.44
EFRH,10,28,64.68805,24.6958,107.501,12.142,-4.642,2.581,
EFRN,18,36,62.0655,28.3565,190.136,12.462,-2.326,3.88,
EFRO,03,21,66.5648,25.83045,37.25,13.495,-6.245,1.38,2020.78
EFRY,08R,26L,60.74335,24.11805,81.817,10.36,-8.543,-2.219,2005.22
EFRY,12L,30R,60.7433,24.11805,129.083,10.36,-1.277,5.046,
EFSA,12,30,61.94305,28.9451,125.797,12.622,-6.826,-0.705,2016.15
EFSE,04,22,61.0635,26.7956,43.337,11.453,-8.116,-1.991,2008.01
EFSE,12,30,61.063,26.79795,132.372,11.453,0.919,7.043,
EFSI,14,32,62.69064,22.83541,136.172,10.573,-14.402,-7.489,1938.55
EFSO,16,34,67.395,26.61915,165.24,14.271,-9.031,-1.24,2007.74
EFTO,09,27,60.07915,24.1718,88.22,10.14,-11.92,-5.75,1950.81
EFTP,06,24,61.41415,23.6044,64.319,10.413,-6.094,0.436,2020.29
EFTU,08,26,60.5141,22.2628,84.877,9.604,-4.728,1.742,
EFUT,07,25,60.8964,26.93835,77.793,11.434,-3.64,2.433,
EFVA,16,34,63.05065,21.7622,163.021,10.259,-7.238,-0.123,2015.35
EFVR,14,32,62.1733,27.866,141.514,12.329,-10.814,-4.536,1981.03
EFVT,08,26,63.3977,24.0307,72.331,11.332,-19.0,-12.039,1903.95
EFYL,15,33,64.0544,24.72245,155.137,11.888,-6.752,0.304,2017.75
EG-0077,07,25,31.0002,32.5528,74.718,4.866,-0.148,2.716,
EG-0078,04,22,31.1817,29.9463,45.198,4.828,0.37,3.462,
EG74,06,24,52.48695,-1.13067,58.445,0.766,-2.321,5.722,
EGAA,07,25,54.65755,-6.21571,65.113,-1.365,-3.522,5.51,
EGAA,17,35,54.65025,-6.2243,161.885,-1.368,-6.747,2.284,2018.04
EGAB,14,32,54.39835,-7.65128,139.56,-1.896,1.457,10.622,
EGAC,04,22,54.61815,-5.87258,34.996,-1.224,-3.78,5.202,
EGAE,08,26,55.0428,-7.16119,73.211,-1.803,-4.986,4.227,
EGAH,08,26,-75.5963,-26.2609,78.591,-3.068,1.659,0.566,
EGAR,18,36,-67.5675,-68.12709,201.336,19.423,1.912,0.431,
EGBB,15,33,52.45428,-1.7485,145.752,0.554,-4.803,3.316,
EGBE,05,23,52.36995,-1.47943,47.374,0.655,-3.281,4.791,
EGBG,04,22,52.6054,-1.02764,35.117,0.792,-5.675,2.371,2022.85
EGBG,06,24,52.6061,-1.02903,53.972,0.792,-6.82,1.226,2016.72
EGBG,10,28,52.60765,-1.03194,96.325,0.79,-4.465,3.582,
EGBG,15,33,52.60585,-1.03194,148.721,0.791,-2.069,5.977,
EGBG,16,34,52.6059,-1.03132,150.92,0.791,-9.871,-1.824,1997.92
EGBJ,03,21,51.89225,-2.16411,34.295,0.459,3.836,11.928,
EGBJ,08,26,51.89415,-2.16696,85.047,0.458,4.589,12.682,
EGBN,03,21,52.9199,-1.07652,28.83,0.75,-1.92,6.179,
EGBO,04,22,52.5186,-2.26333,34.115,0.368,-6.254,1.942,2019.78
EGBO,10,28,52.5168,-2.26152,97.984,0.369,-2.385,5.81,
EGBO,16,34,52.5175,-2.25972,156.392,0.37,-3.977,4.218,
EGBP,08,26,51.6681,-2.05675,80.423,0.515,-0.091,7.955,
EGBS,08,26,52.24166,-2.88124,82.703,0.177,2.526,10.761,
EGBT,09G,27G,52.0403,-1.09549,87.98,0.812,-2.832,5.141,
EGBW,05,23,52.1891,-1.61458,45.917,0.623,-4.706,3.357,
EGBW,18,36,52.19225,-1.61445,175.302,0.623,-5.321,2.742,2024.8
EGCC,05L,23R,53.35375,-2.27494,50.902,0.286,0.616,8.939,
EGCC,05R,23L,53.34055,-2.29282,51.296,0.281,1.015,9.338,
EGCK,02,20,53.10415,-4.34055,13.288,-0.442,-6.269,2.281,2019.96
EGCK,07,25,53.10195,-4.33669,71.335,-0.441,1.776,10.325,
EGCW,04,22,52.6285,-3.15338,35.774,0.042,-4.267,4.06,
EGDC,10,28,51.08715,-4.15043,89.645,-0.153,-10.202,-1.97,1996.28
EGDM,05,23,51.15305,-1.75156,50.13,0.66,-0.53,7.405,
EGDM,17,35,51.1532,-1.73051,166.605,0.667,-4.061,3.87,
EGDO,05,23,49.9975,-5.22833,39.395,-0.415,-10.19,-1.976,1996.09
EGDR,06,24,50.08735,-5.25698,62.756,-0.435,3.191,11.42,
EGDR,11,29,50.0854,-5.25413,112.883,-0.433,3.317,11.546,
EGDR,18,36,50.08525,-5.25167,178.448,-0.432,-1.12,7.109,
EGDX,07,25,51.4052,-3.43347,72.986,0.065,2.922,11.108,
EGDY,04,22,51.00895,-2.63791,37.063,0.373,-3.311,4.718,
EGDY,08,26,51.00825,-2.64538,83.077,0.371,2.706,10.736,
EGEC,11,29,55.4363,-5.68005,106.074,-1.266,-2.66,6.434,
EGEO,01,19,56.46375,-5.39986,5.631,-1.303,-3.066,6.167,
EGFA,08,26,52.1153,-4.55695,71.765,-0.408,-7.828,0.602,2011.49
EGFD,05,23,52.8097,-4.12658,48.72,-0.33,-0.95,7.528,
EGFD,15,33,52.81035,-4.13086,150.884,-0.331,1.216,9.695,
EGFD,17,35,52.80515,-4.12727,169.81,-0.329,0.14,8.618,
EGFE,03,21,51.83305,-4.96116,29.701,-0.521,0.223,8.661,
EGFE,09,27,51.83405,-4.96278,88.137,-0.522,-1.341,7.098,
EGFF,12,30,51.39665,-3.34333,116.795,0.097,-3.301,4.872,
EGFH,04,22,51.605,-4.06818,36.356,-0.178,-3.466,4.829,
EGFH,10,28,51.6008,-4.07012,95.97,-0.178,-3.852,4.443,
EGGD,09,27,51.38265,-2.71908,86.49,0.313,-3.823,4.269,
EGGP,09,27,53.33364,-2.84976,85.588,0.08,-4.491,3.903,
EGGW,07,25,51.8746,-0.36844,74.454,1.069,3.385,11.237,
EGHC,07,25,50.10267,-5.67464,64.755,-0.581,-4.664,3.618,
EGHC,16,34,50.10228,-5.67032,158.237,-0.58,-1.183,7.098,
EGHE,09,27,49.9134,-6.29193,87.431,-0.776,-1.792,6.537,
EGHE,14,32,49.91325,-6.2918,139.283,-0.776,0.06,8.389,
EGHF,05,23,50.81613,-1.20591,45.204,0.865,-5.661,2.156,2022.76
EGHH,08,26,50.7801,-1.84236,75.232,0.658,-5.426,2.469,2024.13
EGHI,02,20,50.9503,-1.35681,19.399,0.806,-1.407,6.448,
EGHL,09,27,51.1876,-1.03361,85.725,0.896,-5.171,2.674,2025.61
EGHQ,12,30,50.44075,-4.9954,120.451,-0.381,0.831,9.077,
EGJA,03,21,49.706,-2.2135,25.937,0.618,-4.681,3.119,
EGJA,08,26,49.7067,-2.21484,79.806,0.618,-0.812,6.988,
EGJA,13,31,49.70665,-2.21764,133.161,0.617,2.545,10.346,
EGJB,09,27,49.43495,-2.60197,87.813,0.513,-2.699,5.116,
EGJJ,08,26,49.20795,-2.1953,82.885,0.66,2.226,9.96,
EGKA,02,20,50.83595,-0.29706,21.585,1.159,0.425,8.124,
EGKA,06,24,50.8344,-0.29461,63.403,1.16,2.243,9.941,
EGKA,13,31,50.83725,-0.29213,124.726,1.161,-6.435,1.263,2018.31
EGKB,03,21,51.33095,0.03255,25.101,1.236,-6.135,1.588,2020.01
EGKK,08L,26R,51.14936,-0.1947,77.633,1.173,-3.54,4.188,
EGKK,08R,26L,51.1483,-0.18917,77.62,1.175,-3.555,4.172,
EGKR,07L,25R,51.21439,-0.13854,74.425,1.187,3.238,10.967,
EGKR,07R,25L,51.21359,-0.13867,74.601,1.187,3.414,11.143,
EGLC,09,27,51.50523,0.05518,92.875,1.233,1.643,9.387,
EGLF,06,24,51.2757,-0.7766,62.216,0.974,1.242,9.065,
EGLJ,18,36,51.6776,-1.07677,177.969,0.846,-2.877,5.042,
EGLK,07,25,51.3239,-0.8475,72.524,0.948,1.577,9.416,
EGLL,09L,27R,51.47759,-0.46133,89.666,1.065,-1.398,6.411,
EGLL,09R,27L,51.46487,-0.46043,89.672,1.066,-1.394,6.413,
EGLM,03,21,51.49985,-0.7683,357.456,0.962,-33.506,-25.653,
EGLM,07L,25R,51.50065,-0.77483,64.298,0.959,-6.661,1.193,2017.27
EGLM,07R,25L,51.49988,-0.77627,64.61,0.959,-6.349,1.505,2018.96
EGLM,11,29,51.49835,-0.77388,110.203,0.96,-0.757,7.097,
EGMA,07,25,52.07721,0.06065,64.995,1.199,-6.204,1.62,2019.76
EGMC,05,23,51.5714,0.69563,54.248,1.437,2.811,10.477,
EGMD,03,21,50.95605,0.93902,32.745,1.546,1.199,8.748,
EGNC,01,19,54.93886,-2.81122,1.119,-0.076,-8.804,-0.162,2006.64
EGNE,14,32,53.279,-0.96264,140.21,0.761,-0.551,7.586,
EGNH,10,28,53.77155,-3.02856,94.434,-0.032,-5.534,2.951,2023.79
EGNH,13,31,53.77155,-3.03723,127.482,-0.035,-2.483,6.003,
EGNJ,02,20,53.57445,-0.35075,22.302,0.955,1.348,9.449,
EGNJ,08,26,53.57645,-0.34558,82.129,0.956,1.173,9.274,
EGNL,05,23,54.12695,-3.26014,48.979,-0.157,-0.864,7.706,
EGNL,17,35,54.1287,-3.26743,166.056,-0.16,-3.784,4.787,
EGNM,14,32,53.8659,-1.66057,137.811,0.461,-2.65,5.671,
EGNO,07,25,53.7449,-2.88389,71.227,0.025,1.203,9.665,
EGNR,04,22,53.1781,-2.97764,41.05,0.049,1.001,9.388,
EGNS,03,21,54.08254,-4.62741,27.973,-0.669,-1.358,7.381,
EGNS,08,26,54.08337,-4.62316,77.934,-0.668,-1.398,7.341,
EGNT,07,25,55.0379,-1.68981,65.126,0.34,-5.214,3.297,2025.5
EGNV,05,23,54.5092,-1.42941,47.264,0.487,-3.223,5.168,
EGNX,09,27,52.831,-1.32812,88.217,0.669,-2.452,5.667,
EGOE,05,23,52.8738,-2.5313,42.745,0.24,-7.496,0.788,2013.31
EGOE,10,28,52.8729,-2.53349,98.456,0.239,-1.784,6.5,
EGOQ,04,22,53.2595,-4.37379,37.509,-0.473,-2.018,6.561,
EGOS,04,22,52.7971,-2.6695,44.713,0.198,4.515,12.805,
EGOS,18,36,52.7936,-2.66795,179.894,0.199,-0.305,7.984,
EGOV,01,19,53.25085,-4.53922,6.301,-0.533,-3.166,5.432,
EGOV,13,31,53.24715,-4.53322,130.499,-0.531,1.029,9.626,
EGOW,03,21,53.58175,-3.05758,29.961,-0.022,-0.016,8.443,
EGOW,08,26,53.5783,-3.06021,80.384,-0.023,0.407,8.866,
EGPA,09,27,58.958,-2.90038,87.326,-0.583,-2.091,7.267,
EGPB,15,33,59.87675,-1.2929,143.441,0.022,-6.581,2.739,2019.48
EGPC,13,31,58.45875,-3.09295,127.018,-0.605,-2.377,6.914,
EGPD,16,34,57.2019,-2.19778,158.107,-0.083,-1.81,7.135,
EGPE,05,23,57.5425,-4.04754,49.473,-0.892,0.366,9.615,
EGPE,11,29,57.54355,-4.05434,109.453,-0.895,0.348,9.599,
EGPF,05,23,55.8717,-4.43369,46.493,-0.826,-2.68,6.327,
EGPG,07,25,55.97466,-3.97543,72.536,-0.656,3.192,12.158,
EGPH,06,24,55.94995,-3.3726,58.834,-0.412,-0.754,8.129,
EGPI,07,25,55.6833,-6.25447,70.482,-1.536,2.017,11.225,
EGPK,02,20,55.4959,-4.58159,23.79,-0.835,4.625,13.588,
EGPK,12,30,55.5094,-4.59462,121.469,-0.842,2.311,11.279,
EGPL,06,24,57.4811,-7.36267,55.285,-2.298,-2.418,7.248,
EGPL,17,35,57.48155,-7.36346,167.043,-2.298,-0.659,9.007,
EGPN,09,27,56.45245,-3.02583,90.443,-0.334,0.776,9.7,
EGPO,06,24,58.2143,-6.32843,60.542,-1.973,2.515,12.183,
EGPO,18,36,58.2156,-6.33107,174.248,-1.975,-3.777,5.891,
EGPU,05,23,56.4993,-6.86885,46.979,-1.92,-1.102,8.325,
EGPU,11,29,56.50155,-6.87305,109.478,-1.922,1.4,10.828,
EGQL,08,26,56.3747,-2.86098,81.579,-0.258,1.837,10.726,
EGQS,05,23,57.707,-3.33737,43.668,-0.615,-5.717,3.469,2023.23
EGQS,10,28,57.70635,-3.32842,96.554,-0.611,-2.835,6.349,
EGSC,05,23,52.205,0.17504,49.785,1.229,-1.444,6.383,
EGSF,10,28,52.4682,-0.25111,95.183,1.068,-5.885,2.037,2021.63
EGSG,03L,21R,51.6524,0.15529,35.119,1.256,3.863,11.614,
EGSG,03R,21L,51.65242,0.15598,35.231,1.257,3.974,11.725,
EGSG,10,28,51.65566,0.15628,98.432,1.257,-2.825,4.926,
EGSH,09,27,52.6759,1.28266,89.3,1.571,-2.271,5.474,
EGSS,04,22,51.88512,0.23499,42.847,1.269,1.578,9.351,
EGSU,06,24,52.09025,0.13292,59.682,1.222,-1.54,6.276,
EGSU,06L,24R,52.0915,0.13083,58.459,1.221,-2.762,5.055,
EGSX,02,20,51.72197,0.1545,15.688,1.252,-5.564,2.197,2023.34
EGTB,06,24,51.61175,-0.80821,62.417,0.941,1.477,9.351,
EGTB,06G,24G,51.61125,-0.80709,62.438,0.941,1.497,9.371,
EGTC,03,21,52.0721,-0.6167,31.643,0.972,0.671,8.585,
EGTE,08,26,50.73427,-3.41398,76.127,0.135,-4.007,4.083,
EGTF,06,24,51.34803,-0.55872,57.898,1.041,-3.144,4.66,
EGTK,01,19,51.8367,-1.32003,10.679,0.752,-0.073,7.901,
EGTP,05,23,50.33055,-5.17977,43.959,-0.433,-5.608,2.645,2023.21
EGTP,09,27,50.3291,-5.18066,86.589,-0.433,-2.978,5.276,
EGTR,08,26,51.65583,-0.32583,79.799,1.098,-1.299,6.517,
EGTU,04,22,50.8595,-3.2335,40.793,0.185,0.609,8.693,
EGUB,01,19,51.615,-1.09586,7.832,0.844,-3.012,4.9,
EGUL,05,23,52.40945,0.56102,55.64,1.345,4.295,12.099,
EGUN,10,28,52.3615,0.48808,102.813,1.324,1.489,9.297,
EGUW,05,23,52.12745,0.95617,48.004,1.492,-3.488,4.222,
EGVA,09,27,51.6835,-1.79,87.89,0.604,-2.714,5.299,
EGVN,07,25,51.75,-1.58296,73.458,0.669,2.788,10.784,
EGVO,09,27,51.23415,-0.94276,92.428,0.922,1.505,9.345,
EGWC,06,24,52.64055,-2.30528,57.781,0.342,-2.561,5.658,
EGWU,07,25,51.5527,-0.41959,69.927,1.074,-1.146,6.668,
EGXC,07,25,53.09315,-0.16613,71.766,1.054,0.712,8.715,
EGXE,16,34,54.29255,-1.5354,155.699,0.468,-4.768,3.602,
EGXG,06,24,53.83445,-1.1956,54.826,0.632,-5.806,2.448,2022.28
EGXG,16,34,53.8374,-1.19766,155.886,0.631,-4.745,3.509,
EGXH,09,27,52.34285,0.77301,81.352,1.42,-10.068,-2.302,1995.71
EGXT,07,25,52.6131,-0.47608,73.048,0.981,2.066,10.04,
EGXW,02,20,53.16612,-0.52388,21.683,0.924,0.759,8.821,
EGXY,06,24,53.0209,-0.91616,63.158,0.798,2.36,10.453,
EGXY,15,33,53.02205,-0.91044,150.604,0.8,-0.197,7.896,
EGXZ,02,20,54.20545,-1.38177,21.824,0.532,1.292,9.629,
EGXZ,13,31,54.2059,-1.38105,125.721,0.532,-4.812,3.525,
EGYD,01,19,53.02755,-0.48387,8.197,0.948,-2.751,5.285,
EGYD,08,26,53.02975,-0.49222,82.634,0.945,1.689,9.726,
EGYD,08R,26L,53.0296,-0.49384,89.996,0.945,9.051,17.089,
EGYE,06,24,52.963,-0.56037,57.613,0.927,-3.314,4.723,
EGYE,10,28,52.959,-0.56297,103.042,0.926,2.115,10.152,
EGYE,18,36,52.9616,-0.55592,177.458,0.928,-3.47,4.566,
EGYM,01,19,52.64705,0.5577,8.691,1.33,-2.639,5.2,
EGYM,05,23,52.64825,0.55047,55.596,1.328,4.268,12.109,
EGYP,05,23,-51.8205,-58.44205,55.191,2.689,2.502,-0.766,
EGYP,10,28,-51.8208,-58.45815,105.42,2.7,2.72,-0.549,
EHAM,04,22,52.3072,4.79325,41.363,2.706,-1.343,5.862,
EHAM,06,24,52.29625,4.75577,57.929,2.695,-4.766,2.443,
EHAM,09,27,52.3175,4.77162,86.653,2.7,-6.047,1.163,2020.24
EHAM,18C,36C,52.3166,4.73877,182.999,2.69,0.309,7.524,
EHAM,18L,36R,52.30605,4.77866,183.004,2.702,0.302,7.509,
EHAM,18R,36L,52.34565,4.71038,183.178,2.681,0.497,7.72,
EHBD,03,21,51.2562,5.60195,29.857,2.95,-3.092,3.85,
EHBK,03,21,50.9113,5.76964,32.538,2.996,-0.458,6.414,
EHDL,02,20,52.05967,5.872,17.532,3.033,-5.502,1.517,2023.46
EHEH,03,21,51.45015,5.37451,34.98,2.884,2.097,9.099,
EHGG,05,23,53.11802,6.57558,51.858,3.258,-1.4,5.676,
EHGR,02,20,51.5641,4.93766,17.587,2.754,-5.168,1.911,2025.55
EHGR,10,28,51.56735,4.93172,99.898,2.753,-2.854,4.226,
EHKD,03,21,52.92345,4.78063,33.943,2.698,1.245,8.543,
EHLE,05,23,52.45301,5.51421,47.541,2.927,-5.386,1.74,2024.22
EHLW,05,23,53.22525,5.75258,55.636,3.003,2.633,9.84,
EHLW,09,27,53.2286,5.75467,90.619,3.004,-2.384,4.823,
EHOW,06,24,53.20886,7.03329,65.505,3.401,2.105,9.13,
EHRD,06,24,51.95745,4.44166,57.156,2.602,-5.445,1.759,2023.86
EHSE,06,24,51.55499,4.55342,66.402,2.64,3.762,10.894,
EHTE,08,26,52.24285,6.05039,85.833,3.088,2.745,9.765,
EHTE,08G,26G,52.24403,6.04963,87.393,3.088,4.305,11.325,
EHTW,05,23,52.27585,6.88917,55.179,3.338,1.841,8.747,
EHVK,06L,24R,51.6572,5.70782,58.025,2.982,-4.957,2.027,
EHVK,06R,24L,51.6556,5.70942,57.999,2.983,-4.984,2.0,
EHWO,07,25,51.449,4.34208,69.661,2.577,-2.916,4.23,
EICK,07,25,51.8443,-8.48756,62.671,-1.827,-5.502,3.359,2023.99
EICK,16,34,51.8413,-8.49112,159.87,-1.828,1.698,10.56,
EICM,08,26,53.30015,-8.94172,75.66,-2.229,-2.11,7.031,
EIDL,02,20,55.0442,-8.34103,20.235,-2.283,2.517,11.875,
EIDW,10R,28L,53.42136,-6.27032,95.144,-1.209,-3.647,5.193,
EIDW,16,34,53.42845,-6.25579,156.596,-1.205,-2.199,6.64,
EIKN,08,26,53.9103,-8.81849,78.815,-2.282,1.097,10.323,
EIKY,08,26,52.1809,-9.52379,71.178,-2.275,-6.547,2.485,2018.82
EIME,04,22,53.29855,-6.44663,40.918,-1.26,2.178,11.021,
EIME,10,28,53.30316,-6.45673,101.928,-1.264,3.192,12.037,
EINN,06,24,52.702,-8.92481,52.234,-2.126,-5.64,3.404,2023.37
EISG,10,28,54.28022,-8.5992,100.3,-2.257,2.556,11.817,
EIWF,03,21,52.1872,-7.08696,21.061,-1.348,-7.591,1.158,2013.24
EKAH,10L,28R,56.3052,10.61985,100.153,4.705,-4.552,2.494,
EKAH,10R,28L,56.30335,10.61905,100.2,4.704,-4.504,2.542,
EKBI,09,27,55.74045,9.1571,86.896,4.176,-7.281,-0.136,2013.73
EKCH,04L,22R,55.60437,12.62235,41.182,5.289,-4.107,2.546,
EKCH,04R,22L,55.61425,12.6503,41.272,5.299,-4.026,2.625,
EKCH,12,30,55.61941,12.65193,123.175,5.3,-2.125,4.527,
EKEB,08,26,55.52595,8.55372,79.374,3.964,-4.591,2.6,
EKGH,11,29,55.9414,12.38225,110.436,5.249,-4.813,1.931,
EKHE,09,27,55.98487,12.2143,98.833,5.2,3.633,10.408,
EKHG,09,27,56.18484,9.04083,92.607,4.162,-1.555,5.683,
EKHG,15,33,56.18508,9.04415,152.762,4.164,-1.402,5.836,
EKHO,07,25,56.3969,8.4439,73.834,3.968,-0.135,7.223,
EKHV,10,28,55.3021,9.52445,97.856,4.271,-6.416,0.603,2018.33
EKKA,03,21,56.30153,9.10944,34.083,4.193,-0.109,7.141,
EKKA,09,27,56.29554,9.11202,88.911,4.193,-5.282,1.966,2024.98
EKKA,09L,27R,56.29925,9.10178,89.337,4.19,-4.852,2.398,
EKKA,09R,27L,56.2973,9.10098,89.108,4.189,-5.082,2.169,2026.15
EKKA,14,32,56.30055,9.1168,135.136,4.195,-9.059,-1.81,2001.94
EKLS,07,25,57.27725,11.0001,65.23,4.92,-9.69,-2.518,1997.67
EKMB,09,27,54.69945,11.43845,96.915,4.83,2.085,8.741,
EKOD,06,24,55.47565,10.3279,59.878,4.544,-4.665,2.274,
EKOD,13,31,55.4749,10.3386,129.957,4.547,-4.59,2.347,
EKPB,04,22,54.8703,9.27902,45.411,4.167,1.244,8.224,
EKRK,03,21,55.5842,12.12995,30.982,5.131,-4.149,2.566,
EKRK,11,29,55.58655,12.128,116.154,5.13,1.024,7.74,
EKRN,11,29,55.06325,14.75955,113.883,5.876,-1.993,4.286,
EKRS,05,23,55.42611,11.80738,51.17,5.013,-3.843,2.888,
EKSB,14,32,54.96285,9.79402,139.48,4.337,-4.857,2.068,
EKSN,08,26,57.50355,10.2294,86.281,4.667,1.614,8.932,
EKSP,10L,28R,55.221,9.26671,105.445,4.183,1.263,8.303,
EKSP,10R,28L,55.21915,9.26581,105.405,4.182,1.223,8.263,
EKSV,14,32,56.5502,9.17299,139.508,4.229,-4.721,2.564,
EKTS,10,28,57.0688,8.70522,100.395,4.094,-3.7,3.743,
EKVD,01,19,55.4353,9.33038,17.507,4.216,3.291,10.359,
EKVD,07,25,55.4363,9.3309,77.186,4.216,2.97,10.038,
EKVH,11,29,56.8469,9.45861,107.337,4.347,-7.01,0.29,2015.64
EKVH,17,35,56.84375,9.46125,174.404,4.348,0.056,7.356,
EKVJ,09,27,55.9901,8.35391,92.626,3.918,-1.292,6.006,
EKYT,08L,26R,57.0951,9.85512,83.236,4.503,-1.267,6.025,
EKYT,08R,26L,57.09325,9.85636,83.209,4.504,-1.295,5.997,
ELLX,06,24,49.6266,6.21151,60.308,3.104,-2.796,3.845,
ENAL,06,24,62.56037,6.11018,64.629,3.278,1.351,10.24,
ENAN,03,21,69.2894,16.13885,31.415,9.535,-8.12,1.321,2014.91
ENAN,14,32,69.29745,16.13555,149.716,9.536,0.181,9.624,
ENAS,12,30,78.92755,11.8743,118.087,10.451,-12.364,2.309,2009.47
ENAT,11,29,69.97735,23.36545,121.06,13.824,-2.764,6.169,
ENBL,07,25,61.39155,5.75967,73.263,3.084,0.179,8.864,
ENBM,09,27,60.63885,6.50147,85.521,3.385,-7.864,0.567,2013.02
ENBN,03,21,65.4591,12.2135,38.719,6.517,2.202,11.009,
ENBR,17,35,60.29335,5.21814,170.551,2.831,-2.28,6.251,
ENBS,03,21,70.60025,29.69265,43.71,17.588,-3.878,4.697,
ENBV,06,24,70.87125,29.0319,75.18,17.394,-2.214,6.521,
ENCN,03,21,58.2042,8.08534,34.944,3.925,1.019,8.757,
ENDU,10,28,69.05595,18.5389,108.93,10.791,-1.861,7.252,
ENEV,17,35,68.4913,16.67815,177.581,9.586,-2.005,7.131,
ENFG,15,33,61.0113,9.2932,149.38,4.592,-5.212,2.93,2025.58
ENFL,07,25,61.58265,5.01869,70.984,2.757,-1.773,7.049,
ENGM,01L,19R,60.20055,11.0827,16.065,5.25,0.816,8.556,
ENGM,01R,19L,60.1885,11.11515,16.073,5.261,0.811,8.545,
ENHD,13,31,59.34405,5.21087,134.317,2.822,1.495,9.839,
ENHF,04,22,70.67951,23.66803,55.953,14.323,1.629,10.781,
ENHK,11,29,70.4863,22.14185,118.976,13.373,-4.397,4.832,
ENHV,08,26,71.0097,25.9838,89.99,15.791,-5.801,3.258,2023.6
ENKJ,12,30,59.96935,11.03615,122.74,5.205,-2.465,5.233,
ENKL,11,29,60.79089,9.04968,110.655,4.471,-3.816,4.311,
ENLI,14,32,58.0997,6.62602,131.016,3.366,-12.35,-4.434,1979.81
ENLK,03,21,68.15265,13.6095,28.009,7.818,-9.809,-0.434,2006.82
ENMH,17,35,71.0296,27.8267,182.388,16.826,-4.438,4.463,
ENML,07,25,62.7456,7.26762,70.933,3.821,-2.888,5.892,
ENMS,16,34,65.784,13.2149,160.448,7.081,-6.632,2.139,2019.65
ENNA,16,34,70.0688,24.9735,175.436,14.749,0.687,9.499,
ENNM,07,25,64.4722,11.57775,75.481,6.039,-0.558,8.081,
ENOP,07,25,62.65025,9.84751,69.817,4.991,-5.174,3.254,2025.81
ENOV,06,24,62.1792,6.07103,60.411,3.246,-2.835,5.977,
ENRA,13,31,66.36375,14.30165,139.509,7.757,1.752,10.55,
ENRI,10,28,61.54537,10.06378,100.584,4.971,-4.386,3.771,
ENRM,04,22,64.837,11.1431,41.428,5.885,-4.457,4.324,
ENRO,13,31,62.57915,11.3447,136.044,5.654,0.391,8.614,
ENRS,02,20,67.52652,12.10164,28.592,6.859,1.733,11.102,
ENRY,12,30,59.3788,10.7854,116.556,5.045,-8.489,-0.879,2007.94
ENSB,09,27,78.24605,15.46715,105.309,12.709,2.599,16.401,
ENSD,08,26,61.83015,6.10833,84.692,3.251,1.441,10.172,
ENSG,06,24,61.1556,7.13566,59.346,3.678,-4.332,4.122,
ENSH,36,18,68.2426,14.6686,12.205,8.42,3.786,13.068,
ENSK,08,26,68.58075,15.02135,90.755,8.705,2.05,11.394,
ENSN,01,19,59.185,9.56707,8.633,4.555,-5.922,1.81,2021.79
ENSO,14,32,59.7919,5.34085,144.789,2.879,1.91,10.325,
ENSR,14,32,69.78685,20.95945,154.241,12.41,1.832,10.936,
ENSS,15,33,70.35515,31.0451,163.381,18.151,-4.77,3.595,
ENST,02,20,65.95816,12.47046,24.824,6.74,-1.916,6.989,
ENTC,18,36,69.68308,18.91876,193.059,11.23,1.829,11.105,
ENTO,17,35,59.18634,10.25862,179.324,4.823,4.501,12.142,
ENVA,09,27,63.45765,10.91795,90.197,5.579,-5.382,3.097,2024.88
ENVD,07,25,70.06525,29.8457,86.523,17.349,-0.826,7.539,
ENZV,10,28,58.8787,5.62519,106.346,2.987,3.359,11.558,
ENZV,18,36,58.8822,5.63767,179.119,2.992,-3.873,4.325,
EOD,05,23,36.56765,-87.4814,43.85,-3.77,-2.38,-7.587,
EPAR,16,34,49.6566,22.51325,166.991,6.807,0.184,4.738,
EPBC,10R,28L,52.2692,20.9072,102.833,7.007,-4.174,0.907,
EPBY,08,26,53.0968,17.9777,81.808,6.451,-4.644,0.906,
EPCE,07,25,54.41605,17.7633,76.321,6.632,-0.311,5.48,
EPDE,12,30,51.55115,21.89203,120.736,7.077,-6.341,-1.472,2016.1
EPGD,11,29,54.3762,18.47185,112.905,6.819,-3.914,1.784,
EPKK,07,25,50.0778,19.7855,77.892,6.337,1.555,6.459,
EPKM,05L,23R,50.23815,19.03415,49.575,6.206,-6.631,-1.619,2014.08
EPKS,12,30,52.33175,16.96645,117.796,6.069,-8.273,-2.717,2001.74
EPKT,08,26,50.47605,19.0821,90.18,6.256,3.924,8.961,
EPLB,07,25,51.24015,22.71345,77.024,7.187,-0.163,4.575,
EPLK,10,28,51.55099,19.1825,107.369,6.467,0.902,6.076,
EPLL,07,25,51.71995,19.38926,70.628,6.546,-5.918,-0.744,2019.29
EPLU,13L,31R,51.423,16.19615,130.393,5.746,-5.354,0.166,2023.82
EPLY,10,28,52.00499,19.14395,103.715,6.541,-2.826,2.418,
EPMB,07,25,54.02656,19.13562,79.085,6.929,2.157,7.718,
EPMI,12,30,53.39504,16.08276,124.767,6.005,-1.237,4.594,
EPML,08R,26L,50.32225,21.4616,90.24,6.73,3.509,8.258,
EPML,17,35,50.32375,21.45305,180.629,6.729,3.9,8.65,
EPMM,09,27,52.19545,21.65595,90.237,7.165,-6.927,-1.939,2012.17
EPMO,08,26,52.4511,20.6518,81.796,6.985,-5.189,-0.052,2024.99
EPMY,15,33,52.94125,15.02986,152.769,5.66,-2.891,3.004,
EPNT,12,30,49.46222,20.05222,121.993,6.284,-4.291,0.505,
EPOK,08,26,54.58735,18.52585,86.66,6.875,-0.216,5.512,
EPOK,13,31,54.5797,18.5172,136.124,6.872,-0.747,4.981,
EPPI,03,21,53.1694,16.71065,35.241,6.136,-0.894,4.823,
EPPO,10,28,52.42155,16.82355,107.417,6.047,1.37,6.957,
EPPR,09,27,54.2477,18.67451,99.526,6.849,2.677,8.33,
EPPW,10L,28R,52.3823,17.8476,107.553,6.295,1.258,6.713,
EPPW,10R,28L,52.3791,17.8521,107.252,6.296,0.956,6.41,
EPRA,07,25,51.38941,21.21508,75.043,6.894,-1.851,3.069,
EPRU,08,26,50.8847,19.20325,82.93,6.353,-3.423,1.655,
EPRZ,09,27,50.1099,22.0239,91.174,6.802,-5.629,-0.967,2020.75
EPSC,13,31,53.58475,14.9022,130.805,5.712,-4.907,1.106,
EPSD,09,27L,53.39071,14.63238,93.879,5.612,-1.733,4.285,
EPSN,11,29,53.79065,15.82625,111.174,5.995,-4.82,1.108,
EPTM,11,29,51.58455,20.09745,115.336,6.682,-1.346,3.726,
EPTO,10,28,53.02915,18.5463,104.736,6.583,-1.847,3.623,
EPTO,10L,28R,53.02985,18.55055,104.364,6.585,-2.22,3.25,
EPWA,11,29,52.16625,20.9653,114.644,6.999,-2.354,2.705,
EPWA,15,33,52.164,20.96865,151.753,6.999,-5.246,-0.187,2024.49
EPWR,11,29,51.1039,16.8819,115.787,5.862,-0.075,5.314,
EPZG,06,24,52.1385,15.79855,64.755,5.749,-0.994,4.681,
ES-0006,16,34,42.09865,-6.52645,156.362,-0.25,-3.388,4.065,
ES-0098,01,19,41.80022,2.11209,8.05,2.046,-3.996,2.401,
ES-0358,18,36,37.3517,-6.01396,176.629,-0.006,-3.365,3.624,
ESCF,01,19,58.39615,15.52195,18.285,6.656,1.629,8.435,
ESCF,08,26,58.4026,15.5315,83.158,6.661,-3.503,3.303,
ESCM,03,21,59.90025,17.5926,33.158,7.712,-4.553,2.312,
ESCM,08,26,59.89715,17.5873,74.845,7.709,-12.864,-5.998,1951.57
ESDF,01,19,56.26725,15.26535,8.71,6.212,-7.501,-1.072,2011.51
ESFR,18,36,58.4981,13.05325,184.541,5.791,-1.25,5.889,
ESGG,03,21,57.6628,12.2798,25.982,5.409,-9.427,-2.35,1999.25
ESGJ,01,19,57.7576,14.06875,18.103,6.045,2.058,8.921,
ESGJ,11,29,57.7525,14.0735,114.106,6.046,-1.94,4.921,
ESGK,04,22,58.1698,13.58785,32.15,5.937,-13.786,-6.781,1947.6
ESGL,06,24,58.4655,13.1744,62.026,5.83,-3.804,3.313,
ESGR,01,19,58.4564,13.97265,15.795,6.116,-0.321,6.692,
ESGT,15,33,58.31785,12.34475,145.96,5.511,-9.551,-2.356,1999.03
ESIA,06,24,58.51385,14.5071,62.929,6.317,-3.387,3.57,
ESIB,01,19,58.4283,12.71125,4.602,5.658,-11.056,-3.886,1985.02
ESIB,11,29,58.42985,12.71005,111.97,5.657,-3.687,3.483,
ESKC,03,21,59.92017,17.53579,30.152,7.695,-7.543,-0.667,2012.73
ESKC,08,26,59.92354,17.53499,75.056,7.696,-12.64,-5.762,1954.04
ESKC,14,32,59.92163,17.53262,144.367,7.695,-3.327,3.55,
ESKK,03,21,59.34585,14.4959,21.818,6.45,-14.632,-7.504,1942.0
ESKM,16,34,60.9579,14.5114,161.166,6.738,-5.572,1.896,2023.62
ESKN,08,26,58.78825,16.9051,83.092,7.219,-4.127,2.588,
ESKN,16,34,58.7927,16.9096,161.827,7.222,-5.394,1.321,2024.28
ESKS,15,33,61.16475,12.83404,146.576,6.089,-9.513,-1.791,2001.96
ESKV,01,19,59.67585,12.6394,3.932,5.797,-11.865,-4.434,1980.24
ESMG,01,19,56.95025,13.92155,16.886,5.879,1.008,7.736,
ESMK,01,19,55.9217,14.0855,7.112,5.789,-8.677,-2.159,2002.66
ESML,12L,30R,55.9454,12.87115,117.76,5.407,-7.647,-0.966,2010.89
ESML,12R,30L,55.94445,12.8694,118.694,5.406,-6.712,-0.031,2016.52
ESMO,01,19,57.34885,16.4977,5.036,6.796,-11.76,-5.282,1966.45
ESMP,04,22,57.26415,13.59945,32.146,5.814,-13.668,-6.839,1947.48
ESMQ,05,23,56.6826,16.28165,48.088,6.604,-8.516,-2.138,2003.95
ESMQ,16,34,56.68865,16.2845,152.219,6.606,-14.387,-8.008,1938.09
ESMS,11,29,55.5222,13.3659,104.581,5.512,-10.931,-4.391,1980.96
ESMS,17,35,55.5356,13.37635,173.399,5.517,-2.118,4.424,
ESMT,01,19,56.6911,12.8202,6.217,5.479,-9.262,-2.439,1999.26
ESMV,04,22,57.2922,14.1372,43.137,6.0,-2.863,3.902,
ESMX,01,19,56.9291,14.728,13.045,6.142,-3.097,3.524,
ESNA,14,32,63.73835,15.4583,140.13,7.71,-7.581,0.414,2014.7
ESNC,06,24,62.4089,13.74725,59.285,6.682,-7.397,0.491,2015.21
ESND,09,27,62.0477,14.42105,86.98,6.903,-9.924,-2.201,1999.6
ESNG,12,30,67.1324,20.81465,117.93,11.29,-13.36,-5.064,1975.51
ESNJ,14,32,66.49625,20.1472,144.189,10.726,-6.537,1.649,2019.8
ESNK,17,35,63.0486,17.76885,171.443,8.563,-7.121,0.439,2016.31
ESNL,14,32,64.54955,18.71405,142.937,9.409,-6.472,1.352,2019.64
ESNM,15,33,63.125,14.8096,143.587,7.286,-13.699,-5.774,1953.42
ESNM,18,36,63.1286,14.8028,180.0,7.284,-7.284,0.643,2015.89
ESNM,18R,36L,63.12625,14.80705,176.395,7.285,-10.891,-2.965,1995.05
ESNN,16,34,62.52775,17.4442,160.182,8.289,-8.107,-0.633,2011.06
ESNO,12,30,63.40925,18.98825,121.704,9.192,-7.488,0.021,2014.58
ESNP,16,34,65.3983,21.26085,163.534,10.868,-7.333,0.435,2015.93
ESNQ,03,21,67.822,20.33675,33.742,11.303,-7.561,0.987,2016.07
ESNR,03,21,61.19,14.71255,27.148,6.862,-9.714,-2.219,1999.91
ESNR,15,33,61.191,14.7204,152.995,6.866,-3.871,3.623,
ESNU,14,32,63.7908,20.2848,138.31,9.875,-11.565,-4.106,1983.85
ESNV,10,28,64.57905,16.83355,103.281,8.548,-5.268,2.776,2025.37
ESNX,12,30,65.59165,19.2775,128.245,9.998,-1.753,6.281,
ESNY,12,30,61.2615,17.09905,129.465,7.838,1.627,8.85,
ESNZ,12,30,63.1941,14.502,114.704,7.164,-12.459,-4.48,1979.79
ESOH,18,36,60.02005,13.5789,176.603,6.211,-9.608,-2.224,1999.83
ESOK,03,21,59.4447,13.3374,25.604,6.03,-10.427,-3.133,1993.67
ESOK,03L,21R,59.45255,13.3397,26.458,6.033,-9.575,-2.279,1999.58
ESOW,01,19,59.58983,16.63386,11.646,7.289,-5.643,1.272,2022.96
ESPA,14,32,65.54375,22.122,137.282,11.323,-14.041,-6.325,1946.68
ESPE,11,29,65.8753,20.1499,116.757,10.511,-3.754,4.261,
ESQO,15,33,59.38655,15.92405,147.156,6.986,-9.83,-2.871,1996.83
ESSA,01L,19R,59.65185,17.9185,10.44,7.774,-7.335,-0.561,2013.76
ESSA,01R,19L,59.63745,17.9547,10.383,7.784,-7.401,-0.634,2013.36
ESSA,08,26,59.66115,17.95765,75.834,7.791,-11.957,-5.185,1967.21
ESSB,12,30,59.3544,17.94165,124.933,7.713,-2.78,3.928,
ESSD,14,32,60.4221,15.51535,132.488,7.034,-14.546,-7.317,1942.67
ESSF,12,30,57.52575,15.82395,116.173,6.605,-10.432,-3.836,1987.08
ESSK,18,36,60.59315,16.9512,180.946,7.627,-6.681,0.412,2017.66
ESSL,11,29,58.4063,15.68025,112.14,6.714,-4.573,2.215,
ESSP,09,27,58.58595,16.25065,90.856,6.948,-6.092,0.662,2020.21
ESSP,11,29,58.58905,16.2406,115.586,6.945,-1.359,5.397,
ESST,16,34,60.1574,12.99145,157.628,6.002,-8.374,-0.887,2008.74
ESSU,18,36,59.35105,16.7084,177.923,7.266,-9.343,-2.488,1999.81
ESSV,03,21,57.6628,18.3462,20.941,7.468,-16.527,-10.211,1923.55
ESSV,10,28,57.65,18.3387,101.717,7.462,-5.745,0.569,2021.92
ESTA,14,32,56.2915,12.85505,136.227,5.442,-9.215,-2.47,1999.19
ESTL,11L,29R,56.085,13.20725,112.844,5.531,-2.687,3.975,
ESTL,11R,29L,56.0833,13.19465,113.111,5.527,-2.416,4.247,
ESUB,18,36,61.51337,16.37251,172.677,7.603,-14.926,-7.56,1940.71
ESUD,15,33,64.9609,17.6967,151.356,9.057,-7.701,0.342,2014.42
ESUG,17,35,65.30415,17.97519,178.231,9.288,-1.057,7.044,
ESUK,05,23,67.7629,20.26115,54.4,11.242,-6.843,1.696,2018.93
ESUK,11,29,67.76645,20.25965,107.692,11.243,-13.55,-5.011,1975.92
ESUK,17,35,67.76505,20.25085,170.951,11.238,-10.286,-1.746,2002.12
ESUP,11,29,67.24465,23.07471,118.191,12.464,-4.273,3.824,
ESUR,14,32,63.49058,16.48308,146.697,8.112,-1.416,6.399,
ESUT,15,33,65.80565,15.08325,152.503,8.017,-5.514,3.046,2024.38
ESUV,04,22,65.6454,21.06144,53.058,10.864,2.195,10.051,
ETAD,05,23,49.97655,6.69851,44.666,3.241,-8.575,-1.958,2001.55
ETAR,08,26,49.4345,7.60068,82.384,3.464,-1.08,5.34,
ETAR,09,27,49.4369,7.60031,86.37,3.464,-7.095,-0.674,2012.67
ETHA,09,27,47.83552,10.87126,89.65,4.169,-4.519,1.252,
ETHB,08,26,52.2784,9.08221,77.378,3.973,-6.595,0.005,2016.6
ETHC,08,26,52.5912,10.02215,80.912,4.256,-3.344,3.172,
ETHE,08,26,52.29105,7.387,83.608,3.485,0.123,6.962,
ETHF,11,29,51.1145,9.28596,119.167,3.972,5.195,11.6,
ETHL,03,21,48.22337,9.90637,33.956,3.974,-0.018,5.931,
ETHL,09,27,48.22011,9.91021,92.876,3.975,-1.099,4.85,
ETHL,09G,27G,48.21955,9.90499,93.017,3.974,-0.956,4.993,
ETHM,08,26,50.366,7.31536,75.675,3.415,-7.74,-1.16,2008.46
ETHN,07,25,49.39185,9.95817,75.187,4.052,1.135,7.219,
ETHR,09,27,49.21745,11.10005,84.189,4.314,-10.125,-4.221,1982.41
ETHS,06,24,52.91315,10.1943,64.114,4.325,-0.212,6.328,
ETHS,09,27,52.91935,10.18385,90.763,4.323,-3.56,2.982,
ETHS,09L,27R,52.91995,10.1862,88.115,4.324,-6.208,0.334,2018.86
ETIC,14,32,49.6987,11.94015,143.219,4.548,-1.329,4.52,
ETIH,09,27,49.2181,11.83615,89.997,4.486,-4.489,1.313,
ETIN,06,24,49.74305,10.20055,64.669,4.131,0.537,6.632,
ETMN,08,26,53.76765,8.6585,78.138,3.917,-5.779,1.107,2021.78
ETND,08,26,52.5855,8.34101,84.866,3.773,1.093,7.842,
ETNG,09,27,50.96085,6.04175,90.605,3.074,-2.469,4.372,
ETNH,08,26,54.3122,9.53817,79.464,4.216,-4.752,2.1,
ETNL,09,27,53.91806,12.27928,97.878,5.009,2.87,9.284,
ETNN,06,24,50.83115,6.65811,66.615,3.245,3.37,10.106,
ETNS,05,23,54.45935,9.51641,47.789,4.218,-6.429,0.45,2018.05
ETNS,07,25,54.4579,9.51725,73.155,4.218,-1.063,5.815,
ETNT,07,25,53.54795,7.66733,78.129,3.604,4.525,11.515,
ETNW,02,20,52.45185,9.43267,26.805,4.081,2.724,9.3,
ETNW,08R,26L,52.45555,9.42425,81.187,4.079,-2.892,3.686,
ETOI,10,28,49.63345,11.76735,101.714,4.502,-2.788,3.076,
ETOR,05,23,49.56355,8.46339,49.71,3.689,-3.979,2.336,
ETOU,07,25,50.04985,8.32544,73.472,3.672,-0.2,6.197,
ETSB,03,21,50.1738,7.06332,29.427,3.343,-3.915,2.676,
ETSH,09,27,51.76785,13.1677,93.414,5.037,-1.623,4.342,
ETSI,06L,24R,48.7208,11.53085,68.013,4.378,3.635,9.418,
ETSI,06R,24L,48.7094,11.53725,68.228,4.379,3.849,9.63,
ETSL,03,21,48.1855,10.86115,28.971,4.189,-5.218,0.594,2024.85
ETSN,09,27,48.711,11.2116,91.032,4.305,-3.273,2.554,
EVGA,18,36,56.77904,24.85388,187.099,9.234,-2.135,3.292,
EVLA,06,24,56.51755,21.0971,70.158,8.053,2.106,7.883,
EVRA,18,36,56.92077,23.97072,185.186,9.021,-3.835,1.709,
EVVA,03,21,57.3578,21.54415,35.698,8.413,-2.715,3.173,
EYKA,08,26,54.96393,24.08478,85.159,8.465,-3.306,1.87,
EYPA,01,19,55.97309,21.0938,12.731,7.912,-5.181,0.495,2025.29
EYPP,13,31,55.72945,24.4614,137.482,8.793,-1.311,3.961,
EYSA,14L,32R,55.89385,23.395,146.097,8.546,-2.449,2.963,
EYSA,14R,32L,55.89195,23.39265,146.087,8.545,-2.459,2.954,
EYSB,10,28,56.07055,23.55805,103.622,8.644,-5.022,0.406,2026.45
EYVI,01,19,54.63415,25.2858,22.054,8.678,3.377,8.376,
F09,17,35,34.51725,-99.4338,180.0,4.132,5.868,0.949,2016.87
F13,18,36,26.9686,-81.91635,177.879,-6.472,4.351,-1.465,
F25,06,24,39.4552,-121.292,79.06,13.006,6.054,1.907,2014.31
F57,01,19,28.0575,-81.7628,9.072,-6.684,5.755,0.075,2016.8
F92,17,35,35.87515,-97.95245,179.349,3.294,6.055,0.93,2014.72
F95,18,36,30.48685,-85.114,177.508,-4.822,2.33,-3.315,
FA36,18,36,29.51275,-82.8748,180.0,-6.15,6.15,0.546,2011.96
FA37,18,36,26.1168,-81.7031,180.0,-6.509,6.509,0.616,2009.91
FAAB,01,19,-28.575,16.5333,341.463,-20.1,-8.437,-7.209,1929.54
FAAB,07,25,-28.57265,16.53065,42.912,-20.097,-6.991,-5.761,1962.69
FAAB,11,29,-28.56805,16.5295,86.978,-20.091,-2.931,-1.698,
FAAG,07,25,-29.2818,18.8139,49.228,-21.714,0.942,0.342,
FAAL,10,28,-22.67905,29.0555,84.285,-15.658,-0.057,-2.253,
FABE,08,26,-32.89715,27.27915,56.404,-30.144,6.548,-0.599,2020.9
FABL,02,20,-29.09355,26.3024,0.436,-24.51,4.946,0.099,
FABL,12,30,-29.0916,26.29645,101.648,-24.505,6.153,1.309,2022.18
FABM,11,29,-28.2484,28.33615,96.392,-24.103,10.495,5.203,1989.61
FABM,13,31,-28.24665,28.33535,108.486,-24.1,2.586,-2.704,
FABO,07,25,-27.3668,26.6292,52.976,-22.037,5.013,1.043,2026.57
FACT,01,19,-33.97375,18.60445,345.115,-26.872,1.987,-0.981,
FACT,16,34,-33.96685,18.60395,135.413,-26.866,2.278,-0.687,
FACV,09,27,-31.5003,19.7259,67.174,-24.797,1.97,-0.484,
FADK,04,22,-28.3684,32.24815,22.173,-25.906,8.079,1.408,2010.39
FADU,18,36,-25.36105,30.1876,164.926,-20.281,5.206,0.87,2025.8
FAEL,06,24,-33.0363,27.82525,36.737,-30.584,7.321,-0.089,2017.04
FAEL,11,29,-33.03605,27.822,81.889,-30.582,2.471,-4.938,
FAEO,13,31,-26.4956,29.97975,113.059,-22.016,5.075,0.143,2026.33
FAFB,08,26,-28.8231,27.9089,59.632,-24.799,4.431,-1.004,
FAGC,17,35,-25.9863,28.14005,152.812,-20.477,3.289,-0.547,
FAGG,11,29,-34.00555,22.3785,87.771,-28.877,6.649,1.414,2020.01
FAGM,11,29,-26.24255,28.1491,88.888,-20.886,-0.226,-4.227,
FAGM,17,35,-26.24155,28.15065,156.604,-20.885,7.489,3.488,2012.45
FAGR,02,20,-32.19095,24.5424,15.252,-27.921,23.172,17.576,
FAGR,15,33,-32.19375,24.5394,126.865,-27.923,4.787,-0.809,
FAGT,04,22,-33.28515,26.49655,20.041,-30.221,10.262,3.282,1999.6
FAGT,12,30,-33.28635,26.49535,99.846,-30.222,10.068,3.088,2000.65
FAGT,16,34,-33.2848,26.49825,135.589,-30.221,5.81,-1.17,2023.62
FAGY,06,24,-29.122,30.5867,41.811,-26.393,8.204,1.615,2010.19
FAHA,08,26,-28.079,26.86055,58.925,-23.225,2.149,-2.371,
FAHA,15,33,-28.07745,26.85955,129.847,-23.222,3.069,-1.451,
FAHR,15,33,-28.23505,29.1062,133.906,-24.405,8.312,2.714,2007.84
FAHS,09,27,-24.38065,31.04565,77.108,-19.045,6.152,2.071,2021.62
FAHS,18,36,-24.35665,31.05185,163.671,-19.009,2.68,-1.389,
FAHV,10,28,-30.56485,25.5272,79.738,-26.263,6.001,0.721,2022.82
FAHV,15,33,-30.55945,25.5294,124.448,-26.257,0.705,-4.574,
FAKD,05,23,-26.8658,26.72055,31.055,-21.298,2.353,-1.349,
FAKD,15,33,-26.86795,26.7206,132.753,-21.301,4.054,0.351,
FAKD,18,36,-26.87105,26.718,166.152,-21.305,7.457,3.753,2012.67
FAKM,02,20,-28.8067,24.7652,0.0,-23.431,3.431,-0.45,
FAKM,10,28,-28.8031,24.7632,79.464,-23.425,2.889,-0.989,
FAKN,05,23,-25.3837,31.1051,33.965,-20.674,4.639,-0.056,
FAKR,08,26,-26.08095,27.72535,63.41,-20.465,3.875,0.175,
FAKS,03,21,-27.6657,27.32,6.346,-22.78,-0.873,-5.364,
FAKS,07,25,-27.6606,27.31575,53.941,-22.771,6.712,2.227,2019.75
FAKS,12,30,-27.66465,27.3174,104.421,-22.778,7.198,2.709,2016.14
FAKU,02,20,-27.45665,23.4114,4.001,-20.904,4.905,2.641,
FAKZ,02,20,-29.6884,17.094,4.477,-21.613,6.09,6.318,2020.22
FALA,07,25,-25.93915,27.92645,47.523,-20.32,-2.158,-5.864,
FALC,15,33,-28.36005,23.43905,127.331,-22.235,-0.434,-3.292,
FALI,06,24,-26.1726,26.18745,49.167,-20.014,9.181,6.199,
FALI,18,36,-26.17565,26.1846,166.295,-20.018,6.313,3.33,2021.12
FALM,10,28,-23.1599,29.69655,89.69,-16.623,6.314,3.529,2020.6
FALM,10L,28R,-23.1425,29.6954,90.001,-16.596,6.597,3.823,2018.44
FALO,10,28,-23.06195,29.86475,81.081,-16.534,-2.385,-5.185,
FALW,02L,20R,-32.96905,18.16225,1.144,-25.676,6.819,4.596,2014.22
FALW,02R,20L,-32.9693,18.16625,1.16,-25.678,6.838,4.612,2014.0
FALW,07,25,-32.9636,18.158,46.133,-25.668,1.801,-0.417,
FALW,16,34,-32.9724,18.16115,136.376,-25.678,2.054,-0.17,
FALY,11,29,-28.5817,29.74975,90.003,-25.212,5.215,-0.814,2025.83
FAMB,02,20,-25.6812,29.44185,359.57,-20.502,0.071,-4.154,
FAMB,14,32,-25.6848,29.4402,127.473,-20.507,7.979,3.752,2006.32
FAMD,16,34,-24.8181,31.5446,140.322,-19.935,0.258,-4.262,
FAMG,05,23,-30.8574,30.343,22.585,-28.857,1.442,-5.898,
FAMI,06,24,-24.98915,29.28315,41.517,-19.338,0.855,-2.877,
FAMJ,14,32,-27.07925,29.77855,122.705,-22.866,5.571,0.374,2024.42
FAMM,04,22,-25.7984,25.548,22.996,-19.197,2.193,-0.201,
FAMN,09,27,-25.4737,31.56525,71.767,-20.998,2.765,-2.141,
FAMO,10,28,-34.15873,22.0557,69.894,-28.863,-1.243,-6.36,
FAMS,03,21,-25.70445,26.909,16.415,-19.56,5.975,2.92,2022.53
FAMU,17,35,-27.62605,32.0443,156.693,-24.649,11.342,5.103,1985.97
FANC,11,29,-27.7706,29.97685,90.847,-24.041,4.887,-0.778,
FANY,10,28,-24.68605,28.4349,85.309,-18.537,3.846,0.691,
FAOB,10,28,-34.5571,20.2402,75.353,-28.278,3.631,-0.589,
FAOB,17,35,-34.56595,20.2599,145.49,-28.297,3.787,-0.449,
FAOH,04,22,-33.60695,22.189,12.66,-28.358,1.019,-3.944,
FAOR,03L,21R,-26.12715,28.2403,15.794,-20.739,6.534,2.562,2020.34
FAOR,03R,21L,-26.14995,28.25275,15.56,-20.78,6.34,2.349,2021.14
FAPE,08,26,-33.98825,25.61075,58.075,-30.569,8.645,1.785,2008.66
FAPE,17,35,-33.99005,25.6215,145.799,-30.577,6.376,-0.489,2021.45
FAPG,12,30,-34.09025,23.3278,99.986,-29.471,9.458,3.675,2001.56
FAPH,01,19,-23.93625,31.156,354.028,-18.381,2.409,-1.45,
FAPI,08,26,-23.9261,29.4844,60.721,-17.736,-1.543,-4.705,
FAPJ,09,27,-31.60585,29.51975,64.003,-29.533,3.536,-3.879,
FAPM,16,34,-29.64895,30.39865,141.574,-27.112,8.686,1.892,2006.89
FAPN,05,23,-25.33386,27.17354,37.27,-19.08,6.35,3.399,2020.86
FAPP,01,19,-23.84885,29.4587,359.086,-17.606,6.692,3.59,2018.08
FAPP,05,23,-23.8505,29.4543,37.801,-17.607,5.407,2.306,2024.92
FAPS,03,21,-26.671,27.0819,12.472,-21.138,3.61,-0.149,
FAPS,15,33,-26.67005,27.08445,134.649,-21.137,5.786,2.026,2023.46
FAPY,06,24,-26.88935,27.50345,43.134,-21.647,4.781,0.68,
FAPY,11,29,-26.8867,27.5038,95.301,-21.643,6.944,2.845,2017.65
FAQT,12,30,-31.9202,26.8822,94.266,-28.716,2.982,-3.59,
FARB,05,23,-28.74105,32.0921,33.909,-26.426,10.335,3.518,1996.42
FARG,16,34,-25.6443,27.2711,144.647,-19.603,4.25,1.051,
FARS,10,28,-33.8112,19.9097,80.178,-27.384,7.562,3.857,2010.61
FARS,14,32,-33.81205,19.90245,112.328,-27.381,-0.291,-3.992,
FASB,10,28,-29.68935,17.9396,74.03,-21.908,-4.062,-4.36,
FASC,11,29,-26.52405,29.17015,90.582,-21.738,2.32,-2.304,
FASD,02,20,-32.96405,17.9693,357.752,-25.58,3.331,1.232,
FASI,03,21,-26.24845,28.3975,16.388,-20.993,7.382,3.263,2013.72
FASI,14,32,-26.24925,28.39885,117.502,-20.995,-1.502,-5.622,
FASK,02,20,-25.8097,28.16465,6.096,-20.208,6.304,2.566,2021.22
FASK,06,24,-25.8093,28.1686,48.724,-20.209,8.933,5.194,1996.65
FASS,17,35,-27.6486,22.9993,153.424,-21.029,4.453,2.308,
FASX,06,24,-34.04935,20.4735,39.065,-27.913,6.978,2.828,2016.45
FASX,15,33,-34.04675,20.4721,125.903,-27.91,3.813,-0.335,
FASZ,17,35,-24.96095,31.58875,155.67,-20.182,5.851,1.233,2023.02
FATA,11,29,-26.35205,27.9681,95.387,-20.987,6.375,2.389,2021.02
FATF,03,21,-28.26005,22.99315,10.038,-21.913,1.951,-0.582,
FATF,07,25,-28.2601,22.989,51.49,-21.911,3.401,0.87,
FATF,16,34,-28.26105,22.98665,141.547,-21.912,3.458,0.928,
FATP,01,19,-29.0403,26.15935,350.96,-24.37,5.33,0.584,2025.39
FATP,10,28,-29.03025,26.16285,77.798,-24.356,2.154,-2.588,
FATT,04,22,-26.77655,29.33875,18.825,-22.207,1.032,-3.812,
FATZ,06,24,-23.82445,30.3293,51.329,-17.893,9.222,5.759,
FAUL,05,23,-28.31935,31.41745,34.349,-25.493,9.842,3.416,1998.68
FAUP,08,26,-28.40305,21.26175,60.169,-21.447,1.616,0.039,
FAUP,17,35,-28.39965,21.2632,153.374,-21.443,4.817,3.241,
FAUT,09,27,-31.54465,28.676,69.124,-29.062,8.187,1.081,2011.61
FAUT,14,32,-31.54625,28.67531,113.181,-29.064,2.245,-4.862,
FAVB,18,36,-26.9824,24.72875,164.134,-20.698,4.832,2.119,
FAVG,05,23,-29.7706,31.0584,27.418,-27.574,4.993,-2.052,
FAVM,08,26,-22.4481,29.33775,70.919,-15.409,6.328,4.14,2020.29
FAVR,08,26,-31.64095,18.5448,56.32,-24.436,0.756,-1.031,
FAVV,03,21,-26.57015,27.96005,8.937,-21.328,0.265,-3.853,
FAVV,15,33,-26.5663,27.96065,125.661,-21.322,-3.016,-7.132,
FAWB,06,24,-25.65815,28.2199,43.201,-19.989,3.19,-0.478,
FAWB,11,29,-25.65345,28.22188,92.611,-19.983,2.594,-1.072,
FAWI,04,22,-25.8323,29.192,19.726,-20.645,0.371,-3.841,
FAWK,01,19,-25.8291,28.2223,352.098,-20.261,2.359,-1.418,
FAWK,06,24,-25.82745,28.2254,44.599,-20.259,4.859,1.082,
FAWM,07,25,-27.998,26.66955,49.381,-23.021,2.402,-1.976,
FAWV,6,24,-25.31768,30.97297,44.996,-20.517,5.512,0.904,2024.55
FAYP,02,20,-33.90025,18.4983,355.997,-26.749,2.746,-0.123,
FAZR,04,22,-25.59895,26.0423,26.649,-19.071,5.721,3.189,2023.57
FBFT,11,29,-21.15972,27.47431,98.097,-12.909,1.005,0.515,
FBFT,13,31,-21.1575,27.46563,121.209,-12.903,4.112,3.628,
FBJW,08,26,-24.60235,24.69095,65.185,-17.074,2.259,1.132,
FBKE,08,26,-17.83285,25.1624,70.916,-8.113,-0.971,1.486,
FBKI,15,33,-19.6167,23.0333,149.746,-9.791,9.537,12.288,
FBMN,08,26,-19.97255,23.4311,66.076,-10.298,-3.625,-1.267,
FBMU,05,23,-22.26765,20.0315,50.157,-12.623,12.779,15.778,
FBNX,12,30,-18.605,22.0733,119.547,-8.484,8.031,11.743,
FBSN,11,29,-20.55335,26.11575,102.901,-11.678,4.579,5.16,
FBSP,12,30,-22.05835,27.82875,101.832,-14.312,-3.856,-5.066,
FBTP,08,26,-24.2211,25.3473,64.194,-16.717,0.911,-0.338,
FBTP,08L,26R,-24.21385,25.341,64.179,-16.704,0.883,-0.357,
FCBB,05,23,-4.24923,15.25307,50.022,-0.6,0.622,7.292,
FCOO,09,27,-0.53135,15.9501,79.438,0.4,-10.962,-4.851,1977.05
FCOU,01,19,1.61605,16.0379,14.434,0.796,3.638,9.455,
FCPP,17,35,-4.81602,11.8866,166.165,-1.625,-2.21,4.752,
FD22,05,23,29.6669,-81.95505,49.773,-6.737,6.51,1.012,2007.36
FD48,18,36,30.24195,-81.4497,180.0,-7.108,7.108,1.747,1999.82
FDMS,07,25,-26.529,31.3075,53.462,-22.598,6.06,0.636,2022.33
FDNS,03,21,-26.98715,31.93715,11.823,-23.584,5.407,-0.463,2025.06
FEFF,16,34,4.39848,18.5188,165.622,1.66,3.961,9.314,
FEFT,17,35,4.22158,15.7864,167.197,1.128,-3.931,1.562,
FGSL,04,22,3.75527,8.70872,41.91,-0.516,2.426,8.132,
FHAW,13,31,-7.96959,-14.39365,116.675,-13.504,0.179,6.514,
FHSH,01,19,-15.95724,-5.64598,358.69,-14.678,3.368,9.911,
FI-0018,18,36,60.25455,25.0428,186.197,10.51,-4.314,1.806,
FI-0019,05,23,61.77335,24.027,52.67,10.706,-8.036,-1.467,2009.84
FIMP,14,32,-20.43023,57.68357,117.052,-18.478,-4.47,-5.156,
FIMR,12,30,-19.75765,63.361,105.505,-16.812,2.317,3.369,
FJ-0004,01,19,-18.21569,177.7249,25.473,12.878,2.595,2.742,
FJDG,13,31,-7.31327,72.4111,121.704,-6.24,-2.056,-0.254,
FKKC,05,23,4.08919,9.36053,43.486,-0.303,-6.211,-0.563,2015.17
FKKD,12,30,4.00605,9.71951,116.786,-0.234,-2.981,2.671,
FKKL,13,31,10.4514,14.2574,129.321,1.562,-2.241,2.617,
FKKM,04,22,5.63692,10.7508,37.729,0.261,-2.532,2.893,
FKKN,02,20,7.35701,13.5592,22.178,1.08,1.098,6.274,
FKKR,09,27,9.33589,13.3701,86.27,1.276,-5.006,-0.029,2026.53
FKKU,15,33,5.53692,10.35455,147.003,0.159,-3.156,2.289,
FKKV,17,35,6.03924,10.12265,171.094,0.185,0.909,6.299,
FKKY,03,21,3.83604,11.52345,24.101,0.154,-6.053,-0.412,2016.09
FKYS,01,19,3.72256,11.55325,9.969,0.142,-0.174,5.482,
FL34,18,36,30.6336,-86.74275,181.068,-3.775,4.843,-0.834,
FL41,09,27,26.5811,-80.756,89.997,-7.132,7.129,1.361,2002.61
FL59,06,24,26.63425,-81.7122,60.216,-6.56,6.777,0.938,2006.92
FL59,14,32,26.6434,-81.71035,140.445,-6.562,7.008,1.17,2004.61
FL60,05,23,29.97235,-81.66085,44.897,-6.95,1.847,-3.578,
FL67,09,27,27.2778,-80.586,89.998,-7.309,7.307,1.643,1999.9
FLKE,11,29,-12.5728,27.8943,104.278,-3.709,-2.013,0.96,
FLLC,08,26,-15.4138,28.3307,72.222,-6.255,-1.522,0.346,
FLLI,15,33,-17.8168,25.81815,139.113,-8.228,-2.659,-0.533,
FLLS,10,28,-15.3308,28.4526,95.154,-6.202,1.356,3.198,
FLLS,15,33,-15.32625,28.46195,140.164,-6.2,-3.636,-1.797,
FLMF,09,27,-13.2589,31.93655,82.48,-5.183,-2.337,-1.322,
FLMG,09,27,-15.25455,23.1623,85.373,-5.285,0.658,5.024,
FLND,10L,28R,-12.99745,28.66565,90.753,-4.183,-5.064,-2.548,2002.86
FLND,10R,28L,-12.9988,28.6642,91.046,-4.184,-4.77,-2.254,
FLSK,09,27,-12.96179,28.51624,89.661,-4.125,3.786,6.379,
FLSO,11,29,-12.90045,28.14985,105.593,-4.007,-0.4,2.372,
FM43,13,31,-12.2561,49.2542,126.926,-9.358,6.283,4.511,1992.57
FMCH,02,20,-11.53365,43.27185,9.726,-7.229,-3.046,-4.643,
FMCI,13,31,-12.2981,43.7664,123.054,-8.031,1.085,-0.742,
FMCV,10,28,-12.1315,44.43035,94.726,-8.075,2.801,0.968,
FMCZ,16,34,-12.80945,45.2822,149.804,-8.916,-1.28,-3.3,
FMEE,12,30,-20.88905,55.51965,102.175,-19.213,1.388,-0.034,
FMEE,14,32,-20.8896,55.5157,116.558,-19.214,-4.228,-5.652,
FMMA,12,30,-19.029,47.1718,106.935,-16.219,3.154,-0.143,
FMMI,11,29,-18.79695,47.4788,98.855,-15.981,4.836,1.639,
FMMN,16,34,-19.5628,45.4509,147.71,-16.556,4.267,0.603,
FMMS,01,19,-17.09425,49.81615,353.654,-14.317,-2.029,-4.495,
FMMT,01,19,-18.1095,49.39255,353.661,-15.449,-0.89,-3.609,
FMMV,10,28,-20.2846,44.32195,87.453,-17.269,4.722,0.74,
FMMV,14,32,-20.28445,44.31705,123.573,-17.268,0.841,-3.142,
FMNA,13,31,-12.3494,49.29175,124.37,-9.446,3.816,2.032,
FMNC,11,29,-16.1639,49.77375,96.058,-13.271,-0.671,-2.994,
FMND,02,20,-14.6515,49.62055,5.379,-11.663,-2.958,-5.064,
FMNE,11,29,-13.18845,48.988,103.283,-10.138,3.421,1.475,
FMNH,18,36,-14.99945,50.32025,162.704,-12.13,-5.166,-7.221,
FMNL,11,29,-14.6297,47.7638,100.58,-11.279,1.859,-0.455,
FMNM,14,32,-15.66715,46.3518,132.087,-12.047,4.134,1.499,
FMNN,05,23,-13.31205,48.3148,42.992,-10.115,3.106,1.08,
FMNQ,08,26,-16.7418,44.4814,72.224,-12.783,5.006,2.025,2026.57
FMNR,14,32,-15.4378,49.68835,128.006,-12.481,0.486,-1.735,
FMNS,16,34,-14.27945,50.17475,151.813,-11.389,3.202,1.231,
FMNV,14,32,-13.3758,50.00275,131.835,-10.501,2.336,0.474,
FMNW,01,19,-14.89875,47.9939,2.486,-11.602,4.088,1.745,
FMNZ,15,33,-13.4848,48.6327,140.214,-10.343,0.557,-1.472,
FMSD,08,26,-25.03925,46.95635,52.098,-24.792,-3.11,-7.911,
FMSF,08,26,-21.44155,47.1117,61.897,-19.469,1.366,-2.499,
FMSG,13,31,-22.80525,47.8206,107.7,-21.54,-0.761,-4.786,
FMSK,05,23,-22.11975,48.0218,33.824,-20.573,4.397,0.578,
FMSM,04,22,-21.20175,48.3583,22.059,-19.323,1.383,-2.156,
FMSR,04,22,-21.75385,43.3755,28.554,-19.129,7.683,3.163,1997.84
FMST,04,22,-23.38335,43.72845,23.3,-21.658,4.958,-0.037,
FMST,11,29,-23.3913,43.7288,88.408,-21.671,0.079,-4.919,
FN18,10,28,-14.72755,15.01405,95.481,-5.356,0.837,8.181,
FN19,08,26,-9.65305,13.26065,72.755,-2.97,-4.275,3.243,
FNBC,16,34,-6.2699,14.24705,155.094,-1.437,-3.469,3.558,
FNBG,14,32,-12.60905,13.40375,129.964,-4.402,-5.634,2.059,2018.71
FNCA,36,18,-5.59699,12.18835,359.238,-1.775,1.013,8.083,
FNDU,03,21,-7.40089,20.8185,40.456,-0.627,11.083,17.15,
FNGI,13,31,-17.04345,15.6838,114.862,-7.019,-8.12,-1.261,1998.8
FNHU,11,29,-12.8089,15.76055,100.542,-3.979,-5.479,1.787,2018.35
FNKU,08,26,-12.40465,16.9474,69.593,-3.528,-6.879,0.123,2008.67
FNLB,16,34,-12.37125,13.5366,149.961,-4.235,-5.804,1.863,2017.71
FNLU,05,23,-8.86544,13.22615,46.817,-2.647,-0.535,6.904,
FNLU,07,25,-8.85131,13.23615,67.503,-2.639,0.141,7.578,
FNLZ,04,22,-9.11596,18.04935,30.308,-1.688,-8.005,-1.27,2000.12
FNMA,13,31,-9.52508,16.3124,123.242,-2.184,-4.574,2.511,
FNME,13,31,-14.65755,17.7198,118.156,-4.891,-6.953,-0.342,2006.22
FNMO,08,26,-15.26125,12.14675,66.247,-6.398,-7.354,0.506,2009.73
FNNG,16,34,-7.75451,15.28775,155.219,-1.695,-3.085,4.007,
FNPA,07,25,-10.72195,13.76555,54.457,-3.324,-12.219,-4.669,1978.04
FNSA,13,31,-9.68906,20.4319,129.911,-1.645,1.556,7.719,
FNSU,05,23,-11.1679,13.84755,44.176,-3.521,-2.303,5.265,
FNUB,10,28,-14.92467,13.57656,88.202,-5.802,-5.996,1.639,2016.05
FNUE,11,29,-11.76805,19.8977,104.113,-2.792,-3.095,3.126,
FNUG,01,19,-7.60307,15.0278,5.103,-1.701,-3.196,3.912,
FNXA,03,21,-16.7554,14.96535,21.328,-6.888,-1.783,5.335,
FNZG,08,26,-7.71693,21.3582,75.284,-0.701,-4.015,1.92,
FOGK,15,33,-1.18461,12.4413,150.822,-0.558,1.38,7.743,
FOGM,17,35,-1.84514,11.05665,167.473,-1.072,-1.455,5.051,
FOGO,03,21,1.54311,11.58135,24.521,-0.227,-5.252,0.713,2023.47
FOGQ,08,26,-0.66521,13.67315,73.081,-0.145,-6.774,-0.533,2011.1
FOGR,04,22,-0.70437,10.24575,42.229,-1.026,3.255,9.594,
FOOB,13,31,2.07564,11.4932,122.805,-0.151,-7.044,-1.155,2008.76
FOOG,02,20,-0.71174,8.75438,22.307,-1.434,3.74,10.105,
FOOH,14,32,-1.57473,9.26269,135.21,-1.501,-3.288,3.208,
FOOK,06,24,0.57921,12.8909,58.448,-0.09,-1.462,4.617,
FOOL,16,34,0.45862,9.41225,154.038,-0.991,-4.97,1.199,
FOON,15,33,-1.65615,13.438,143.63,-0.411,-5.959,0.443,2017.02
FPPR,18,36,1.66294,7.41174,167.828,-1.256,-10.917,-4.893,1976.83
FPST,11,29,0.37818,6.71215,103.508,-1.737,-4.755,1.472,
FQ49,17,35,-21.16625,34.56415,160.42,-15.398,5.818,2.361,2022.44
FQBR,12,30,-19.7964,34.90755,104.992,-13.562,-1.446,-4.315,
FQCH,01,19,-19.15125,33.42895,4.756,-12.152,6.909,4.849,2004.67
FQIN,06,24,-23.87625,35.40785,46.945,-19.879,6.825,1.77,2016.49
FQIN,16,34,-23.8764,35.40855,149.27,-19.88,9.15,4.095,1995.53
FQLC,08,26,-13.274,35.2663,70.578,-6.192,-3.229,-3.498,
FQLU,01,19,-15.0331,40.67175,0.406,-9.724,0.13,-2.105,
FQMA,05,23,-25.9104,32.57895,28.903,-22.096,0.999,-4.464,
FQMA,10,28,-25.9207,32.57485,86.261,-22.112,8.372,2.904,2004.37
FQMD,16,34,-11.67295,39.56315,157.943,-6.189,4.132,3.119,
FQMP,03,21,-11.3618,40.35485,24.853,-6.186,1.039,-0.061,
FQMR,15,33,-13.22505,37.55205,142.881,-6.892,-0.227,-1.196,
FQNC,01,19,-14.48641,40.71242,4.56,-9.167,3.727,1.659,
FQNP,05,23,-15.1056,39.2818,46.396,-9.339,5.735,3.72,2020.99
FQNP,13,31,-15.10695,39.29275,119.219,-9.344,-1.438,-3.455,
FQPB,17,35,-12.9933,40.52485,160.696,-7.656,-1.648,-3.235,
FQQL,18,36,-17.8555,36.86915,174.27,-11.695,5.964,3.444,2020.53
FQSG,16,34,-15.6027,32.7732,159.075,-7.682,6.757,6.565,
FQTT,01,19,-16.1048,33.6402,1.468,-8.505,-0.027,-0.767,
FQUG,16,34,-14.70465,34.3524,158.221,-7.264,5.485,5.033,2023.09
FQVL,10,28,-22.01845,35.31425,89.167,-16.948,6.115,2.024,2020.99
FQVL,17,35,-22.01715,35.3127,155.908,-16.946,2.853,-1.236,
FR-0158,04,22,46.88047,-0.2845,40.889,1.362,-0.473,6.737,
FR-0158,08,26,46.88022,-0.2874,80.93,1.361,-0.43,6.779,
FR-0158,12,30,46.87931,-0.28753,120.504,1.361,-0.856,6.353,
FR-0182,13,31,43.44823,5.20462,132.595,2.759,-0.164,5.957,
FR-0394,13,31,44.84186,1.58872,125.804,1.917,-6.112,0.634,2018.87
FR-1237,14,32,45.1509,1.46847,135.489,1.882,-6.393,0.401,2017.16
FR-1238,10,28,50.2218,3.15424,94.035,2.246,-8.211,-1.064,2006.06
FR-1239,01,19,47.922,7.39967,14.197,3.37,0.827,7.094,
FR-1240,01,19,49.0723,6.13276,9.808,3.076,-3.268,3.315,
FR-1241,07,25,49.31,4.05013,67.371,2.515,-5.144,1.761,2025.64
FR-1242,07,25,48.0863,5.66406,67.792,2.943,-5.15,1.381,2025.53
FR-1249,04,22,46.27821,5.66609,36.768,2.918,-6.15,0.181,2018.35
FSAL,15,33,-7.00478,52.72625,144.965,-6.153,1.118,0.317,
FSDR,12,30,-5.6967,53.65585,110.063,-5.541,-4.396,-4.988,
FSFA,13,31,-10.1096,51.1761,128.472,-7.983,6.456,5.164,1961.76
FSIA,13,31,-4.67438,55.52185,124.952,-5.24,0.192,-0.122,
FSPP,15,33,-4.31929,55.69145,149.085,-5.082,4.167,3.897,
FTTC,09,27,13.84745,20.84325,92.485,2.9,-0.415,3.993,
FTTD,04,22,8.6244,16.07145,34.654,1.702,-7.048,-2.055,2005.83
FTTJ,05,23,12.1337,15.03395,45.962,1.867,-5.905,-1.201,2015.83
FTTY,06,24,17.91705,19.11105,58.301,2.969,-4.668,-0.439,
FV76,08,26,-19.01085,30.02515,78.127,-10.81,8.938,8.374,
FV76,12,30,-18.99965,30.0259,119.049,-10.796,9.845,9.287,
FV77,05,23,-16.91015,30.24245,42.783,-8.336,1.118,1.468,
FVBU,02,20,-20.00915,28.61905,7.562,-11.682,-0.755,-1.174,
FVBU,13,31,-20.0212,28.6264,115.287,-11.701,-3.012,-3.441,
FVCN,09,27,-16.7341,31.122,84.195,-8.402,2.597,2.627,
FVCP,06,24,-17.75205,30.92405,54.153,-9.526,3.679,3.33,
FVCP,14,32,-17.75165,30.9248,131.012,-9.526,0.538,0.189,
FVCZ,14,32,-21.0081,31.57855,129.67,-14.079,3.749,1.421,
FVDA,09,27,-17.0049,30.8961,81.923,-8.64,0.562,0.572,
FVFA,12,30,-18.097,25.83581,110.05,-8.55,-1.4,0.59,
FVHA,05,23,-17.93177,31.09288,44.999,-9.797,4.797,4.286,
FVKB,09,27,-16.5198,28.885,82.338,-7.527,-0.134,1.026,
FVMD,10,28,-16.76925,31.55985,98.604,-8.577,7.181,7.003,
FVMT,09,27,-17.4319,32.1845,84.286,-9.549,3.835,3.092,
FVMU,12,30,-18.9975,32.62725,113.303,-11.666,4.969,3.29,
FVMV,10,28,-20.0554,30.8569,87.883,-12.48,0.363,-1.134,
FVMV,17,35,-20.0622,30.86145,161.963,-12.491,4.454,2.952,
FVOT,11,29,-16.98485,32.67265,99.929,-9.183,-0.887,-1.627,
FVSH,16,34,-20.2895,30.08825,144.303,-12.542,-3.155,-4.434,
FVTL,13L,31R,-19.4364,29.8619,115.491,-11.314,-3.195,-3.905,
FVWN,08,26,-18.62985,27.02105,68.135,-9.461,-2.404,-1.284,
FWCL,10,28,-15.67855,34.96945,96.845,-8.484,5.329,4.281,2024.47
FWCL,15,33,-15.676,34.97145,140.744,-8.482,-0.774,-1.821,
FWKA,14,32,-9.95357,33.89305,137.41,-3.181,0.59,1.783,
FWKG,08,26,-13.01465,33.4686,74.412,-5.409,-0.179,0.299,
FWKI,14,32,-13.78935,33.781,129.774,-6.199,-4.027,-3.932,
FWLE,09,27,-13.966,33.70185,80.548,-6.34,-3.112,-3.049,
FWSU,15,33,-16.2691,34.87743,147.537,-9.105,6.643,5.387,2001.27
FWUU,17,35,-11.4448,34.01175,161.049,-4.284,-4.667,-3.915,
FWZA,09,27,-15.38535,35.3845,80.257,-8.309,-1.433,-2.506,
FXMM,04,22,-29.4556,27.55455,15.322,-25.59,0.912,-4.72,
FXMM,11,29,-29.46235,27.55175,85.562,-25.599,1.161,-4.473,
FXMU,04,22,-29.30405,27.5035,21.62,-25.344,6.964,1.438,2018.52
FXMU,11,29,-29.306,27.50385,84.673,-25.347,0.02,-5.507,
FYAK,14,32,-28.4586,17.4645,139.884,-20.227,20.111,20.848,
FYAR,10,28,-22.46225,14.98,81.029,-12.486,-6.485,-1.105,2005.09
FYEN,09,27,-17.48305,16.32195,74.967,-7.322,-7.71,-1.149,1999.84
FYGF,08,26,-19.5987,18.13155,67.778,-9.305,-2.917,2.288,
FYGF,17,35,-19.6013,18.1223,157.735,-9.308,-2.958,2.251,
FYKM,09,27,-17.63445,24.17665,80.279,-7.72,-2.001,1.047,
FYKT,04,22,-26.53985,18.11145,15.895,-17.921,-6.185,-4.648,1978.1
FYKT,18,36,-26.53775,18.1121,155.237,-17.918,-6.845,-5.308,1973.11
FYLZ,04,22,-26.68375,15.2441,16.97,-17.515,-5.515,-2.45,1997.8
FYLZ,12,30,-26.68815,15.248,98.962,-17.521,-3.517,-0.456,
FYMG,02,20,-22.01765,17.3655,20.061,-12.026,12.087,16.598,
FYML,01,19,-24.60325,17.92495,349.179,-15.33,-5.491,-2.668,1993.55
FYML,12,30,-24.605,17.9206,98.645,-15.331,-6.023,-3.198,1988.5
FYOA,08,26,-17.8782,15.9526,65.447,-7.715,-6.837,-0.245,2006.95
FYOA,16,34,-17.8752,15.94395,148.331,-7.713,-3.956,2.64,
FYOG,02,20,-28.5847,16.4467,0.0,-20.088,0.088,1.361,
FYOS,17,35,-17.79,15.6933,169.874,-7.666,7.539,14.238,
FYRC,11,29,-17.4206,14.3821,90.003,-7.537,-12.46,-5.298,1973.87
FYRC,16,34,-17.4252,14.3758,138.838,-7.542,-13.619,-6.457,1960.19
FYRU,08,26,-17.9565,19.71945,71.932,-7.632,-0.436,4.651,
FYTF,10,28,-20.54445,14.36115,99.881,-10.456,10.337,16.699,
FYTM,12,30,-19.2619,17.7325,107.769,-8.949,-3.281,2.223,
FYVF,01,19,-23.42663,18.26967,4.944,-13.859,8.802,12.115,
FYVF,08,26,-23.43149,18.27824,72.287,-13.866,6.153,9.458,
FYWB,09,27,-22.9794,14.64715,72.001,-13.076,-4.923,0.362,
FYWE,01,19,-22.6052,17.079,351.028,-12.713,-6.259,-1.898,1998.15
FYWE,09,27,-22.6124,17.07955,75.701,-12.721,-1.578,2.78,
FYWH,08,26,-22.4806,17.46945,63.617,-12.59,-3.793,0.438,
FYWH,16,34,-22.48305,17.47365,141.073,-12.593,-6.333,-2.105,1995.85
FZAA,06,24,-4.38716,15.44225,57.304,-0.593,-2.102,4.57,
FZAB,08,26,-4.32666,15.3275,70.743,-0.604,-8.654,-1.979,1997.36
FZAG,04,22,-5.93086,12.35175,28.109,-1.834,-10.057,-2.946,1990.23
FZAR,08,26,-5.42105,14.8169,71.069,-1.034,-7.897,-1.033,2004.07
FZBO,11,29,-3.31132,17.38165,106.135,0.094,-3.959,2.389,
FZCA,06,24,-5.03576,18.78565,46.359,-0.111,-13.53,-7.191,1944.33
FZEA,18,36,0.0226,18.28875,173.308,0.963,-7.655,-1.787,2002.0
FZFD,07,25,4.25321,20.9753,72.717,2.022,0.695,5.886,
FZFK,11,29,3.23537,19.77125,102.439,1.714,-9.275,-3.883,1984.29
FZFP,05,23,4.15764,21.6676,50.373,2.101,-1.728,3.407,
FZGA,05,23,2.17066,21.4969,47.99,1.806,-3.815,1.511,
FZIA,10,28,0.51746,25.15505,96.98,1.844,-4.864,0.003,
FZIC,13,31,0.48165,25.33795,124.89,1.845,-6.955,-2.122,2002.1
FZJH,13,31,2.82761,27.58825,129.908,2.299,-2.391,1.926,
FZKJ,07,25,2.81835,24.7937,72.923,2.213,0.709,5.536,
FZMA,17,35,-2.30898,28.8088,164.409,1.149,-6.739,-2.749,1996.32
FZNA,17,35,-1.66615,29.23796,174.393,1.295,3.098,6.992,
FZOA,18,36,-2.91918,25.9154,175.95,1.078,-5.128,-0.367,2018.7
FZQA,07,25,-11.59125,27.5309,66.431,-2.942,-0.626,2.742,
FZQM,11,29,-10.7659,25.50575,100.94,-2.184,-6.876,-2.524,1993.51
FZRF,06,24,-5.87554,29.2493,57.989,-0.105,-1.906,1.701,
FZSA,13L,31R,-8.63976,25.26685,120.95,-1.019,-8.032,-3.325,1986.5
FZSA,13R,31L,-8.64429,25.23895,120.948,-1.02,-8.033,-3.316,1986.57
FZUA,11,29,-5.90004,22.46915,107.592,0.053,-2.461,3.181,
FZWA,16,34,-6.12124,23.569,161.197,0.033,1.164,6.522,
GA14,09,27,31.4031,-84.3228,89.995,-5.421,5.416,-0.089,2020.41
GA1A,07,25,14.4313,-11.4397,66.261,-3.654,-0.085,6.64,
GA62,18L,36R,33.2551,-84.4003,180.0,-5.552,5.552,0.255,2017.7
GA62,18R,36L,33.2551,-84.4,180.0,-5.552,5.552,0.255,2017.69
GAGO,07,25,16.24845,-0.00546,62.317,-0.303,-7.381,-1.926,2002.96
GAMB,05,23,14.51275,-4.07956,47.476,-1.48,-1.044,4.897,
GASO,08,26,11.598,-5.79972,70.632,-2.467,-6.901,-0.694,2011.3
GATB,07,25,16.73045,-3.00758,68.112,-0.877,-1.011,4.785,
GATS,05L,23R,20.243,0.97731,45.623,0.406,-4.783,0.581,
GATS,15,33,20.2448,0.98154,153.02,0.407,2.613,7.977,
GB-0002,08,26,54.68674,-1.4585,77.504,0.46,-2.956,5.467,
GB-0150,09,27,55.87268,-5.92161,86.922,-1.429,-1.649,7.549,
GB-0179,04,22,54.23295,-0.97251,34.564,0.679,-6.115,2.171,2020.69
GB-0248,05,23,53.95212,-1.1752,48.62,0.629,-2.009,6.26,
GB-0425,09,27,52.938,0.77224,89.997,1.385,-1.389,6.465,
GB-1209,05,23,53.94512,-1.1886,48.31,0.625,-2.315,5.955,
GB-1209,17,35,53.94735,-1.18712,169.827,0.626,-0.799,7.472,
GB-1211,07,25,53.3379,-2.14917,67.107,0.333,-3.226,5.077,
GB-1212,02,20,53.47475,-1.00444,17.943,0.731,-2.788,5.385,
GB-1213,06,24,51.5075,-1.9961,60.344,0.549,-0.204,7.811,
GB-1213,18,36,51.5033,-1.98879,174.955,0.552,-5.597,2.417,2023.23
GB-1214,06,24,50.4226,-4.11227,48.328,-0.074,-11.598,-3.463,1985.72
GB-1214,13,31,50.42275,-4.1058,122.372,-0.072,-7.556,0.578,2012.38
GB-1215,10,28,51.34215,1.3462,101.409,1.657,-0.247,7.299,
GB-1216,06,24,53.71945,-0.56403,58.77,0.868,-2.098,6.054,
GB-1216,12,30,53.7214,-0.56556,112.344,0.867,-8.523,-0.37,2007.09
GB-1217,06,24,60.43265,-1.2961,55.485,-0.034,-4.481,4.948,
GB-1218,07,25,57.64945,-3.5606,70.53,-0.702,1.232,10.436,
GB-1219,10,28,53.39425,-1.38849,94.736,0.601,-5.864,2.348,2021.93
GB-1220,09,27,51.5194,-2.59025,89.986,0.345,-0.359,7.735,
GB-1221,01,19,51.4427,-2.28515,4.992,0.456,-5.464,2.58,2023.98
GB-1221,07,25,51.44085,-2.28,65.047,0.458,-5.41,2.633,2024.28
GB-1222,08G,26G,52.35542,-0.11836,82.735,1.121,1.614,9.502,
GB-1223,15,33,54.13675,-1.41991,150.746,0.524,0.222,8.553,
GB-1224,04,22,52.73575,-0.64872,41.347,0.913,0.434,8.449,
GB-1225,04,22,53.30795,-0.55083,41.193,0.904,0.289,8.376,
GB-1226,03,21,54.0494,-1.25309,31.635,0.593,1.042,9.338,
GB-1226,10,28,54.04885,-1.25248,96.197,0.593,-4.396,3.899,
GB-1227,11,29,57.75775,-3.94195,102.316,-0.877,-6.808,2.467,2018.22
GB-1280,02,20,50.80137,-0.65914,37.538,1.044,16.493,24.236,
GBYD,14,32,13.338,-16.6522,130.664,-5.809,-3.527,3.542,
GCFV,01,19,28.44821,-13.8639,1.656,-2.696,-5.648,1.394,2022.26
GCGM,09,27,28.02965,-17.2146,81.03,-3.899,-5.07,2.115,2026.16
GCHI,16,34,27.8148,-17.88705,152.321,-4.16,-3.519,3.682,
GCLA,36,18,28.6265,-17.7556,358.978,-4.051,3.029,10.26,
GCLP,03L,21R,27.9319,-15.38655,21.442,-3.257,-5.301,1.8,2024.59
GCLP,03R,21L,27.9312,-15.3846,21.612,-3.256,-5.132,1.969,2025.72
GCRR,03,21,28.94545,-13.6052,27.041,-2.576,-0.382,6.666,
GCTS,07,25,28.04445,-16.57245,68.658,-3.668,2.326,9.485,
GCXO,12,30,28.48273,-16.34175,110.57,-3.554,-5.876,1.292,2020.99
GDY,04,22,37.2324,-82.125,37.54,-7.459,4.999,0.718,
GE99,05,23,34.91445,-83.4597,50.268,-6.334,6.602,1.656,2002.51
GECE,07,25,35.89269,-5.3063,63.599,0.174,-6.576,0.233,2015.32
GEML,15,33,35.2804,-2.95671,146.319,0.76,-4.441,2.075,
GF-0001,09,27,5.17582,-52.69418,77.823,-18.472,6.295,3.081,1994.35
GF-0003,01,19,4.81648,-53.28953,2.835,-18.443,11.277,7.746,1951.44
GFLL,12,30,8.61645,-13.1955,107.058,-5.626,-7.316,-0.319,2011.18
GG64,14,32,11.5356,-14.7623,133.928,-5.481,-0.591,6.431,
GGCF,06,24,11.2879,-15.1805,50.247,-5.703,-4.049,2.999,
GGOV,03,21,11.89485,-15.6537,18.73,-5.744,-5.526,1.531,2023.32
GL-0012,11,29,60.76605,-46.07475,91.481,-20.102,1.584,16.893,
GLMR,05,23,6.28887,-10.7586,39.933,-5.386,-4.681,2.205,
GLRB,04,22,6.23379,-10.3623,31.059,-5.258,-3.683,3.174,
GMAA,10,28,30.38135,-9.5463,97.619,-1.203,-1.179,5.661,
GMAD,09,27,30.32263,-9.41153,91.566,-1.166,2.732,9.557,
GMAT,03,21,28.4482,-11.16135,27.688,-1.813,-0.499,6.368,
GMFB,09,27,32.51432,-1.98259,89.961,0.879,-0.919,5.307,
GMFF,09,27,33.92735,-4.97794,90.188,0.214,-0.026,6.613,
GMFI,03,21,33.5053,-5.1529,25.445,0.155,-4.71,1.92,
GMFK,13,31,31.94825,-4.40095,125.015,0.282,-5.267,1.188,2024.4
GMFM,08,26,33.8841,-5.51983,78.312,0.071,-1.759,4.932,
GMFM,09,27,33.8736,-5.51022,83.697,0.073,-6.377,0.312,2016.44
GMFO,06,24,34.78715,-1.92399,57.607,0.988,-3.381,2.985,
GMFO,13,31,34.801,-1.93984,130.851,0.985,-0.135,6.234,
GMMA,16,34,26.73175,-11.6847,151.382,-2.106,-6.512,0.324,2016.07
GMMB,14,32,33.6554,-7.22145,141.27,-0.399,1.668,8.506,
GMMD,05,23,32.40182,-6.31604,45.404,-0.193,-4.402,2.271,
GMME,03,21,34.05145,-6.75152,31.411,-0.257,1.668,8.488,
GMMH,03,21,23.7183,-15.932,22.772,-3.843,-3.385,3.619,
GMMI,16,34,31.39918,-9.68299,158.719,-1.195,-0.086,6.821,
GMML,02,20,27.1419,-13.2315,16.603,-2.58,-0.818,6.134,
GMML,04,22,27.1454,-13.21925,31.782,-2.575,-5.643,1.308,2022.21
GMMN,17L,35R,33.3679,-7.58801,163.961,-0.511,-5.529,1.323,2022.72
GMMN,17R,35L,33.367,-7.59193,163.988,-0.512,-5.5,1.352,2022.93
GMMW,08,26,34.9888,-3.02821,78.04,0.734,-2.694,3.81,
GMMX,10,28,31.60695,-8.03626,95.937,-0.703,-3.36,3.422,
GMMY,03,21,34.2965,-6.59153,18.94,-0.206,-10.854,-4.031,1982.66
GMMY,07,25,34.30145,-6.60017,62.681,-0.209,-7.111,-0.287,2011.22
GMMZ,12,30,30.9391,-6.90948,116.866,-0.42,-2.714,3.928,
GMSL,07,25,34.23065,-6.05021,68.671,-0.06,-1.268,5.498,
GMTN,07,25,35.59579,-5.31234,64.443,0.168,-5.724,1.064,2021.23
GMTT,10,28,35.73165,-5.92107,95.991,0.006,-4.015,2.844,
GN-0003,05,23,10.7849,-8.86893,47.302,-3.56,0.862,7.429,
GNU,05,23,59.1174,-161.577,68.729,9.294,9.436,0.182,2009.75
GO66,02,20,15.54385,-14.95835,15.217,-4.703,-0.079,6.877,
GOBD,01,19,14.671,-17.07283,359.525,-5.691,-4.783,2.278,
GODK,02,20,12.8985,-14.9681,27.618,-5.248,12.866,19.87,
GOGG,10,28,12.55565,-16.2818,87.947,-5.839,-6.215,0.855,2019.11
GOGS,14,32,12.39534,-16.74802,135.276,-6.062,1.338,8.425,
GOOK,06,24,14.14685,-16.0513,50.71,-5.399,-3.891,3.142,
GOOY,18,36,14.74145,-17.4788,172.56,-5.838,-1.602,5.47,
GOSS,18,36,16.0503,-16.46115,172.545,-5.18,-2.275,4.746,
GOTB,07,25,14.84725,-12.46825,60.055,-3.931,-6.014,0.788,2019.71
GOTK,11,29,12.5723,-12.22035,103.507,-4.301,-2.191,4.637,
GOTT,06,24,13.7368,-13.6531,49.231,-4.575,-6.194,0.715,2018.75
GQNA,04,22,16.7113,-9.63789,32.387,-2.668,-4.945,1.582,
GQND,07,25,18.5701,-11.42355,63.569,-2.952,-3.479,3.201,
GQNI,09,27,16.622,-7.31656,84.568,-1.993,-3.439,2.85,
GQNK,07,25,16.15955,-13.5076,59.493,-4.059,-6.448,0.41,2016.89
GQNO,06,24,18.30181,-15.98374,49.688,-4.604,-5.708,1.271,2022.05
GQNO,16,34,18.30307,-15.96547,149.697,-4.597,-5.707,1.271,2022.06
GQNS,07,25,15.1797,-12.2073,56.403,-3.778,-9.819,-3.044,1990.74
GQPA,04,22,20.5068,-13.0432,29.545,-3.222,-7.233,-0.428,2010.75
GQPP,02,20,20.9329,-17.0299,14.414,-4.598,-0.988,6.032,
GQPT,01,19,25.23665,-11.5887,357.987,-2.205,-9.808,-3.028,1990.45
GR-0095,13,31,38.87455,22.435,133.374,5.103,-1.729,2.025,
GR-0096,09,27,38.60205,21.3512,92.748,4.951,-2.203,1.641,
GR-0097,06,24,39.47945,22.7685,60.873,5.213,-4.339,-0.594,
GUCY,06,24,9.5769,-13.6119,49.421,-5.527,-5.052,1.949,2026.28
GUFA,06,24,10.35045,-13.5693,48.311,-5.313,-6.377,0.603,2017.76
GUFH,09,27,10.0355,-10.76985,83.04,-4.371,-2.589,4.184,
GVAC,01,19,16.73631,-22.94895,359.617,-7.67,-2.714,4.322,
GVBA,03,21,16.13733,-22.88859,16.678,-7.77,-5.552,1.481,2023.41
GVNP,03,21,14.94113,-23.4847,21.988,-8.284,0.272,7.267,
GVSN,01,19,16.58824,-24.28406,356.833,-8.257,-4.909,2.064,
GVSV,07,25,16.83372,-25.05461,53.65,-8.527,-7.823,-0.891,2008.29
GXUD,10,28,10.4484,-9.22601,91.267,-3.752,-4.981,1.633,
H47,14,32,40.62565,-123.4685,152.445,13.6,-1.156,-5.554,
H49,03,21,38.4523,-90.23605,28.23,-1.961,0.191,-5.056,
H57,17,35,37.7588,-90.6168,175.116,-1.647,6.763,1.451,2005.33
H80,08,26,44.3647,-83.76265,75.903,-7.335,3.238,0.227,
HAAB,07L,25R,8.97868,38.79855,73.667,2.182,1.486,3.462,
HAAB,07R,25L,8.9771,38.8001,73.653,2.181,1.472,3.448,
HAAL,12,30,9.00368,38.72605,121.022,2.198,-1.175,0.816,
HAAM,03,21,6.03939,37.59045,32.273,1.897,0.376,2.477,
HAAX,16,34,14.1467,38.77285,161.233,2.864,-1.63,0.495,
HABD,04,22,11.6081,37.32165,45.037,2.763,2.275,4.619,
HADD,15,33,8.55217,34.85907,145.254,2.682,-7.428,-4.644,1979.71
HADR,15,33,9.62505,41.85415,152.379,1.746,0.633,2.064,
HAGM,18,36,8.12866,34.5633,179.502,2.658,-3.156,-0.317,
HAGN,17,35,12.5199,37.43405,169.818,2.856,-3.039,-0.699,
HAGO,04,22,5.9346,43.57815,38.663,0.711,-2.047,-1.128,
HAJM,13,31,7.66129,36.81995,124.73,2.292,-7.563,-5.222,1973.22
HALA,01,19,7.10128,38.39655,9.58,1.946,-2.366,-0.389,
HALL,10,28,11.975,38.98,96.265,2.571,-6.307,-4.267,1989.21
HAMK,11,29,13.46735,39.53345,111.804,2.675,-0.871,1.107,
HASM,13,31,11.78902,40.99011,135.53,2.224,3.305,4.979,
HBBA,17,35,-3.32402,29.3185,171.093,0.806,0.288,4.077,
HCMC,04,22,11.4945,49.90885,41.772,0.615,1.157,1.781,
HCME,06,24,8.10415,49.82,57.389,-0.032,-2.579,-2.138,
HCMH,06,24,9.51491,44.08501,55.516,1.308,-5.792,-4.719,1981.49
HCMI,05,23,10.3892,44.9411,46.863,1.298,-4.436,-3.431,
HCMK,4,22,-0.37735,42.45925,43.051,-0.771,3.821,4.331,
HCMM,05,23,2.01396,45.30403,50.33,-0.671,1.001,1.334,
HDAM,09,27,11.5473,43.1595,90.803,1.811,-1.008,0.303,
HE11,13,31,29.8744,27.9406,134.327,4.624,-0.296,2.981,
HE12,04,22,30.33445,31.4467,46.913,4.783,2.13,5.101,
HE12,09,27,30.33035,31.4482,89.749,4.783,-5.034,-2.062,2024.95
HE17,14,32,24.9943,33.50095,143.189,4.292,-1.103,1.747,
HE18,16L,34R,31.1078,25.4533,165.278,4.577,0.701,4.149,
HE18,16R,34L,31.1073,25.45095,165.1,4.577,0.523,3.972,
HE19,13,31,31.45735,25.2837,136.701,4.596,2.105,5.561,
HE20,14,32,27.83515,33.5258,138.182,4.544,-6.362,-3.559,2004.76
HE21,15,33,28.1966,33.20635,147.702,4.583,-6.88,-4.05,1996.53
HE23,16,34,24.4158,32.95585,159.244,4.258,-5.014,-2.09,2025.35
HE25,16L,34R,28.1016,30.7309,156.774,4.566,-7.792,-4.719,1980.82
HE25,16R,34L,28.10115,30.7296,156.86,4.566,-7.706,-4.633,1982.24
HE27,11,29,29.5552,25.58895,111.191,4.455,-3.264,0.199,
HE28,15,33,30.53805,30.5529,152.002,4.784,-2.782,0.266,
HE28,18,36,30.54305,30.56745,185.985,4.785,1.2,4.247,
HE30,15,33,29.55365,30.89345,152.231,4.699,-2.468,0.565,
HE30,16,34,29.5547,30.8968,162.849,4.699,-1.85,1.182,
HE31,14,32,29.8111,28.5477,139.383,4.647,-5.263,-2.034,2019.95
HE32,14,32,30.96585,31.4316,138.497,4.846,-6.349,-3.384,2006.78
HE32,17,35,30.9694,31.437,164.738,4.847,-10.109,-7.144,1927.53
HE33,13,31,30.73205,27.01915,129.585,4.648,-5.063,-1.728,2024.68
HE34,14L,32R,30.2475,32.49285,135.448,4.786,-9.338,-6.462,1933.61
HE34,14R,32L,30.24625,32.4915,136.088,4.786,-8.698,-5.822,1950.33
HE35,09,27,30.56995,32.09505,90.205,4.816,-4.611,-1.702,
HE35,11,29,30.5754,32.0956,111.995,4.817,-2.822,0.088,
HE36,15,33,30.4071,33.15415,145.874,4.805,-8.931,-6.119,1938.06
HE37,04,22,30.39945,31.59535,44.488,4.792,-0.304,2.653,
HE37,09L,27R,30.40545,31.60295,95.313,4.793,0.521,3.477,
HE37,09R,27L,30.38795,31.5965,92.789,4.791,-2.002,0.955,
HE37,17L,35R,30.3988,31.6075,168.661,4.792,-6.131,-3.176,2009.07
HE37,17R,35L,30.40615,31.60265,169.059,4.793,-5.734,-2.777,2013.64
HE38,02L,20R,28.9759,31.6981,14.205,4.657,-10.451,-7.484,1923.55
HE38,02R,20L,28.9755,31.6999,14.201,4.657,-10.456,-7.489,1923.51
HE39,02C,20C,30.7952,32.04275,17.284,4.839,-7.555,-4.642,1982.93
HE39,02L,20R,30.79565,32.0412,17.393,4.839,-7.446,-4.533,1984.92
HE39,02R,20L,30.7947,32.0498,17.456,4.839,-7.383,-4.471,1986.92
HE40,16L,34R,31.4668,25.87885,158.788,4.64,-5.851,-2.439,2014.37
HE40,16R,34L,31.46605,25.8766,158.88,4.639,-5.759,-2.348,2015.34
HE41,16L,34R,31.02895,25.8523,161.818,4.599,-2.78,0.639,
HE41,16R,34L,31.0283,25.8499,161.885,4.599,-2.714,0.706,
HE42,16,34,30.579,31.12915,166.526,4.802,1.725,4.721,
HE46,07,25,30.0273,32.97575,72.236,4.765,-2.529,0.303,
HEAL,13,31,30.9244,28.46145,130.774,4.743,-3.969,-0.751,
HEAR,16L,34R,31.07325,33.83585,157.129,4.876,-7.747,-5.003,1975.93
HEAT,13,31,27.0465,31.012,129.703,4.481,-4.779,-1.709,
HEAZ,05,23,30.09205,31.36025,45.898,4.758,-8.86,-5.878,1951.03
HEAZ,18,36,30.0927,31.36005,179.731,4.758,-5.027,-2.045,2025.24
HEBA,14L,32R,30.91814,29.69583,142.848,4.794,-1.945,1.171,
HEBA,14R,32L,30.91688,29.69391,142.844,4.794,-1.95,1.166,
HEBL,15,33,22.37595,31.6117,149.978,4.123,-4.145,-1.019,
HEBS,01,19,29.1978,31.019,8.525,4.668,-6.143,-3.116,2008.97
HEBS,06,24,29.21885,31.01415,55.764,4.67,-8.906,-5.879,1951.82
HECA,05C,23C,30.1115,31.4139,49.15,4.761,-5.611,-2.634,2015.07
HECA,05L,23R,30.1294,31.39325,49.461,4.762,-5.301,-2.323,2018.9
HECA,05R,23L,30.10892,31.43475,49.36,4.761,-5.401,-2.426,2017.65
HECP,01L,19R,30.07236,31.83324,15.218,4.763,0.455,3.394,
HECP,01R,19L,30.04965,31.83805,15.215,4.761,0.454,3.393,
HECP,02,20,30.04947,31.84101,19.95,4.761,-4.81,-1.872,
HECW,10,28,30.1147,30.9223,106.146,4.752,1.394,4.415,
HEDK,15,33,25.41155,29.003,149.333,4.314,-4.981,-1.681,
HEGN,16L,34R,27.1786,33.80095,165.253,4.478,0.775,3.557,
HEGN,16R,34L,27.17645,33.7917,165.07,4.478,0.593,3.376,
HEGO,16,34,27.36685,33.66815,163.19,4.498,-1.308,1.486,
HEGR,08,26,31.0732,34.1493,75.574,4.875,-9.3,-6.586,1928.87
HEGS,11,29,30.8172,30.19,112.619,4.801,-2.182,0.894,
HEGS,12,30,30.8224,30.19245,123.974,4.801,-0.827,2.248,
HEIS,13,31,30.59885,32.23465,128.713,4.82,-6.108,-3.211,2009.09
HEKG,18,36,25.4736,30.5907,180.0,4.352,-4.352,-1.203,
HELX,02,20,25.6711,32.7064,22.454,4.365,-1.911,1.015,
HEMA,15,33,25.5571,34.5837,149.814,4.306,-4.493,-1.776,
HEMM,06,24,31.32875,27.22855,60.049,4.714,-4.666,-1.356,
HEMM,15,33,31.3254,27.22165,149.738,4.714,-4.976,-1.665,
HEOC,01,19,29.8121,30.82335,9.729,4.721,-4.992,-1.957,
HEOW,36R,18L,22.58565,28.71665,8.603,4.108,4.495,7.915,
HEPS,10,28,31.2794,32.24005,105.899,4.892,1.006,3.897,
HESC,17,35,28.68515,34.0626,171.506,4.618,-3.112,-0.375,
HESH,04L,22R,27.9787,34.39325,42.826,4.541,-1.714,0.995,
HESH,04R,22L,27.9759,34.39665,42.822,4.54,-1.718,0.991,
HESN,17,35,23.96435,32.81995,170.864,4.225,-3.361,-0.411,
HESW,16,34,29.34555,25.5067,161.036,4.432,-3.397,0.077,
HESX,16R,34L,30.1082,30.89575,165.731,4.751,0.98,4.004,
HETB,04L,22R,29.58885,34.77695,41.773,4.699,-2.926,-0.268,
HETR,10,28,28.209,33.6455,104.119,4.578,-0.459,2.327,
HGT,14,32,35.99355,-121.2365,151.552,12.302,-0.749,-4.192,
HHAS,07,25,15.28775,38.90755,74.377,2.973,1.403,3.525,
HHAS,12,30,15.29595,38.91375,119.58,2.973,-3.393,-1.273,
HHMS,07,25,15.67,39.37015,75.217,2.953,2.264,4.314,
HHSB,12,30,13.0718,42.645,120.236,2.123,-1.887,-0.436,
HI01,05,23,22.2094,-159.4455,47.382,9.255,-11.873,-14.066,
HKEL,08,26,0.40401,35.2367,78.704,1.068,-2.364,-0.039,
HKJK,06,24,-1.31665,36.93135,53.98,0.22,-6.24,-4.549,1980.32
HKKG,07,25,0.27134,34.7873,79.188,1.112,8.076,10.514,
HKKI,06,24,-0.08865,34.72385,61.734,1.025,0.709,3.136,
HKKT,04,22,0.97199,34.95855,39.453,1.264,-1.811,0.633,
HKKU,05,23,-1.37279,37.9781,53.19,-0.033,3.224,4.625,
HKLK,09,27,4.20412,34.3482,91.543,2.059,-0.515,2.265,
HKLO,09L,27R,3.12208,35.60685,82.819,1.656,-8.836,-6.422,1930.86
HKLO,09R,27L,3.12197,35.6087,82.758,1.655,-8.897,-6.483,1929.54
HKLU,08,26,-2.25194,40.9148,73.722,-1.071,-5.207,-4.63,1980.89
HKMO,03,21,-4.0263,39.59905,29.182,-1.466,0.649,1.268,
HKMO,15,33,-4.03519,39.59445,150.234,-1.469,1.703,2.322,
HKNV,18,36,-0.78795,36.4335,187.011,0.494,6.517,8.402,
HKNW,07,25,-1.32257,36.8125,69.966,0.244,-0.277,1.445,
HKNW,14,32,-1.32371,36.8169,133.859,0.242,-6.383,-4.662,1979.18
HKRE,06,24,-1.27727,36.86235,57.485,0.248,-2.763,-1.049,
HKWJ,15,33,1.73324,40.0916,146.157,0.437,-4.28,-3.057,
HL50,01,19,28.58635,19.30315,13.408,3.799,-0.392,3.517,
HL50,09,27,28.58975,19.30065,91.02,3.799,-2.779,1.13,
HL53,13,31,32.49475,13.29005,128.024,3.414,-5.389,-0.945,2021.5
HL54,18,36,31.7392,13.95395,183.323,3.434,-0.111,4.248,
HL56,01L,19R,21.68945,21.83,9.17,3.56,-4.39,-0.45,
HL56,01R,19L,21.686,21.83185,9.022,3.56,-4.538,-0.598,
HL57,06,24,24.18365,14.5286,59.984,2.858,-2.874,1.367,
HL57,13,31,24.1777,14.54385,130.033,2.859,-2.826,1.414,
HL58,14,32,30.7651,20.1914,147.289,4.074,3.215,7.049,
HL59,15,33,31.9985,21.19175,150.002,4.282,-4.28,-0.523,
HL60,15,33,32.5253,20.87505,151.369,4.296,-2.928,0.854,
HL64,15,33,31.97565,20.0269,151.657,4.16,-2.503,1.343,
HL66,13,31,27.24005,14.65625,131.964,3.137,-1.173,3.058,
HL68,14,32,32.4529,23.11855,141.744,4.506,-2.762,0.849,
HL69,14,32,29.19805,16.0012,140.624,3.468,-2.844,1.298,
HL70,14,32,27.25775,21.61815,140.804,3.938,-3.134,0.646,
HL71,13,31,26.3324,13.42205,127.4,2.9,-5.5,-1.185,2019.62
HL72,11,29,29.13905,16.16015,113.159,3.483,-0.324,3.806,
HL77,10L,28R,32.47475,11.8979,96.959,3.231,-6.271,-1.686,2013.05
HL77,10R,28L,32.4722,11.8977,97.064,3.231,-6.166,-1.581,2014.12
HL78,07,25,30.7051,12.4847,75.574,3.159,2.415,6.886,
HL78,17,35,30.70195,12.484,167.865,3.158,-5.294,-0.822,2022.64
HL79,06,24,25.35675,16.80995,59.343,3.248,-3.905,0.191,
HL80,13,31,30.64295,18.3208,132.996,3.86,-0.865,3.108,
HL81,09,27,29.53115,12.9438,89.19,3.117,-3.927,0.473,
HL81,18,36,29.5294,12.9438,178.955,3.117,-4.162,0.238,
HL82,08,26,28.96675,17.59335,80.216,3.637,-3.421,0.603,
HL82,18,36,28.96195,17.58815,180.296,3.636,-3.341,0.684,
HL83,13,31,31.70515,14.9116,124.386,3.55,-9.163,-4.894,1976.97
HL84,17,35,27.9757,22.35735,167.861,4.064,-6.203,-2.485,2011.18
HLAM,08,26,29.47785,21.1199,86.97,4.063,2.908,6.685,
HLAM,13,31,29.4795,21.12245,131.78,4.063,-2.283,1.495,
HLAM,14,32,29.47465,21.12345,141.304,4.063,-2.758,1.019,
HLBD,17,35,28.5033,19.0028,172.109,3.759,-1.65,2.279,
HLFL,16,34,28.79535,22.08095,164.972,4.102,0.87,4.592,
HLGD,13,31,31.05645,16.60335,134.211,3.698,0.513,4.625,
HLGD,18,36,31.0589,16.5951,179.39,3.697,-4.307,-0.194,
HLGL,09,27,28.6385,21.44315,89.998,4.028,-4.03,-0.264,
HLGL,18,36,28.63025,21.43785,179.718,4.026,-4.309,-0.542,
HLGT,06,24,25.14805,10.1475,60.664,2.356,-1.692,2.866,
HLGT,17,35,25.1355,10.14435,171.477,2.355,-0.878,3.68,
HLKF,02L,20R,24.1791,23.3129,15.17,3.876,-8.706,-4.942,1976.67
HLKF,02R,20L,24.1785,23.3151,15.169,3.876,-8.707,-4.943,1976.66
HLLB,15L,33R,32.09755,20.27085,150.464,4.196,-3.733,0.095,
HLLB,15R,33L,32.09615,20.26805,150.463,4.196,-3.733,0.095,
HLLM,10,28,32.89181,13.28765,105.225,3.447,1.778,6.235,
HLLQ,03,21,32.788,21.96385,29.467,4.428,-4.961,-1.263,
HLLQ,10,28,32.7909,21.95285,102.793,4.427,-1.634,2.065,
HLLS,13,31,26.9935,14.4647,132.708,3.091,-0.383,3.86,
HLMB,15,33,30.37815,19.57645,146.597,3.976,-7.379,-3.499,1996.77
HLMS,15,33,32.32533,15.061,145.719,3.621,-7.902,-3.634,1991.58
HLNF,12,30,30.50155,18.524,119.277,3.871,-4.594,-0.636,
HLNF,18,36,30.50325,18.52745,179.141,3.872,-4.731,-0.773,
HLNR,15,33,29.21315,21.59235,146.231,4.088,-7.857,-4.109,1987.72
HLON,13,31,29.1101,15.9656,131.175,3.457,-2.282,1.863,
HLRA,12,30,29.47255,17.9349,127.377,3.719,3.658,7.658,
HLSA,16,34,27.6624,22.5086,167.071,4.054,3.017,6.732,
HLTD,01,19,30.14475,9.71388,8.461,2.742,-4.281,0.451,
HLTD,06,24,30.1461,9.7039,62.48,2.741,-0.262,4.471,
HLTQ,02,20,31.8621,23.89925,19.965,4.521,-4.556,-1.001,
HLTQ,09,27,31.85495,23.90625,88.51,4.521,-6.011,-2.456,2013.27
HLTQ,15,33,31.862,23.91175,149.047,4.522,-5.476,-1.921,2018.74
HLWA,17,35,28.31775,19.9279,169.293,3.846,-4.553,-0.683,
HLWA,18,36,28.3224,19.93005,179.196,3.846,-4.65,-0.781,
HLZA,05,23,28.592,17.30395,47.252,3.572,-6.32,-2.275,2010.98
HLZA,12,30,28.5899,17.29385,118.367,3.571,-5.204,-1.158,2023.23
HLZG,15,33,29.0062,20.7861,146.088,3.991,-7.903,-4.098,1987.4
HLZU,06,24,30.86915,20.07375,55.799,4.07,-8.271,-4.429,1982.52
HLZU,17,35,30.8729,20.07485,168.29,4.071,-5.781,-1.939,2016.3
HLZW,06,24,32.9523,12.01545,59.774,3.286,-3.512,1.079,
HR-0032,02,20,44.21005,15.16315,16.648,4.699,-8.051,-3.206,1997.19
HR-0033,01,19,43.03865,17.42965,5.875,4.938,-9.063,-4.581,1980.18
HR-0034,13,31,44.5576,15.77435,126.755,4.837,-8.082,-3.284,1996.66
HR-0047,02,20,45.99519,17.20491,23.19,5.245,-2.055,2.698,
HRYG,01,19,-1.67721,29.25885,9.464,1.29,-1.826,2.062,
HRYR,10,28,-1.96862,30.13945,99.88,1.135,-1.254,2.369,
HRZA,02,20,-2.46224,28.90795,16.768,1.098,-4.33,-0.374,
HSDB,18,36,18.0141,30.95955,181.303,3.82,-2.517,0.817,
HSDN,17,35,19.1539,30.4301,174.772,3.903,0.869,4.23,
HSDZ,17,35,11.7859,34.33665,170.183,3.121,-2.937,-0.023,
HSFS,05,23,13.61505,25.3248,51.673,3.344,-1.67,2.465,
HSFS,18,36,13.61585,25.33505,183.678,3.345,0.333,4.467,
HSKA,02,20,15.3859,36.32815,21.898,3.29,-1.392,1.17,
HSLI,06,24,11.138,29.7011,62.701,3.293,-0.592,3.13,
HSMN,02,20,18.44309,31.84364,23.364,3.835,-0.471,2.736,
HSNN,04,22,12.05345,24.95615,41.3,3.201,-1.901,2.357,
HSOB,01,19,13.15315,30.23275,8.559,3.461,-4.902,-1.32,
HSPN,16,34,19.4336,37.2341,167.362,3.582,3.781,6.197,
HSSK,18,36,15.5895,32.55315,179.388,3.591,-4.203,-1.029,
HSSM,04,22,9.55897,31.65225,44.247,3.076,1.171,4.596,
HTAR,09,27,-3.36666,36.62575,92.558,-0.447,3.005,4.526,
HTBU,13,31,-1.33038,31.81912,125.304,1.124,-5.821,-2.65,2004.98
HTDA,05,23,-6.87329,39.2074,45.073,-2.777,-2.15,-1.937,
HTDA,14,32,-6.8768,39.2011,135.103,-2.777,-2.12,-1.906,
HTDO,10,28,-6.17043,35.75255,91.521,-1.472,-7.007,-5.658,1969.94
HTIR,02,20,-7.66863,35.7521,13.101,-2.265,-4.634,-3.572,
HTKJ,09,27,-3.42945,37.0745,87.521,-0.577,-1.901,-0.518,
HTLM,12,30,-3.3763,35.81825,118.666,-0.267,-1.067,0.692,
HTMT,01,19,-10.33905,40.1818,3.907,-5.33,-0.763,-1.562,
HTMT,08,26,-10.336,40.18255,80.183,-5.328,5.511,4.713,2021.42
HTMW,12,30,-2.44449,32.93265,116.36,0.624,-4.264,-1.517,
HTPE,02,20,-5.25726,39.8114,22.203,-2.098,4.301,4.664,
HTTG,06,24,-5.09236,39.07115,61.797,-1.816,3.613,4.189,
HU-0002,17,35,46.54769,18.94281,175.987,5.62,0.366,4.969,
HU-0036,13,31,48.3159,21.5902,129.367,6.375,-7.008,-2.514,2009.64
HU-0040,14,32,46.37035,19.47628,137.674,5.687,-8.013,-3.489,1997.07
HU-0074,04,22,47.3509,18.43005,40.663,5.642,-4.978,-0.236,
HUAJ,09,27,3.33923,31.7647,91.676,2.192,-0.517,2.865,
HUEN,12,30,0.04552,32.4485,121.107,1.409,-0.302,2.774,
HUEN,17,35,0.03926,32.4385,170.901,1.409,-0.508,2.57,
HUGU,17,35,2.80555,32.2718,160.594,2.042,-11.448,-8.205,1918.21
HUSO,05,23,1.72769,33.6228,51.249,1.651,-0.403,2.447,
I19,07,25,39.691,-83.992,62.95,-6.514,-0.536,-4.734,
I27,17,35,42.8472,-91.3822,169.154,-1.413,0.567,-4.472,
I42,02,20,38.5853,-86.4645,19.981,-4.666,4.647,-0.199,
I44,04,22,39.7651,-84.343,42.937,-6.281,9.218,4.957,1976.29
I61,02,20,39.88905,-85.16415,20.147,-5.722,5.869,1.458,2007.38
I62,09,27,39.86255,-84.43325,87.48,-6.23,3.71,-0.552,
I72,18,36,40.04925,-86.16035,180.526,-5.033,5.559,0.985,2013.07
I80,09,27,40.0035,-85.9645,89.996,-5.168,5.164,0.618,2021.51
I91,09,27,38.0424,-87.31655,96.304,-4.013,10.316,5.289,1973.97
I99,09,27,40.2325,-85.63755,91.622,-5.426,7.048,2.604,1994.59
ID-0273,15,33,1.10189,127.703,151.418,-0.271,1.688,-0.558,
ID-0277,14,32,-7.74957,111.94681,144.872,0.8,4.072,3.593,
ID-0319,09,27,-8.56071,116.0945,90.244,0.791,-0.547,-1.462,
ID-0339,16,34,-3.36819,135.496,161.475,1.67,-0.195,-1.907,
ID-0340,16,34,-0.87499,100.352,161.708,0.045,1.663,1.857,
ID-0341,08,26,0.06362,111.4735,81.435,0.279,1.156,0.143,
ID-AHI,13,31,-7.5406,139.11075,127.407,3.192,-5.785,-7.044,
ID-RKI,14,32,-2.09423,99.69869,140.823,-0.033,0.856,1.198,
ID40,12,30,43.4178,-116.7065,138.665,12.73,5.935,0.745,2016.45
ID92,05,23,43.72875,-116.523,65.155,12.736,2.418,-2.857,
II51,05,23,41.48475,-85.5928,50.128,-5.606,5.734,1.529,2007.54
IL-0021,03,21,29.56125,34.9601,28.032,4.692,-6.66,-4.02,1999.04
IL-0022,03,21,32.11465,34.78225,27.489,4.996,-7.507,-4.852,1979.74
IL-0023,12,30,31.8666,35.21765,115.457,4.96,-9.503,-6.889,1923.76
IL57,18,36,40.42261,-89.02092,179.122,-2.989,2.112,-2.851,
IN-0023,04,22,21.62135,71.22625,43.699,0.491,3.207,4.666,
IN-0107,09,27,16.00255,73.52959,85.407,-0.518,-4.074,-2.61,
IN-0177,05,23,23.60115,72.37396,46.524,0.769,-4.245,-2.798,
IN-0276,08,26,18.98462,73.0653,82.356,-0.032,2.388,3.854,
IN-0363,09,27,20.9265,74.7371,95.063,0.195,4.868,6.301,
IN-0364,08,26,24.49425,72.78155,80.5,0.902,-0.402,1.034,
IN-0382,09,27,19.96375,73.80765,92.317,0.089,2.228,3.684,
IN-0392,10,28,28.17989,77.61187,101.733,1.22,0.513,1.754,
IN-VA38,13,31,24.8951,72.8459,128.881,0.97,-2.089,-0.658,
IN-VA51,10,28,23.58965,74.3127,99.588,0.652,-1.064,0.358,
IN01,18,36,39.4861,-86.14865,180.648,-4.981,5.629,0.967,2012.62
IN30,18,36,38.4022,-87.5994,180.0,-3.844,3.844,-1.174,
IR-0124,06,24,35.3894,53.6714,58.884,4.763,-5.88,-4.4,2007.24
IR-0174,12,30,27.48145,52.6155,118.5,2.931,-4.431,-3.294,
IR-0175,09,27,35.64475,51.38225,93.838,4.973,-1.135,0.433,
IR-OI24,06,24,37.2461,55.0959,67.767,5.26,2.507,4.051,
IS-0003,15,33,64.00167,-16.94161,135.596,-8.485,-5.919,6.409,2023.37
IS-0003,17,35,63.99953,-16.94112,151.509,-8.484,-10.007,2.32,2008.89
IT-0048,15,33,45.02388,7.96672,155.861,3.398,2.464,8.346,
IT-0177,13,31,40.43215,16.5538,128.208,4.54,-6.332,-1.915,2013.63
IT-0216,11,29,42.30062,13.51881,108.128,4.255,-6.128,-1.225,2016.42
IT-0361,04,22,44.51585,11.5922,34.398,4.091,-9.692,-4.357,1981.39
IT-0382,14,32,39.8948,18.1904,137.809,4.707,-6.898,-2.688,2007.5
IT-0385,06,24,41.14605,14.33885,73.804,4.285,9.519,14.24,
IT-0802,18,36,45.5734,11.52965,178.522,4.153,-5.632,-0.189,2021.17
JP-3590,04,22,24.39646,124.24512,35.879,-5.183,1.061,-1.336,
JP-3600,18,36,30.7808,130.27299,180.0,-7.184,7.184,5.07,1973.81
K00C,01,19,37.2032,-107.869,20.568,8.578,1.99,-2.416,
K00F,10,28,45.47255,-105.454,113.51,8.306,5.204,-0.69,2024.24
K00M,16,34,31.9537,-89.23525,159.666,-2.235,1.901,-3.692,
K00R,12,30,30.6859,-95.01795,130.615,1.507,9.108,3.897,1986.06
K00V,08,26,38.94585,-104.5665,91.038,7.208,3.83,-1.058,
K00V,15,33,38.94575,-104.5715,160.581,7.211,3.37,-1.518,
K01G,04,22,42.74195,-78.05005,25.893,-10.759,-3.348,-4.793,
K01G,10,28,42.74175,-78.05035,90.584,-10.759,1.343,-0.102,
K01M,17,35,34.4917,-88.2011,165.148,-3.11,-1.742,-7.177,
K02A,08,26,32.8505,-86.6114,78.477,-4.051,2.528,-2.974,
K02G,07,25,40.67335,-80.6414,60.684,-8.86,-0.456,-3.503,
K03B,07,25,37.12685,-92.62095,79.05,-0.212,9.262,3.885,1984.06
K03D,12,30,40.4472,-92.22695,121.872,-0.636,2.508,-2.75,
K04A,04,22,31.7363,-86.2625,39.949,-4.186,4.135,-1.447,
K04G,02,20,41.13045,-80.6196,15.638,-8.942,4.58,1.67,
K04M,15,33,33.9301,-89.34285,148.252,-2.294,0.546,-4.95,
K04Y,16,34,46.8838,-96.35025,161.465,2.195,-0.729,-6.314,
K05C,08,26,41.51985,-87.3995,80.13,-4.29,4.42,-0.15,
K05D,12,30,47.9671,-102.478,128.781,6.66,2.121,-4.181,
K05U,17,35,39.5997,-116.005,188.808,11.823,6.985,2.66,2006.73
K06A,13,31,32.4605,-85.68,128.831,-4.635,3.466,-2.022,
K06C,11,29,41.98915,-88.10125,107.106,-3.818,0.924,-3.705,
K06D,07,25,48.8838,-99.6196,81.202,4.658,6.545,0.361,2008.2
K06D,14,32,48.8848,-99.62175,147.891,4.659,3.232,-2.953,
K06M,14,32,33.53465,-89.317,146.753,-2.286,9.038,3.521,1986.93
K06U,15,33,41.97585,-114.658,164.445,11.846,2.599,-2.29,
K07,09,27,37.93565,-91.81355,93.46,-0.81,4.27,-1.073,
K07F,14,32,32.5296,-94.97205,142.582,1.448,1.134,-4.124,
K07F,17,35,32.52775,-94.97125,179.236,1.447,7.788,2.53,2000.08
K07R,15,33,27.6103,-97.75195,155.475,3.086,2.389,-2.353,
K07V,06,24,37.5238,-105.0095,76.607,7.299,9.308,4.628,1979.1
K08A,09,27,32.52945,-86.3282,89.313,-4.212,3.525,-1.992,
K08A,18,36,32.5255,-86.3339,181.337,-4.208,5.545,0.028,2018.84
K08C,14,32,42.9368,-85.8047,130.831,-5.636,-3.533,-7.497,
K08D,9,27,48.3008,-102.4065,108.773,6.629,12.144,5.782,1968.53
K08K,14,32,40.65215,-98.0772,146.875,3.465,3.41,-1.957,
K08K,17,35,40.65055,-98.08245,179.58,3.469,6.111,0.745,2013.34
K08M,17,35,32.7602,-89.5309,174.121,-2.092,6.213,0.659,2012.41
K09A,11,29,32.1193,-88.12745,115.348,-2.982,8.33,2.737,1993.34
K09J,18,36,31.0745,-81.4278,174.227,-7.211,1.438,-3.799,
K09K,16,34,41.63695,-99.3404,167.487,4.319,3.168,-2.246,
K09M,18,36,33.99155,-90.07535,178.29,-1.802,0.092,-5.402,
K09R,16,34,30.7752,-94.45855,163.227,1.166,2.061,-3.21,
K0A3,06,24,35.9853,-85.80935,57.751,-4.872,2.623,-2.484,
K0A4,04,22,36.3636,-82.30885,36.745,-7.239,3.984,-0.508,
K0A7,15,33,35.3075,-82.4333,143.218,-7.04,0.259,-4.451,
K0A8,10,28,32.9368,-87.09055,96.909,-3.739,0.647,-4.867,
K0A9,06,24,36.3712,-82.1734,57.88,-7.327,5.207,0.745,2020.53
K0B1,14,32,44.42515,-70.8099,125.794,-14.439,0.233,2.631,
K0B4,03,21,42.60215,-97.2551,40.453,2.923,7.529,2.063,2000.93
K0B4,13,31,42.60355,-97.2526,141.346,2.921,8.424,2.958,1993.02
K0B5,16,34,42.5914,-72.5228,142.723,-13.429,-3.848,-3.026,
K0B8,07,25,41.25225,-72.0317,67.227,-13.379,10.605,11.084,
K0B8,12,30,41.2522,-72.03165,108.116,-13.379,1.494,1.973,
K0C0,09,27,42.4005,-88.63455,89.996,-3.459,3.455,-1.212,
K0C0,14,32,42.40395,-88.6303,154.39,-3.463,17.853,13.188,
K0C0,18,36,42.40375,-88.6315,180.0,-3.462,3.462,-1.204,
K0C4,15,33,42.11385,-96.7278,154.895,2.554,2.341,-3.092,
K0D8,04,22,44.98775,-99.95485,52.612,4.828,7.783,2.052,2000.29
K0D8,13,31,44.98605,-99.9516,143.255,4.826,8.429,2.698,1995.42
K0E0,08,26,34.9856,-106.0095,89.993,7.516,2.477,-1.819,
K0E8,18,36,35.71765,-108.2015,188.766,8.535,0.23,-3.948,
K0F2,17,35,33.60165,-97.77555,174.696,3.147,1.549,-3.483,
K0F4,04,22,41.28655,-98.9906,49.765,4.081,5.684,0.292,2017.88
K0F4,16,34,41.28629,-98.98967,165.781,4.08,1.701,-3.691,
K0F7,18,36,35.38865,-95.6,190.319,1.816,8.503,3.231,1992.21
K0F9,17,35,34.1985,-96.67445,180.549,2.49,8.059,2.901,1997.38
K0G3,15,33,40.40095,-96.17045,158.858,2.174,6.685,1.312,2007.71
K0G6,07,25,41.4673,-84.5068,68.495,-6.379,4.875,0.925,
K0G7,10,28,42.8843,-76.77885,94.465,-11.489,5.955,5.079,1975.05
K0H1,17,35,39.00445,-99.8929,172.654,4.575,-1.921,-7.111,
K0I8,11,29,38.36615,-84.28335,105.926,-6.159,2.085,-2.426,
K0J4,04,22,31.0425,-86.3115,37.306,-4.093,1.399,-4.24,
K0J6,09,27,31.36375,-85.3111,91.245,-4.776,6.022,0.449,2013.4
K0J6,17,35,31.36485,-85.31505,174.414,-4.774,9.187,3.614,1985.58
K0J9,17,35,40.86785,-97.35425,169.902,2.983,-3.081,-8.467,
K0K7,12,30,42.73485,-94.24545,115.815,0.748,-4.932,-10.26,
K0L7,02L,20R,35.76875,-115.33,31.363,10.956,0.407,-3.245,
K0L7,02R,20L,35.7677,-115.3295,33.576,10.955,2.621,-1.03,
K0L9,06,24,36.31085,-114.4635,79.203,10.806,8.397,4.605,1981.25
K0M0,18,36,33.88475,-91.53455,181.729,-0.815,2.544,-2.926,
K0M2,01,19,36.4753,-89.3461,7.838,-2.46,0.298,-5.04,
K0M3,02,20,35.54595,-87.59735,17.714,-3.606,1.32,-3.996,
K0M4,04,22,36.00955,-88.12475,34.875,-3.278,-1.847,-7.155,
K0M5,03,21,36.1166,-87.73815,30.766,-3.554,4.32,-0.952,
K0M9,18,36,32.4107,-91.49875,174.546,-0.769,-4.684,-10.186,
K0O2,15,33,35.2854,-116.082,169.207,11.069,8.139,4.609,1982.05
K0Q5,12,30,40.02765,-124.074,138.278,13.56,4.718,0.464,
K0R1,18,36,31.0162,-87.44675,179.64,-3.346,2.986,-2.672,
K0R3,16,34,29.97575,-92.08425,158.659,-0.277,-1.064,-6.548,
K0R4,14,32,31.56195,-91.5064,143.485,-0.723,4.208,-1.307,
K0R5,9,27,31.96365,-92.66025,89.31,0.003,-0.693,-6.13,
K0R6,02,20,33.5226,-92.46025,20.116,-0.186,0.302,-5.137,
K0S0,05,23,46.97685,-118.587,64.583,13.947,0.637,-5.592,
K0S7,15,33,48.95895,-119.412,166.172,14.571,1.601,-5.344,
K0S9,09,27,48.0538,-122.811,103.947,15.079,-1.132,-7.749,
K0V3,05,23,40.5163,-98.9451,59.452,4.031,5.422,0.083,2021.1
K0V3,16,34,40.5144,-98.94585,166.37,4.031,2.339,-3.0,
K0V4,06,24,37.14175,-79.0164,52.871,-9.352,2.224,-1.276,
K0V7,05,23,36.7149,-110.232,65.683,9.463,6.22,2.072,2013.24
K0VG,07,25,36.6541,-83.21785,60.119,-6.681,-3.2,-7.815,
K0W3,01,19,39.56917,-76.20411,357.61,-11.232,-1.159,-3.0,
K10C,09,27,42.40185,-88.3762,87.757,-3.654,1.411,-3.209,
K10C,18,36,42.4042,-88.37375,177.768,-3.656,1.424,-3.195,
K10U,02,20,41.9531,-116.1875,36.728,12.307,4.422,-0.416,
K11,04,22,36.2177,-95.6502,54.459,1.844,12.616,7.328,
K11A,09,27,31.8833,-85.4849,96.941,-4.711,11.652,6.119,1967.82
K11R,16,34,30.219,-96.3743,171.433,2.313,9.121,4.078,1984.84
K11V,08,26,40.3274,-104.6095,93.001,7.357,5.644,0.579,2019.09
K11V,14,32,40.3308,-104.6165,160.279,7.361,12.919,7.853,
K12D,08,26,47.8178,-92.2861,83.858,-1.128,4.987,0.185,
K12G,03,21,40.87455,-82.69835,25.09,-7.548,2.638,-0.97,
K12G,18,36,40.87185,-82.6968,179.009,-7.548,6.557,2.949,1992.81
K12J,06,24,31.0532,-87.0685,63.001,-3.597,6.598,0.945,2008.66
K12J,12,30,31.04805,-87.06595,120.672,-3.599,4.27,-1.383,
K12J,18,36,31.05125,-87.0627,180.0,-3.601,3.601,-2.052,
K12K,14,32,40.04635,-98.0601,144.842,3.444,1.398,-3.935,
K12K,18,36,40.04695,-98.0638,190.742,3.446,7.296,1.963,2003.56
K12N,03,21,41.00865,-74.738,21.126,-12.182,3.308,2.555,
K12V,07,25,38.4408,-82.20095,59.576,-7.557,-2.868,-6.91,
K12Y,13,31,44.44095,-93.91595,135.497,0.424,5.073,-0.195,2025.02
K13C,09,27,43.4521,-85.2648,88.791,-6.104,4.895,1.188,
K13K,08,26,37.8531,-96.2922,89.998,2.26,7.737,2.438,1999.81
K13K,18,36,37.85065,-96.2914,190.43,2.26,8.17,2.87,1995.84
K14A,14,32,35.61385,-80.89965,135.041,-8.038,3.079,-1.26,
K14F,16,34,32.8501,-100.138,168.902,4.462,4.441,-0.297,
K14G,09,27,41.3342,-83.1599,89.995,-7.299,7.294,3.669,1986.01
K14J,01,19,31.41005,-86.0903,15.4,-4.271,9.67,4.067,1982.35
K14M,08,26,33.18265,-90.83065,80.94,-1.25,2.19,-3.32,
K14Y,16,34,45.8986,-94.8739,167.206,1.09,6.115,0.746,2009.46
K15F,18,36,33.19145,-99.71785,187.7,4.245,3.455,-1.352,
K15J,05,23,31.13535,-83.455,47.505,-5.951,3.456,-2.008,
K15J,15,33,31.1393,-83.45235,145.093,-5.953,1.046,-4.417,
K15M,18,36,34.7734,-88.16585,183.07,-3.155,6.225,0.813,2010.69
K16D,12,30,46.61095,-95.6061,130.512,1.628,8.885,3.409,1986.38
K16G,06,24,41.09405,-83.21255,56.319,-7.229,3.548,-0.148,
K16J,13,31,31.7433,-84.4193,131.628,-5.392,7.02,1.544,2002.45
K17,17,35,37.5857,-100.47,180.0,4.858,5.142,0.098,2024.83
K17G,04,22,40.78145,-82.9747,35.618,-7.348,2.967,-0.74,
K17G,09,27,40.78175,-82.97495,84.97,-7.348,2.318,-1.388,
K17J,1,19,31.0065,-84.87764,2.465,-5.024,-2.511,-8.095,
K17K,04,22,36.7743,-102.5105,49.347,5.953,3.394,-1.417,
K17M,18,36,31.86275,-89.8006,180.0,-1.855,1.855,-3.728,
K17N,09,27,39.7055,-75.033,74.341,-11.831,-3.828,-5.172,
K17V,08,26,40.625,-102.596,89.995,6.269,3.726,-1.482,
K17V,17,35,40.6228,-102.603,180.0,6.273,3.727,-1.481,
K18A,08,26,34.3401,-83.13095,77.34,-6.487,3.827,-1.158,
K18I,04,22,36.6959,-84.3916,38.842,-5.904,4.746,-0.065,
K18V,09,27,40.10735,-104.702,98.332,7.385,0.947,-4.083,
K18V,15,33,40.0996,-104.701,164.1,7.384,6.717,1.688,2009.24
K19A,17,35,34.1761,-83.5617,163.189,-6.191,-0.62,-5.692,
K19M,01,19,33.1255,-90.02555,11.643,-1.784,3.427,-2.104,
K19N,05,23,39.77845,-74.9478,38.09,-11.883,-0.026,-1.311,
K19S,08,26,37.4965,-100.83,89.998,5.062,4.935,-0.075,
K19S,17,35,37.497,-100.834,180.0,5.064,4.936,-0.075,
K1A0,05,23,35.1876,-85.1777,41.994,-5.224,-2.783,-7.919,
K1A3,02,20,35.0162,-84.3463,12.827,-5.762,-1.411,-6.467,
K1A4,05,23,31.1029,-86.06235,50.239,-4.261,4.501,-1.127,
K1A5,07,25,35.2225,-83.41915,67.744,-6.393,4.138,-0.754,
K1A6,10,28,36.6106,-83.7374,98.098,-6.333,4.43,-0.286,
K1A7,18,36,36.3972,-85.6417,180.0,-5.026,5.026,-0.007,2026.0
K1A9,09,27,32.4387,-86.51265,89.215,-4.082,3.297,-2.236,
K1B0,16,34,45.00455,-69.23655,139.824,-15.067,-5.109,-1.75,2025.65
K1B1,03,21,42.2913,-73.7103,11.667,-12.875,-5.458,-5.275,2018.73
K1B2,03,21,41.35875,-70.5285,18.08,-13.937,2.017,3.183,
K1B2,06,24,41.35625,-70.5264,51.339,-13.937,5.276,6.442,1915.33
K1B2,17,35,41.3651,-70.5271,153.716,-13.938,-2.346,-1.177,
K1B6,18,36,42.1065,-71.5101,166.059,-13.727,-0.214,0.841,
K1B9,04,22,42.00165,-71.2018,26.04,-13.819,-0.141,1.004,
K1B9,14,32,42.0,-71.19655,122.609,-13.82,-3.571,-2.425,
K1C1,18,36,40.449,-88.12775,179.538,-3.647,3.186,-1.654,
K1C5,18,36,41.696,-88.1292,178.113,-3.767,1.88,-2.794,
K1D1,07,25,45.22885,-96.56725,71.73,2.403,-0.673,-6.217,
K1D1,13,31,45.232,-96.56495,137.157,2.401,4.755,-0.788,
K1D3,14,32,43.4039,-98.83085,139.756,4.022,-4.267,-9.818,
K1D7,12,30,45.29285,-97.51175,122.78,3.1,-0.32,-5.944,
K1D8,01,19,44.86005,-98.53135,23.1,3.834,9.266,3.609,1985.63
K1D8,13,31,44.85975,-98.52945,142.329,3.833,8.496,2.839,1993.44
K1F0,17,35,34.147,-97.12265,178.947,2.763,6.184,1.067,2013.74
K1F4,18,36,34.1404,-96.81205,186.356,2.574,3.782,-1.362,
K1F5,08,26,39.3694,-100.432,89.998,4.919,5.079,-0.112,2025.61
K1F5,17,35,39.37155,-100.436,180.0,4.921,5.079,-0.113,2025.61
K1G0,10,28,41.3917,-83.62755,90.981,-6.985,-2.034,-5.772,
K1G0,18,36,41.3898,-83.63425,179.405,-6.98,6.385,2.644,1995.42
K1G1,09,27,41.33155,-82.10025,85.198,-8.013,3.211,-0.108,
K1G3,01,19,41.1514,-81.4151,8.742,-8.436,7.178,4.021,1983.61
K1G4,17,35,35.98345,-113.817,186.668,10.56,6.109,2.329,2013.86
K1G5,01,19,41.13085,-81.7619,1.088,-8.207,-0.706,-3.975,
K1G5,09,27,41.1319,-81.76735,84.146,-8.203,2.349,-0.922,
K1H0,07,25,38.7281,-90.50495,65.883,-1.786,-2.332,-7.577,
K1H0,16,34,38.72585,-90.5105,158.448,-1.781,0.23,-5.017,
K1H2,01,19,39.06985,-88.53425,7.18,-3.231,0.411,-4.639,
K1H2,11,29,39.07085,-88.53305,113.157,-3.232,6.388,1.339,2006.3
K1H3,09,27,38.4715,-91.81635,92.448,-0.834,3.281,-2.04,
K1H5,17,35,36.98965,-91.95405,169.952,-0.668,0.62,-4.758,
K1H8,04,22,39.3022,-88.00325,38.79,-3.634,2.424,-2.537,
K1H8,18,36,39.3032,-88.00565,180.817,-3.632,4.45,-0.512,
K1I5,12,30,42.36425,-74.06595,105.807,-12.73,-1.463,-1.402,
K1K2,01,19,34.8493,-97.58535,14.46,3.052,1.408,-3.699,
K1K4,13,31,35.15475,-97.47025,137.086,2.987,4.099,-1.031,
K1K4,17,35,35.1555,-97.47035,180.933,2.987,7.946,2.817,1998.48
K1K7,17,35,37.5807,-95.83705,179.641,1.96,7.681,2.371,2000.2
K1K9,03,21,37.4564,-100.985,31.498,5.149,-3.651,-8.647,
K1L1,17,35,37.7875,-114.421,180.0,11.045,-1.045,-5.094,
K1L3,16,34,35.44415,-114.909,180.0,10.784,9.216,5.592,1963.52
K1L7,13,31,37.7453,-111.5705,139.983,10.104,-0.121,-4.336,
K1L8,18,36,37.13885,-113.3065,194.781,10.592,4.189,0.187,
K1L9,04,22,37.85945,-112.816,55.24,10.55,4.69,0.535,
K1M2,03,21,33.1452,-90.51525,31.485,-1.458,2.943,-2.577,
K1M4,18,36,34.28035,-87.60045,181.747,-3.503,5.25,-0.176,2022.68
K1M5,01,19,36.59285,-86.47695,11.136,-4.469,5.606,0.5,2015.84
K1M9,02,20,36.8178,-87.90755,20.277,-3.493,3.769,-1.448,
K1N1,09,27,35.0945,-106.1675,100.524,7.598,2.926,-1.366,
K1N7,07,25,40.97115,-74.9975,61.104,-12.053,3.156,2.283,
K1O1,08,26,34.2435,-98.74195,89.999,3.726,6.273,1.303,2013.04
K1O1,17,35,34.2394,-98.73865,180.549,3.724,6.825,1.855,2008.26
K1O2,10,28,38.9906,-122.9005,119.199,13.178,6.021,1.997,2014.43
K1O3,08,26,38.2029,-121.2695,92.211,12.75,-0.539,-4.416,
K1O3,12,30,38.2017,-121.2675,135.419,12.749,2.67,-1.207,
K1O5,05,23,41.7317,-122.547,71.557,13.688,7.869,3.192,2000.44
K1O5,14,32,41.7301,-122.545,160.804,13.688,7.116,2.44,2006.51
K1O8,17,35,34.4586,-99.1713,180.0,3.98,6.02,1.079,2015.33
K1Q2,16,34,40.6503,-120.7685,183.458,13.15,10.308,5.879,1955.12
K1Q4,12,30,37.6778,-121.301,139.317,12.65,6.668,2.899,2008.21
K1R1,17,35,31.66735,-92.1582,179.039,-0.307,9.346,3.873,1984.95
K1R4,01,19,31.12635,-92.5013,17.662,-0.065,7.726,2.277,2000.54
K1R7,04,22,31.60585,-90.40935,47.6,-1.44,9.039,3.47,1987.97
K1R8,08,26,30.8704,-87.81935,86.208,-3.089,9.297,3.632,1985.93
K1S3,08,26,46.27115,-106.6235,96.483,9.04,7.443,1.374,2005.09
K1S5,07,25,46.32705,-119.9705,90.626,14.147,6.479,0.469,2012.95
K1S9,17,35,48.31405,-117.7435,192.168,13.992,8.175,1.478,2003.78
K1T7,12,30,29.8127,-98.42525,125.557,3.457,2.1,-2.665,
K1U2,02,20,43.85095,-112.5015,44.16,11.413,12.748,7.348,1923.17
K1U7,10,28,42.2514,-111.3385,115.054,10.706,4.348,-0.724,
K1U7,16,34,42.2478,-111.346,173.277,10.709,2.568,-2.502,
K1V0,06,24,36.80835,-107.651,70.71,8.437,2.273,-2.097,
K1V2,17,35,42.01055,-101.7695,176.087,5.869,0.218,-5.182,
K1V6,11,29,38.4292,-105.108,119.777,7.434,2.343,-2.441,
K1V8,12,30,37.7849,-106.0465,135.647,7.824,7.823,3.193,1999.96
K1X1,18,36,36.10595,-100.0255,192.811,4.533,8.279,3.309,1995.21
K20A,05,23,33.9715,-86.38005,59.68,-4.303,13.983,8.599,
K20M,18,36,33.1335,-88.5356,178.834,-2.784,1.618,-3.916,
K20N,15,33,41.9852,-73.96415,140.555,-12.707,3.261,3.212,
K20R,13,31,28.69765,-99.81765,136.212,4.162,2.05,-2.462,
K20U,12,30,46.92515,-103.982,133.853,7.561,6.291,0.124,2012.36
K20V,09,27,40.0535,-106.3695,103.85,8.223,5.628,0.706,2019.34
K21D,04,22,44.99835,-92.85405,39.257,-0.431,-0.312,-5.418,
K21F,17,35,33.2287,-98.1467,175.625,3.357,2.268,-2.708,
K22F,17,35,33.22925,-100.5685,174.725,4.709,0.016,-4.699,
K22I,09,27,39.3281,-82.4418,79.107,-7.512,-3.381,-7.286,
K22M,11,29,34.2759,-89.0384,112.732,-2.524,5.256,-0.217,2022.82
K22N,08,26,40.8095,-75.76145,68.633,-11.652,0.286,-0.954,
K22S,13,31,42.71795,-120.563,150.186,13.529,6.657,1.71,2010.44
K23M,16,34,32.08495,-88.73895,160.242,-2.573,2.816,-2.778,
K23R,17,35,29.1384,-98.94195,174.014,3.722,0.293,-4.367,
K24A,15,33,35.31745,-83.2099,142.003,-6.54,-1.457,-6.299,
K24F,05,23,32.74595,-94.30435,52.933,1.026,1.906,-3.412,
K24J,07,25,30.3001,-83.0247,68.986,-6.137,5.124,-0.401,2024.68
K24N,17,35,36.8285,-106.8845,182.234,8.104,4.129,-0.308,
K24R,12,30,28.68555,-99.1892,125.949,3.842,2.107,-2.492,
K25D,13,31,45.248,-92.9947,135.621,-0.339,5.959,0.844,2009.78
K25J,18,36,31.7019,-84.827,177.586,-5.123,2.709,-2.801,
K25M,03,21,34.72275,-89.01465,31.677,-2.571,4.247,-1.197,
K26,18,36,39.31245,-93.50655,180.622,0.331,0.29,-5.052,
K26A,09,27,33.284,-85.80905,89.996,-4.624,4.62,-0.794,
K26R,14,32,29.001,-96.58195,149.768,2.44,7.328,2.361,2004.57
K26U,16,34,42.00225,-117.7235,177.348,12.734,4.614,-0.196,
K27A,10,28,34.0952,-82.81585,98.36,-6.664,5.024,0.048,2026.06
K27K,03,21,38.2344,-84.4347,25.993,-6.041,2.034,-2.529,
K27R,17,35,30.8622,-100.611,180.0,4.632,5.368,0.822,2022.27
K28J,09,27,29.6582,-81.69055,87.223,-6.899,4.122,-1.349,
K28J,17,35,29.6575,-81.6892,165.418,-6.9,2.318,-3.153,
K29D,10,28,41.14605,-80.16775,92.317,-9.228,1.544,-1.211,
K29S,10,28,45.0499,-110.747,112.939,10.891,2.048,-3.69,
K2A0,03,21,35.48625,-84.9311,28.394,-5.418,3.813,-1.254,
K2A1,18,36,36.3497,-84.94665,180.479,-5.494,5.973,1.025,2009.89
K2A2,05,23,35.6507,-92.40385,56.819,-0.305,7.124,1.714,2004.18
K2A5,02,20,35.9118,-79.6176,16.323,-8.846,5.17,1.206,2019.62
K2A6,15,33,34.58245,-91.16525,147.619,-1.097,-1.284,-6.743,
K2B3,12,30,43.4,-72.19475,103.06,-13.717,-3.224,-1.906,
K2B3,18,36,43.39655,-72.19445,148.902,-13.716,-17.382,-16.066,
K2B7,01,19,44.76855,-69.3744,347.265,-14.973,-7.762,-4.576,1999.04
K2C8,16,34,48.78385,-97.6319,165.54,3.135,2.405,-3.48,
K2CB,01,19,29.9525,-81.97975,9.556,-6.752,6.308,0.844,2009.31
K2CB,07,25,29.95235,-81.9799,71.179,-6.752,7.931,2.467,1993.79
K2D5,12,30,46.1743,-98.0803,131.539,3.513,8.026,2.296,1997.15
K2D5,17,35,46.17095,-98.0792,180.0,3.512,6.488,0.758,2008.41
K2E3,01,19,36.1773,-101.6945,23.764,5.474,8.29,3.461,1994.86
K2E5,08,26,31.9476,-105.1915,89.099,6.865,2.234,-1.835,
K2E7,17,35,35.2468,-100.544,180.0,4.789,5.211,0.35,2024.05
K2F0,07,25,30.90625,-101.8875,80.477,5.271,5.206,0.82,2024.12
K2F0,14,32,30.90485,-101.8915,148.122,5.273,2.849,-1.536,
K2F1,17,35,35.23595,-100.185,180.0,4.587,5.413,0.519,2021.66
K2F4,08,26,33.1822,-101.816,89.998,5.361,4.637,0.067,
K2F4,17,35,33.17695,-101.82,180.0,5.362,4.638,0.068,
K2F5,16,34,32.7537,-101.9161,166.72,5.387,1.333,-3.193,
K2F5,7,25,32.75935,-101.9252,75.766,5.392,0.374,-4.15,
K2F7,18,36,33.29285,-95.8964,182.674,2.012,0.662,-4.534,
K2G1,02,20,41.66705,-81.1972,22.23,-8.655,10.885,7.942,
K2G2,14,32,40.3602,-80.70085,134.178,-8.776,2.954,-0.199,
K2G4,09,27,39.5808,-79.3359,79.055,-9.499,-1.446,-4.385,
K2G9,14,32,40.0372,-79.0139,139.622,-9.756,9.379,6.68,1926.11
K2G9,7,25,40.03885,-79.015,55.897,-9.756,-4.347,-7.045,
K2GC,17,35,34.88415,-78.83555,169.688,-9.176,8.864,4.866,1976.96
K2H0,18,36,39.41265,-88.8475,180.0,-3.032,3.032,-2.016,
K2H2,18,36,36.9623,-93.6953,181.112,0.531,0.581,-4.786,
K2I0,05,23,37.35595,-87.39825,51.638,-3.895,5.533,0.418,2017.05
K2I3,02,20,37.6101,-86.5072,17.185,-4.542,1.727,-3.255,
K2IS,13,31,26.7352,-81.0511,134.814,-6.971,11.785,6.009,1968.83
K2J2,14,32,31.7846,-81.6412,138.03,-7.156,5.185,0.025,2023.22
K2J3,13,31,32.9859,-82.38485,133.136,-6.82,9.956,4.872,1976.84
K2K3,08,26,37.5797,-101.7305,89.998,5.579,4.419,-0.53,
K2K4,17,35,34.8926,-99.5282,180.0,4.199,5.801,0.867,2017.52
K2K7,02,20,37.4347,-95.64725,28.47,1.835,6.635,1.321,2008.79
K2K7,15,33,37.4363,-95.6445,155.249,1.833,3.416,-1.898,
K2K9,17,35,35.8306,-95.6669,180.0,1.856,8.144,2.865,1996.23
K2L0,18,36,31.3422,-92.44355,180.641,-0.111,0.751,-4.703,
K2M0,5,23,37.11515,-87.85705,46.974,-3.552,0.526,-4.658,
K2M2,17,35,35.2343,-87.25795,166.549,-3.814,0.363,-4.959,
K2M4,16,34,32.3536,-89.4886,161.985,-2.094,4.078,-1.493,
K2M8,18,36,35.279,-89.93145,184.399,-1.978,6.376,0.946,2009.79
K2MO,18,36,37.0677,-93.8842,181.035,0.657,0.378,-4.984,
K2O1,06,24,39.9439,-120.9455,82.113,13.041,9.072,4.81,1978.38
K2O3,16,34,38.58,-122.4355,174.905,13.022,1.884,-2.055,
K2O6,12,30,37.1125,-120.247,134.04,12.344,1.696,-1.985,
K2O7,05,23,36.81705,-118.2055,69.536,11.861,7.675,3.981,1997.72
K2O7,14,32,36.8161,-118.205,151.816,11.861,-0.045,-3.738,
K2O8,17,35,35.5072,-98.3424,180.0,3.522,6.478,1.403,2011.01
K2R0,02,20,31.646,-88.63475,19.207,-2.611,1.818,-3.798,
K2R1,04,22,29.899,-91.66625,38.754,-0.537,-0.709,-6.227,
K2R2,18,36,39.7468,-86.47475,183.314,-4.776,8.091,3.413,1987.33
K2R4,18,36,30.6376,-86.99365,181.445,-3.611,5.056,-0.623,2025.81
K2R5,06,24,30.5019,-88.27515,59.322,-2.762,2.084,-3.594,
K2R6,18,36,30.95675,-92.2341,180.0,-0.227,0.227,-5.243,
K2R7,13,31,30.81975,-90.11165,136.534,-1.586,8.12,2.516,1996.56
K2R9,16,34,28.82495,-97.86555,169.114,3.147,5.967,1.178,2016.3
K2RR,16,34,27.77935,-81.2044,152.867,-6.993,-0.141,-5.803,
K2S4,17,35,46.96535,-119.0665,184.603,14.066,0.537,-5.686,
K2S7,17,35,42.5832,-121.876,180.0,13.751,-3.751,-8.652,
K2S9,11,29,46.6976,-123.8235,133.126,14.942,8.183,2.041,2003.06
K2T1,07,25,34.1851,-102.641,77.287,5.843,1.444,-3.119,
K2V5,17,35,40.1004,-102.241,180.0,6.029,3.971,-1.196,
K2V6,12,30,40.10335,-102.7115,126.415,6.298,0.117,-5.026,
K2V6,16,34,40.1044,-102.7145,176.148,6.3,9.848,4.705,1978.13
K2W5,18,36,38.5999,-77.07315,167.263,-10.634,-2.103,-4.569,
K2W6,11,29,38.31535,-76.55015,102.691,-10.869,3.56,1.19,
K2Y4,12,30,42.3878,-94.6187,120.044,1.035,-0.991,-6.345,
K30K,17,35,37.90695,-100.5315,174.548,4.909,-0.361,-5.427,
K31E,14,32,39.66535,-74.3079,133.923,-12.163,6.086,5.015,1975.82
K32S,12,30,46.5251,-114.0525,133.48,12.451,1.029,-5.077,
K33J,11,29,31.05255,-85.86895,107.572,-4.383,1.956,-3.669,
K33K,18,36,37.909,-99.4031,187.043,4.235,2.809,-2.332,
K33M,15,33,34.16675,-89.6862,149.666,-2.076,1.742,-3.743,
K33N,09,27,39.2183,-75.59665,73.43,-11.484,-5.087,-6.815,2022.9
K33R,16,34,31.0849,-95.1641,163.314,1.588,1.727,-3.479,
K33S,01,19,47.1232,-118.3895,28.482,13.925,4.557,-1.721,
K33U,11,29,40.9181,-109.391,126.212,9.711,6.5,1.605,2011.23
K33V,03,21,40.75015,-106.2715,45.267,8.25,7.017,1.983,2007.06
K34,03,21,38.8046,-94.95685,38.636,1.355,7.281,1.93,2002.81
K34,17,35,38.80525,-94.9589,180.0,1.356,8.644,3.293,1989.77
K34M,18,36,36.4861,-90.0153,176.684,-1.993,-1.323,-6.686,
K34R,17,35,29.38995,-96.95605,179.441,2.647,6.793,1.857,2008.98
K35A,05,23,34.68695,-81.64115,47.201,-7.472,4.673,0.0,
K35D,11,29,42.5301,-85.8226,97.783,-5.57,-6.647,-10.7,
K35D,15,33,42.5315,-85.82675,141.158,-5.567,-3.274,-7.327,
K35S,07,25,45.5894,-120.6745,89.995,14.146,5.85,0.077,2017.98
K36K,02,20,37.97025,-101.251,25.287,5.33,-0.042,-5.063,
K36K,14,32,37.96915,-101.2575,154.483,5.333,9.149,4.13,1983.67
K36S,04,22,41.7904,-123.3885,58.037,13.832,4.205,-0.484,
K37F,17,35,33.4848,-99.5862,177.795,4.182,3.613,-1.226,
K37K,18,36,33.92595,-97.29635,189.168,2.866,6.302,1.21,2012.72
K37T,15,33,36.1657,-92.1453,150.623,-0.501,1.124,-4.278,
K37V,15,33,40.33945,-99.9065,156.821,4.636,2.184,-3.111,
K38D,10L,28R,40.9482,-80.8627,89.996,-8.761,-1.243,-4.283,
K38D,10R,28L,40.94785,-80.8613,90.794,-8.762,-0.444,-3.484,
K38J,11,29,33.72865,-79.51595,106.8,-8.648,5.448,1.033,2014.98
K38U,13,31,38.36245,-111.596,143.777,10.207,3.57,-0.746,
K39N,10,28,40.3991,-74.659,88.793,-12.118,0.911,-0.036,
K3A4,17,35,35.94195,-79.68555,174.957,-8.81,13.767,9.792,
K3A7,16,34,32.821,-87.8625,155.363,-3.213,-1.425,-6.969,
K3AU,18,36,37.67165,-97.07785,184.344,2.771,1.572,-3.687,
K3B0,02,20,42.10115,-72.0388,8.035,-13.527,1.562,2.386,
K3B0,10,28,42.10155,-72.04205,85.634,-13.526,-0.84,-0.017,
K3B1,03,21,45.46365,-69.55275,9.368,-15.079,-5.553,-2.102,2021.62
K3B1,14,32,45.46255,-69.5507,117.701,-15.08,-7.219,-3.769,2006.14
K3B4,12,30,43.14305,-70.7721,108.847,-14.186,3.033,4.858,
K3B5,11,29,44.18855,-70.23325,100.679,-14.581,5.26,7.798,
K3B5,12,30,44.1893,-70.23245,110.323,-14.581,4.904,7.443,
K3BS,06,24,43.6628,-84.2591,59.963,-6.866,6.829,3.469,1988.09
K3BS,18,36,43.6631,-84.2641,180.0,-6.863,6.863,3.501,1987.77
K3C8,14,32,40.9148,-72.7804,131.095,-13.025,4.12,4.146,
K3CM,05,23,43.54655,-83.8963,44.965,-7.109,2.073,-1.206,
K3CM,18,36,43.5472,-83.89495,176.396,-7.11,3.506,0.228,
K3CU,16,34,46.19425,-91.2464,165.074,-1.808,6.882,2.165,1998.12
K3DW,11,29,37.22255,-93.24825,108.48,0.218,-1.738,-7.109,
K3E0,02,20,35.71375,-100.603,35.654,4.844,10.81,5.919,1966.77
K3F2,17,35,32.4168,-99.0003,180.0,3.824,6.176,1.337,2014.08
K3F3,18,36,32.07345,-93.76555,185.909,0.703,5.207,-0.147,2024.02
K3F4,09,27,32.86135,-94.01015,89.303,0.837,-1.534,-6.877,
K3F6,17,35,34.02765,-100.282,180.0,4.588,5.412,0.61,2021.72
K3F7,17,35,35.80685,-96.4219,180.995,2.339,8.656,3.425,1990.16
K3F9,18,36,32.6767,-95.5108,181.134,1.779,-0.645,-5.858,
K3FU,13,31,45.03035,-99.1126,136.098,4.246,1.852,-3.849,
K3G1,10,28,42.0445,-79.8539,91.436,-9.565,1.001,-1.367,
K3G2,17,35,48.29665,-95.62725,163.681,1.562,-7.881,-13.39,
K3G3,02,20,41.00155,-81.75515,10.408,-8.192,-1.399,-4.702,
K3G3,10,28,41.0055,-81.7588,89.997,-8.191,-1.812,-5.114,
K3G4,01,19,40.903,-82.25565,0.449,-7.848,-1.703,-5.178,
K3G5,05,23,39.4501,-79.6664,49.759,-9.282,9.041,5.959,1965.92
K3G6,17,35,40.906,-81.0,172.025,-8.667,10.692,7.596,1908.24
K3GM,09,27,43.03415,-86.19635,89.446,-5.359,4.805,0.763,
K3GM,18,36,43.03385,-86.2015,180.0,-5.356,5.356,1.312,2012.37
K3GV,05,23,39.0157,-94.21315,57.74,0.836,6.904,1.551,2005.5
K3GV,09,27,39.01415,-94.2157,91.395,0.838,0.558,-4.796,
K3H4,16,34,47.35945,-97.0604,171.322,2.729,8.593,2.892,1990.77
K3HO,18,36,41.5559,-87.2639,180.0,-4.394,4.394,-0.145,
K3I2,07,25,38.91465,-82.09855,64.642,-7.683,2.326,-1.585,
K3I3,08,26,39.54875,-87.3765,83.546,-4.109,7.654,2.808,1992.54
K3I3,18,36,39.5461,-87.37895,179.186,-4.107,3.292,-1.555,
K3I4,10,28,38.2583,-80.65055,100.012,-8.518,8.53,4.847,1977.13
K3I7,03,21,39.9133,-84.4004,23.035,-6.259,-0.706,-4.951,
K3J0,11,29,32.86775,-81.0833,112.102,-7.615,9.717,4.823,1977.18
K3J7,07,25,33.5977,-83.139,64.148,-6.404,0.552,-4.547,
K3JC,05,23,39.04265,-96.842,57.297,2.628,4.67,-0.65,
K3JC,13,31,39.04175,-96.84165,139.307,2.627,6.679,1.359,2008.35
K3JC,18,36,39.04445,-96.84455,193.664,2.629,11.035,5.715,1970.42
K3K3,13,31,37.9917,-101.7465,138.196,5.613,2.583,-2.403,
K3K3,18,36,38.0019,-101.7475,191.007,5.614,5.393,0.405,2021.88
K3K6,13,31,38.7329,-89.80655,135.599,-2.288,7.887,2.69,1993.94
K3K8,17,35,37.2229,-99.332,175.554,4.167,1.386,-3.714,
K3L2,03,21,35.7988,-115.623,44.624,11.04,3.584,-0.056,
K3L2,12,30,35.79655,-115.629,134.022,11.041,2.981,-0.658,
K3LF,09,27,39.1674,-89.677,89.996,-2.412,2.408,-2.744,
K3LF,18,36,39.1577,-89.67235,179.598,-2.415,2.013,-3.139,
K3M2,03,21,34.1446,-87.3278,30.188,-3.677,3.865,-1.559,
K3M8,01,19,33.38675,-88.00655,6.448,-3.159,-0.393,-5.901,
K3M9,03,21,33.56045,-92.0854,37.493,-0.435,7.927,2.471,1997.85
K3MY,18,36,40.79525,-89.6134,174.748,-2.583,-2.669,-7.667,
K3N6,06,24,40.3299,-74.3468,44.543,-12.251,-3.206,-4.052,
K3O1,18,36,37.2626,-120.9635,195.575,12.507,3.068,-0.625,
K3O3,17,35,34.98335,-97.38265,173.783,2.931,0.852,-4.277,
K3O9,17,35,36.57695,-94.8618,173.957,1.323,2.635,-2.696,
K3P3,09,27,46.3597,-102.323,102.789,6.468,6.321,0.315,2011.65
K3R2,04,22,30.16105,-92.48485,45.434,-0.034,5.468,0.018,2021.08
K3R2,13,31,30.16105,-92.48485,134.861,-0.034,4.895,-0.555,
K3R4,01,19,31.5457,-93.4911,24.102,0.545,13.556,8.184,
K3R4,12,30,31.54455,-93.4844,121.166,0.541,0.625,-4.747,
K3R7,08,26,30.2433,-92.67735,78.091,0.083,-1.992,-7.425,
K3R7,13,31,30.24125,-92.6704,134.791,0.079,4.712,-0.722,
K3R7,17,35,30.24235,-92.6676,180.0,0.077,9.923,4.489,1979.78
K3R9,16,34,30.3575,-97.9945,168.911,3.228,5.683,0.834,2018.91
K3RC,09,27,44.4727,-84.5674,89.995,-6.769,6.764,3.52,1987.66
K3RC,18,36,44.4763,-84.5669,173.99,-6.77,0.76,-2.483,
K3S4,18,36,42.1036,-123.6825,196.456,13.94,2.516,-2.254,
K3S8,12,30,42.5101,-123.388,139.314,13.982,5.331,0.453,2023.08
K3S9,07,25,45.2466,-120.1665,89.995,13.966,6.03,0.362,2016.01
K3T3,08,26,45.04395,-92.02135,83.04,-1.087,4.127,-0.842,
K3T5,16,34,29.90795,-96.95,162.298,2.643,-0.345,-5.304,
K3TR,03,21,41.83635,-86.2255,34.129,-5.189,9.318,5.039,1975.75
K3TR,14,32,41.8355,-86.2249,146.241,-5.189,11.43,7.151,1916.85
K3U3,04,22,46.1496,-112.8635,56.114,11.938,4.177,-1.829,
K3U3,16,34,46.15555,-112.871,180.0,11.942,8.058,2.051,2002.33
K3U4,13,31,45.6,-106.267,147.444,8.771,8.672,2.753,1996.6
K3U7,12,30,47.48125,-112.8695,135.919,12.169,3.75,-2.66,
K3U8,06,24,48.1621,-110.115,77.925,11.074,6.851,0.24,2009.97
K3V0,15,33,43.7242,-103.35,156.907,6.934,-0.027,-5.624,
K3W7,03,21,47.922,-119.083,52.581,14.27,8.311,1.754,2002.88
K3W8,12,30,45.8,-99.64195,136.872,4.632,12.24,6.435,1952.04
K3Y2,17,35,42.9851,-91.7906,172.76,-1.112,3.872,-1.209,
K3Y3,14,32,41.36315,-94.02105,142.173,0.632,1.541,-3.789,
K40G,01,19,35.65055,-112.1485,20.865,9.981,0.884,-2.961,
K40J,12,30,30.0724,-83.5778,120.274,-5.765,6.039,0.443,2013.17
K40J,18,36,30.06925,-83.5851,180.722,-5.76,6.482,0.885,2008.53
K40U,07,25,40.98605,-109.6785,82.479,9.843,2.637,-2.257,
K41F,17,35,34.0023,-101.3305,176.22,5.153,1.067,-3.622,
K41N,01,19,41.21115,-80.96925,352.023,-8.732,-9.245,-12.245,
K41U,03,21,39.33135,-111.6045,43.828,10.358,3.47,-1.016,
K42A,03,21,36.071,-91.83015,31.527,-0.714,2.24,-3.166,
K42I,10,28,40.00705,-82.01325,93.347,-7.883,1.23,-2.401,
K42J,05,23,29.8415,-82.04645,45.145,-6.699,1.844,-3.641,
K42J,11,29,29.84815,-82.04865,105.077,-6.699,1.775,-3.71,
K42M,09,27,36.5223,-91.57195,89.996,-0.912,0.908,-4.484,
K42U,03,21,41.14865,-111.767,45.996,10.7,5.295,0.471,2023.3
K42V,15,33,40.05805,-101.547,150.92,5.621,-4.701,-9.899,
K43,17,35,40.5402,-93.0255,173.142,-0.059,3.202,-2.097,
K43A,03,21,35.38835,-79.7928,22.942,-8.679,1.622,-2.505,
K43D,02,20,47.35815,-118.673,28.545,14.048,-5.503,-11.861,
K44C,07,25,42.49775,-88.9676,64.408,-3.217,-2.375,-7.087,
K44N,17,35,41.70735,-73.73795,152.858,-12.757,-4.385,-4.45,
K44U,02,20,39.029,-111.838,36.615,10.396,6.219,1.801,2013.35
K45G,04,22,42.56985,-83.7785,38.442,-7.045,5.488,1.992,2005.32
K45K,16,34,39.0947,-97.72055,166.375,3.206,3.17,-2.125,
K45R,13,31,30.3363,-94.25755,139.361,1.055,8.306,3.023,1995.41
K46D,13,31,47.45115,-99.15115,139.763,4.302,5.461,-0.49,2019.29
K46U,13,31,43.1846,-111.0425,142.504,10.731,1.773,-3.513,
K47K,17,35,38.2091,-97.50275,169.8,3.052,-3.252,-8.514,
K47N,07,25,40.5244,-74.59835,55.516,-12.167,-2.317,-3.194,
K47V,12,30,40.6365,-100.4695,130.229,4.999,5.229,-0.071,2023.7
K47V,17,35,40.6359,-100.471,180.0,5.0,5.0,-0.3,
K48A,05,23,32.39935,-83.27595,46.207,-6.193,2.4,-2.885,
K48D,04,22,43.8369,-84.7393,31.703,-6.545,-1.752,-5.214,
K48D,09,27,43.83115,-84.74135,84.168,-6.542,0.71,-2.753,
K48I,02,20,38.68695,-80.65195,10.167,-8.574,-1.259,-4.836,
K48S,11,29,48.5691,-108.775,124.559,10.467,4.092,-2.622,
K48S,15,33,48.56155,-108.7675,172.869,10.462,12.407,5.695,1966.5
K49A,03,21,34.62785,-84.52495,27.279,-5.605,2.884,-2.249,
K49B,11,29,44.418,-103.375,112.707,7.0,-4.293,-9.999,
K49R,15,33,29.7455,-99.7609,156.438,4.159,2.279,-2.306,
K49X,16,34,34.5274,-114.431,180.0,10.495,9.505,5.992,1951.17
K4A0,11,29,33.5358,-84.17915,109.389,-5.724,5.113,-0.124,2024.45
K4A5,05,23,35.89875,-92.65635,51.078,-0.142,1.22,-4.18,
K4A6,04,22,34.6887,-86.0059,37.51,-4.619,2.129,-3.151,
K4A7,06,24,33.3899,-84.33105,54.497,-5.61,0.107,-5.165,
K4A9,04,22,34.4737,-85.7214,39.617,-4.791,4.408,-0.871,
K4B6,02,20,43.87725,-73.41325,1.851,-13.314,-4.835,-3.842,
K4B7,16,34,43.8626,-73.7426,145.778,-13.167,-1.055,-0.214,
K4B8,02,20,41.6903,-72.8647,19.311,-13.125,12.436,12.736,
K4C8,13,31,40.99625,-92.7657,129.039,-0.269,-0.692,-5.961,
K4D0,09,27,42.77565,-84.73005,85.419,-6.397,1.816,-1.899,
K4D0,18,36,42.7738,-84.7369,180.0,-6.392,6.392,2.675,1995.21
K4E7,13,31,46.01235,-98.51275,142.372,3.829,8.543,2.791,1993.08
K4E7,17,35,46.0108,-98.5153,180.0,3.831,6.169,0.417,2011.38
K4F2,17,35,32.1761,-94.29885,177.77,1.035,6.735,1.424,2008.95
K4F7,18,36,33.80385,-93.36215,181.497,0.395,1.102,-4.288,
K4F8,02,20,33.44015,-93.0557,17.243,0.207,-2.963,-8.372,
K4F9,16,34,46.3481,-98.28165,166.365,3.661,2.705,-3.057,
K4G4,10,28,40.96165,-80.67735,90.512,-8.88,-0.608,-3.585,
K4G5,07,25,39.77905,-81.1028,65.795,-8.44,4.235,0.806,
K4G6,18,36,42.38215,-77.6821,165.024,-10.903,-4.073,-5.504,
K4G8,02,20,41.31935,-81.9603,12.364,-8.104,0.467,-2.812,
K4G8,18L,36R,41.31895,-81.95985,181.586,-8.104,9.69,6.411,1940.57
K4G8,18R,36L,41.3187,-81.96045,181.532,-8.104,9.636,6.356,1956.4
K4I3,10,28,40.3287,-82.5238,97.524,-7.59,5.114,1.421,2018.26
K4I7,18,36,39.63355,-86.8138,181.308,-4.521,5.829,1.079,2010.26
K4I9,10,28,40.5245,-82.8501,91.201,-7.398,-1.401,-5.135,
K4J6,04,22,30.75435,-81.5578,33.472,-7.097,0.569,-4.733,
K4J6,13,31,30.7513,-81.56015,126.576,-7.095,3.671,-1.631,
K4J8,16,34,32.38765,-82.56375,162.704,-6.644,9.348,4.15,1981.66
K4K3,04,22,39.20985,-93.9268,42.702,0.631,2.071,-3.279,
K4K3,13,31,39.20975,-93.9267,135.894,0.631,5.264,-0.086,2022.64
K4K3,18,36,39.2097,-93.9305,180.0,0.633,-0.633,-5.983,
K4K6,18,36,40.7321,-92.42825,179.54,-0.503,0.043,-5.215,
K4M1,07,25,36.38135,-93.62455,73.808,0.498,3.31,-2.062,
K4M2,09,27,35.1495,-93.86335,91.291,0.688,0.603,-4.762,
K4M3,09,27,34.8059,-91.715,90.914,-0.736,1.65,-3.793,
K4M3,18,36,34.8105,-91.7091,180.756,-0.74,1.496,-3.947,
K4M7,06,24,36.79995,-86.81015,63.65,-4.257,7.907,2.79,1992.48
K4M9,18,36,36.4042,-90.64795,180.389,-1.548,1.937,-3.448,
K4N1,06,24,41.1284,-74.34645,47.686,-12.384,0.07,-0.476,
K4O4,02,20,33.90935,-94.85935,23.11,1.357,1.753,-3.541,
K4O5,17,35,36.788,-98.35845,180.47,3.563,6.908,1.766,2007.26
K4P3,10,28,44.00385,-96.5931,108.47,2.442,6.028,0.529,2012.51
K4R1,14,32,31.01545,-89.48255,153.081,-2.009,15.091,9.467,
K4R3,1,19,31.4706,-87.8959,8.612,-3.086,1.698,-3.933,
K4R4,01,19,30.46055,-87.87745,6.905,-3.019,-0.077,-5.764,
K4R5,04,22,46.78865,-90.75875,40.023,-2.266,2.289,-2.246,
K4R7,16,34,30.4663,-92.4238,166.199,-0.086,6.284,0.829,2013.05
K4R9,12,30,30.2605,-88.12745,123.84,-2.84,6.68,0.987,2008.71
K4S1,16,34,42.4135,-124.4245,175.079,14.107,0.972,-3.882,
K4S2,07,25,45.67265,-121.537,87.97,14.336,3.634,-2.164,
K4S3,15,33,45.35955,-117.254,168.537,13.26,5.277,-0.447,2023.83
K4S9,14,32,45.21635,-122.5905,159.174,14.428,4.745,-0.911,
K4SD,08,26,39.66325,-119.8785,95.733,12.774,2.958,-1.261,
K4SD,14,32,39.67235,-119.8745,152.305,12.775,-0.47,-4.692,
K4T2,12,30,32.9751,-97.4843,122.464,2.967,-0.503,-5.535,
K4T2,17,35,32.97075,-97.4878,175.897,2.969,2.929,-2.103,
K4U6,03,21,47.4158,-105.5525,45.929,8.552,7.377,1.056,2005.48
K4U6,12,30,47.41665,-105.5505,138.022,8.551,9.471,3.149,1990.31
K4U9,14,32,44.7358,-112.72,158.173,11.643,6.53,0.911,2011.74
K4V0,06,24,40.094,-108.763,77.309,9.33,7.979,3.194,1999.2
K4V1,03,21,37.6969,-104.7875,33.493,7.205,-3.712,-8.432,
K4V1,08,26,37.69665,-104.7835,93.808,7.203,6.605,1.885,2010.09
K4V4,08,26,47.72425,-97.5904,89.337,3.128,6.21,0.414,2009.72
K4V9,1,19,42.11015,-98.0393,12.709,3.462,-0.753,-6.205,
K4V9,13,31,42.1146,-98.04025,134.639,3.462,1.177,-4.275,
K4X4,12,30,44.06105,-98.5309,119.933,3.825,-3.893,-9.487,
K4Y4,05,23,44.9125,-84.8764,53.275,-6.611,9.886,6.661,1921.5
K50,01,19,37.56595,-97.17385,20.241,2.832,7.409,2.159,2002.82
K50D,02,20,46.01025,-88.2734,16.429,-4.164,0.592,-3.409,
K50D,12,30,46.0091,-88.2739,116.9,-4.163,1.063,-2.938,
K50F,17,35,32.58175,-97.5908,171.331,3.024,-1.693,-6.697,
K50I,09,27,40.75875,-87.4282,90.589,-4.19,4.779,0.091,
K50R,18,36,29.8503,-97.6724,181.801,3.046,-1.245,-6.111,
K51A,10,28,32.2835,-83.4385,99.741,-6.077,5.818,0.5,2014.15
K51D,14,32,46.34855,-98.73555,147.263,3.992,3.271,-2.529,
K51J,01,19,33.85355,-79.76815,6.114,-8.515,4.629,0.183,
K51R,18,36,30.91285,-95.952,190.119,2.061,8.058,2.942,1997.66
K52A,14,32,33.61215,-83.46045,140.763,-6.199,6.962,1.822,2000.09
K52F,17,35,33.04985,-97.2322,180.0,2.819,7.181,2.12,2005.4
K52J,06,24,34.2445,-80.236,50.545,-8.282,-1.174,-5.644,
K54F,17,35,31.88185,-100.54,180.0,4.636,5.364,0.739,2022.31
K54J,09,27,30.7326,-86.1541,89.997,-4.168,4.165,-1.495,
K54J,18,36,30.7288,-86.1532,180.0,-4.169,4.169,-1.491,
K54T,08,26,29.76165,-94.8465,88.744,1.424,7.32,2.115,2004.61
K54T,14,32,29.7622,-94.85,147.457,1.426,6.031,0.826,2015.61
K55J,04,22,30.6107,-81.4616,35.676,-7.14,2.817,-2.493,
K55J,09,27,30.61445,-81.46015,80.379,-7.142,-2.479,-7.789,
K55J,13,31,30.6104,-81.46175,125.481,-7.14,2.621,-2.689,
K55K,17,35,37.2697,-97.0914,177.103,2.776,4.327,-0.916,
K55M,18,36,33.9261,-91.8607,180.0,-0.599,0.599,-4.859,
K55Y,16,34,43.81585,-91.8301,161.662,-1.141,2.803,-2.226,
K56D,18,36,40.8834,-83.31455,180.392,-7.131,7.523,3.749,1985.11
K56F,07,25,32.8275,-100.4205,73.848,4.612,-0.765,-5.468,
K56F,16,34,32.8254,-100.4155,163.6,4.61,-1.01,-5.714,
K57C,08,26,42.7975,-88.37235,79.251,-3.698,2.95,-1.613,
K57C,18,36,42.79665,-88.37305,183.121,-3.698,6.819,2.256,1997.9
K57S,14,32,48.48015,-115.9035,159.937,13.461,6.477,-0.277,2013.26
K58M,13,31,39.57415,-75.8698,115.222,-11.402,-3.376,-5.089,
K5A1,10,28,41.24475,-82.55125,90.487,-7.699,-1.814,-5.288,
K5A4,18,36,34.0158,-88.7262,180.0,-2.718,2.718,-2.765,
K5A9,17,35,32.93345,-84.68885,169.998,-5.331,5.329,-0.034,2021.24
K5B2,05,23,43.0512,-73.86135,39.15,-12.952,2.102,2.538,
K5B2,14,32,43.05095,-73.86175,128.814,-12.952,1.766,2.201,
K5B5,08,26,46.4939,-99.76165,89.996,4.73,5.266,-0.625,2022.65
K5B5,12,30,46.49445,-99.75755,128.828,4.727,4.101,-1.791,
K5C1,17,35,29.72322,-98.69456,174.009,3.6,0.409,-4.317,
K5C3,17,35,47.3761,-94.7981,180.0,0.951,9.049,3.697,1983.92
K5C8,08,26,47.3509,-101.0245,81.083,5.64,-4.557,-10.653,
K5C8,17,35,47.3544,-101.0255,187.443,5.641,11.802,5.705,1970.25
K5F0,14,32,32.5307,-92.954,144.94,0.171,4.769,-0.647,
K5F1,06,24,33.2025,-101.3435,69.501,5.118,4.384,-0.242,
K5F1,17,35,33.2064,-101.3405,184.174,5.116,9.058,4.432,1981.4
K5F4,12,30,32.7885,-93.00365,123.149,0.194,2.954,-2.459,
K5G7,05,23,40.8854,-83.86865,51.737,-6.75,8.486,4.57,1979.01
K5H4,11,29,47.79125,-99.93175,119.792,4.875,4.917,-1.153,
K5I4,05,23,40.1766,-86.2179,51.794,-5.006,6.8,2.235,1997.95
K5I4,09,27,40.17935,-86.2167,88.238,-5.007,3.245,-1.319,
K5J9,08,26,34.0884,-78.86495,73.944,-9.066,3.01,-1.174,
K5K1,18,36,39.42,-89.9915,180.0,-2.202,2.202,-2.956,
K5L0,15,33,48.0294,-98.32525,164.902,3.684,11.218,5.301,1974.0
K5M0,18,36,34.40825,-86.93295,180.476,-3.967,4.443,-0.936,
K5M3,02,20,43.76835,-71.38665,3.77,-14.096,-2.134,-0.295,
K5M4,05,23,33.8458,-92.3655,48.271,-0.261,-1.468,-6.908,
K5M5,13,31,36.34355,-94.4448,134.601,1.049,3.552,-1.793,
K5M8,08,26,33.925,-93.16305,89.996,0.261,9.735,4.334,1980.79
K5M9,07,25,37.33435,-88.1151,66.034,-3.389,-0.577,-5.762,
K5N2,09,27,45.54305,-90.2792,93.175,-2.513,5.688,1.108,2009.52
K5N8,13,31,46.8543,-97.20865,136.405,2.853,3.552,-2.138,
K5P2,13,31,45.7968,-100.784,138.823,5.419,3.404,-2.457,
K5R1,12,30,31.45195,-88.19445,120.044,-2.887,2.931,-2.7,
K5R2,18,36,30.38965,-88.75345,178.445,-2.442,0.886,-4.785,
K5R4,18,36,30.42755,-87.7008,180.0,-3.132,3.132,-2.559,
K5R8,15,33,30.44105,-93.47355,157.389,0.571,6.819,1.457,2008.54
K5S0,09,27,43.75265,-122.5025,108.212,14.103,4.109,-1.113,
K5S2,13,31,43.5325,-121.95,146.507,13.962,2.545,-2.615,
K5S6,14,32,42.8579,-124.5175,158.377,14.213,4.164,-0.811,
K5S9,16,34,45.3082,-122.319,180.0,14.401,5.599,-0.086,2020.58
K5T6,10,28,31.88095,-106.705,111.404,7.492,3.912,0.025,
K5T9,13,31,28.85705,-100.5135,133.087,4.512,-1.425,-5.85,
K5U1,16,34,47.8471,-111.6985,175.526,11.744,3.782,-2.743,
K5U5,07,25,47.63075,-111.98,88.598,11.829,6.769,0.312,2010.7
K5U5,18,36,47.6292,-111.98,195.149,11.829,3.32,-3.136,
K5U7,07,25,45.3208,-107.9315,89.995,9.613,10.381,4.536,1979.14
K5V5,02,20,36.6973,-108.7015,32.912,8.862,4.05,-0.218,
K5W4,04,22,35.01985,-79.191,32.856,-8.988,1.844,-2.214,
K5W5,16,34,35.62035,-78.70025,159.627,-9.342,8.969,5.181,1974.58
K5W8,04,22,35.70305,-79.5053,39.976,-8.887,8.863,4.88,1976.87
K5Y1,09,27,46.0358,-84.41975,89.995,-7.141,7.137,4.39,1980.64
K60C,06,24,43.7064,-90.25765,58.52,-2.346,0.866,-3.925,
K60F,17,35,33.6485,-99.2613,180.0,4.005,5.995,1.111,2015.67
K60J,06,24,33.9086,-78.4364,56.742,-9.288,6.029,1.913,2002.64
K61A,18,36,31.97975,-87.3391,179.155,-3.495,2.65,-2.944,
K61B,09,27,35.94745,-114.861,103.397,10.857,2.54,-1.169,
K61B,15,33,35.9498,-114.8615,166.557,10.858,5.699,1.99,2018.18
K61C,03,21,42.9632,-88.81765,28.131,-3.378,1.508,-3.115,
K61S,15,33,43.8041,-123.032,170.442,14.201,6.242,1.006,2013.94
K62D,04,22,41.26835,-80.92815,35.28,-8.767,4.047,1.077,
K62D,18,36,41.2656,-80.9265,180.0,-8.768,8.768,5.798,1967.48
K62S,07,25,43.2365,-120.666,86.858,13.656,3.202,-1.883,
K63,04,22,38.6764,-96.5725,45.04,2.447,2.593,-2.722,
K63,12,30,38.67655,-96.573,119.42,2.448,-3.028,-8.343,
K63B,11,29,43.763,-70.67245,92.796,-14.345,-2.858,-0.709,
K63C,15,33,43.96135,-89.78965,152.801,-2.733,5.534,0.857,2013.18
K63F,16,34,32.1736,-101.8225,167.172,5.307,1.865,-2.626,
K63M,07,25,38.7052,-91.49055,67.136,-1.078,-1.787,-7.085,
K64S,02,20,42.7432,-122.4885,37.62,13.889,3.73,-1.211,
K65J,11,29,33.2226,-82.3837,115.966,-6.846,12.812,7.765,1910.68
K65S,02,20,48.7258,-116.295,37.579,13.637,3.942,-2.903,
K66R,15,33,29.6411,-96.5158,160.385,2.398,7.987,2.985,1998.37
K66V,03,21,37.25,-109.634,37.732,9.308,-1.576,-5.85,
K66Y,18,36,30.363,-89.38765,179.526,-2.027,1.553,-4.097,
K67,17,35,37.1592,-95.0414,180.0,1.435,8.565,3.234,1991.06
K67A,15,33,31.9721,-86.592,150.112,-3.989,4.101,-1.473,
K67L,01,19,36.835,-114.055,27.393,10.773,6.619,2.714,2009.23
K67R,16,34,26.42325,-98.8457,161.953,3.646,-1.693,-6.208,
K68,01,19,38.27735,-95.2152,16.112,1.538,4.574,-0.767,
K68F,15,33,31.66125,-96.31,159.078,2.268,6.811,1.708,2008.58
K68S,03,21,47.6542,-118.1685,54.28,13.975,10.305,3.844,1986.41
K68S,05,23,47.6531,-118.169,73.512,13.975,9.537,3.076,1994.78
K69K,17,35,39.19725,-96.2589,174.89,2.238,2.652,-2.687,
K69V,08,26,39.3611,-110.917,89.996,10.105,-0.11,-4.641,
K69V,12,30,39.3613,-110.9165,137.431,10.105,7.326,2.795,2004.22
K69V,18,36,39.36205,-110.923,196.382,10.108,6.274,1.743,2012.95
K6A1,06,24,32.56735,-84.25075,62.055,-5.582,7.637,2.271,1995.95
K6A1,18,36,32.5676,-84.25075,179.563,-5.582,5.144,-0.222,2024.13
K6A2,14,32,33.227,-84.27495,136.687,-5.631,2.318,-2.969,
K6A4,06,24,36.41785,-81.8251,58.238,-7.554,5.792,1.413,2008.44
K6B9,04,22,42.9146,-76.4403,29.037,-11.675,0.711,-0.012,
K6B9,10,28,42.9137,-76.43565,94.006,-11.677,5.683,4.962,1976.48
K6D1,15,33,45.49705,-95.1042,150.059,1.286,-1.228,-6.626,
K6D6,10,28,43.14215,-85.25355,94.472,-6.068,0.54,-3.234,
K6D6,18,36,43.1426,-85.25445,184.328,-6.068,10.395,6.621,1925.68
K6D8,05,23,46.9388,-98.017,57.015,3.462,3.553,-2.232,
K6D8,08,26,46.9394,-98.01585,89.996,3.461,6.535,0.75,2007.77
K6D8,13,31,46.9434,-98.01645,133.984,3.461,0.523,-5.263,
K6D8,17,35,46.9411,-98.0211,180.0,3.465,6.535,0.749,2007.77
K6D9,08,26,44.31285,-83.42235,78.252,-7.569,5.821,2.91,1994.75
K6E5,15,33,44.43085,-97.5611,159.343,3.14,6.203,0.628,2011.13
K6G1,18,36,41.6088,-79.74135,177.113,-9.563,6.677,4.21,1982.77
K6G4,06,24,40.3651,-82.4957,62.402,-7.614,10.016,6.339,1959.95
K6G4,09,27,40.36485,-82.49785,82.785,-7.612,0.397,-3.28,
K6G5,09,27,40.00245,-81.19185,86.363,-8.414,4.777,1.379,
K6I2,11,29,37.6335,-85.24185,105.165,-5.423,0.588,-4.212,
K6I4,18,36,40.00725,-86.4406,180.0,-4.828,4.828,0.196,
K6J0,18,36,33.79465,-81.24585,170.662,-7.618,-1.72,-6.48,
K6J2,05,23,33.1955,-80.50845,45.486,-8.0,3.486,-1.243,
K6J4,01,19,33.92665,-81.7947,9.786,-7.292,7.078,2.242,1996.56
K6J7,16,34,34.28225,-79.9286,165.743,-8.469,14.212,9.818,
K6K3,13,31,42.47155,-97.88465,130.53,3.36,-2.829,-8.301,
K6K3,18,36,42.47,-97.88375,189.73,3.359,6.371,0.9,2010.36
K6K5,02,20,44.30445,-121.539,36.702,14.048,2.654,-2.728,
K6L3,03,21,46.444,-97.72885,36.649,3.251,3.398,-2.32,
K6L3,14,32,46.44665,-97.72735,146.137,3.25,2.887,-2.832,
K6L4,06,24,37.8557,-81.9159,58.265,-7.668,5.934,1.833,2003.95
K6L5,14,32,46.2498,-99.53945,147.655,4.568,3.087,-2.762,
K6M0,18,36,34.7595,-91.63805,180.404,-0.786,1.19,-4.256,
K6M2,13,31,36.2214,-91.75545,125.388,-0.772,-3.841,-9.243,
K6M6,18,36,40.1292,-91.67825,181.363,-1.019,2.382,-2.855,
K6M7,18,36,34.7829,-90.8099,180.853,-1.348,2.201,-3.256,
K6R3,16,34,30.35645,-95.008,161.695,1.507,0.188,-5.015,
K6R6,04,22,30.04805,-102.211,44.353,5.38,-1.028,-5.307,
K6R6,13,31,30.04805,-102.215,135.642,5.382,0.26,-4.018,
K6S0,06,24,45.80385,-109.98,74.402,10.663,3.739,-2.202,
K6S1,16,34,45.29165,-108.9255,175.752,10.097,5.655,-0.171,2019.26
K6S2,15,33,43.9828,-124.1115,164.481,14.398,0.083,-5.208,
K6S3,10,28,45.63055,-109.239,111.644,10.293,1.351,-4.554,
K6S8,04,22,45.70615,-108.756,50.918,10.071,0.847,-5.082,
K6S8,09,27,45.7042,-108.764,98.136,10.075,-1.939,-7.867,
K6U7,07,25,46.2892,-107.196,89.996,9.35,10.645,4.569,1978.76
K6V0,12,30,43.2953,-103.8435,131.865,7.19,4.675,-0.849,
K6V0,16,34,43.29165,-103.8395,172.44,7.187,5.253,-0.271,2023.56
K6V4,12,30,43.9995,-102.2545,136.286,6.286,10.0,4.354,1980.12
K6V5,11,29,45.51845,-102.467,122.126,6.512,5.614,-0.259,2018.76
K6Y1,10,28,45.7663,-84.5038,95.991,-7.031,3.023,0.164,
K70A,18,36,32.2668,-87.7181,180.0,-3.266,3.266,-2.314,
K70J,13,31,30.888,-84.1547,120.547,-5.479,-3.975,-9.524,
K71A,09,27,31.9669,-87.58305,89.996,-3.332,3.328,-2.27,
K71J,12,30,31.4311,-85.61925,121.316,-4.581,5.897,0.315,2014.79
K71N,05,23,40.89165,-76.7622,41.452,-11.15,2.603,1.0,
K74S,18,36,48.4989,-122.6625,194.33,15.151,-0.821,-7.604,
K74V,07,25,40.2783,-110.0515,82.871,9.897,2.974,-1.77,
K75J,16,34,31.68555,-83.6322,161.105,-5.893,6.998,1.584,2001.96
K76F,17,35,32.68155,-95.9841,180.0,2.068,7.932,2.762,1998.76
K76G,04,22,42.7199,-82.5966,32.428,-7.888,0.316,-2.778,
K77F,17,35,31.9472,-99.98585,180.551,4.346,6.205,1.509,2013.87
K77G,01,19,43.3135,-83.09165,3.918,-7.64,1.557,-1.53,
K77G,09,27,43.31035,-83.0903,89.447,-7.64,7.087,3.999,1983.66
K77S,15,33,43.93075,-123.0065,175.107,14.223,10.884,5.612,1961.92
K78,17,35,38.90405,-97.23585,180.393,2.887,7.506,2.204,2001.82
K78R,17,35,31.5396,-94.1705,173.405,0.97,2.434,-2.878,
K78Y,17,35,40.33335,-94.83375,175.255,1.242,4.013,-1.347,
K79D,08,26,39.1662,-80.06255,71.423,-9.002,0.425,-2.856,
K79S,05,23,47.8451,-110.6365,60.981,11.27,-0.289,-6.807,
K79S,14,32,47.84185,-110.6375,153.77,11.27,2.5,-4.017,
K7A0,18,36,32.68145,-87.6621,180.0,-3.336,3.336,-2.215,
K7A3,06,24,32.81205,-85.2296,78.595,-4.964,23.56,18.138,
K7A4,18,36,42.4664,-90.16935,180.552,-2.304,2.857,-2.049,
K7A5,11,29,33.1296,-85.37205,113.169,-4.9,8.069,2.671,1993.02
K7A6,05,23,34.88625,-85.8033,49.563,-4.774,4.337,-0.902,
K7B2,14,32,42.32805,-72.6113,128.073,-13.344,1.417,2.089,
K7B6,10,28,41.92925,-72.57455,99.736,-13.285,13.022,13.544,
K7D3,05,23,43.8761,-85.8466,47.354,-5.733,3.087,-0.685,
K7D3,09,27,43.87505,-85.8388,93.849,-5.739,9.588,5.818,1968.47
K7D9,01,19,41.77785,-80.90395,3.342,-8.861,2.203,-0.61,
K7F3,13,31,33.03695,-96.24105,135.882,2.223,3.659,-1.498,
K7F3,18L,36R,33.03875,-96.2411,180.0,2.223,-2.223,-7.38,
K7F3,18R,36L,33.0355,-96.24525,181.305,2.226,-0.921,-6.077,
K7F5,18,36,32.58625,-95.86275,184.232,1.995,2.238,-2.941,
K7F7,14,32,31.8168,-97.56695,145.363,3.002,2.361,-2.61,
K7G0,10,28,43.1811,-77.91575,90.984,-10.916,1.9,0.672,
K7G8,11,29,41.4496,-81.0629,99.591,-8.709,-1.7,-4.662,
K7G9,18,36,43.30885,-96.571,180.0,2.434,-2.434,-7.906,
K7I4,06,24,38.6573,-86.44155,58.229,-4.689,2.918,-1.914,
K7K5,08,26,48.6678,-102.05,89.994,6.403,3.591,-2.815,
K7K8,14,32,42.45405,-96.47305,144.222,2.372,1.85,-3.588,
K7L2,09,27,46.22125,-100.247,105.527,5.064,10.463,4.574,1978.45
K7L8,10,28,39.7504,-86.01545,100.092,-5.104,5.197,0.6,2020.85
K7M1,18,36,33.6202,-91.36485,181.296,-0.916,2.212,-3.27,
K7M2,09,27,35.8645,-92.0903,92.767,-0.527,3.294,-2.116,
K7M3,08,26,34.52905,-93.5271,76.922,0.483,-3.56,-8.941,
K7M4,01,19,35.69115,-90.0101,8.996,-1.948,0.944,-4.465,
K7M5,04,22,35.5107,-93.8393,41.671,0.664,1.008,-4.359,
K7M8,18,36,36.24985,-90.3193,178.988,-1.767,0.756,-4.63,
K7M9,02,20,36.3559,-91.83095,23.37,-0.726,4.096,-1.302,
K7N1,13,31,42.1801,-77.1217,118.048,-11.177,-0.775,-2.058,
K7S0,16,34,47.5672,-114.101,180.0,12.658,7.342,0.906,2007.54
K7S1,07,25,45.5332,-112.30685,84.133,11.615,2.518,-3.32,
K7S1,17,35,45.5365,-112.3003,181.461,11.613,-0.152,-5.992,
K7S5,16,34,44.86695,-123.198,180.0,14.453,5.547,-0.003,2021.08
K7S6,01,19,46.50415,-110.9135,21.847,11.187,0.659,-5.464,
K7S6,13,31,46.50665,-110.912,142.1,11.187,0.913,-5.211,
K7S7,04,22,48.30015,-112.2475,50.101,12.054,-1.953,-8.628,
K7S7,07,25,48.29995,-112.2515,88.031,12.056,5.975,-0.7,2016.56
K7S7,10,28,48.2998,-112.2505,122.711,12.055,10.656,3.981,1983.57
K7S9,02,20,45.1815,-122.7435,38.607,14.447,4.16,-1.485,
K7T7,06,24,31.8514,-102.073,72.138,5.413,6.725,2.289,2009.13
K7T7,16,34,31.85835,-102.074,165.61,5.414,0.196,-4.24,
K7V2,05,23,38.83165,-107.646,61.69,8.678,3.012,-1.644,
K7V3,09,27,42.52435,-88.6541,89.285,-3.457,2.742,-1.911,
K7V3,18,36,42.5274,-88.6514,180.0,-3.459,3.459,-1.193,
K7V5,07,25,40.26385,-103.581,80.263,6.796,3.467,-1.647,
K7V6,14,32,42.2597,-104.7285,153.476,7.598,5.879,0.54,2016.51
K7V7,15,33,40.0847,-98.54055,159.803,3.758,6.045,0.723,2014.17
K7V8,13,31,40.97085,-102.3155,138.457,6.13,2.328,-2.934,
K7V9,08,26,38.05275,-103.237,95.663,6.435,9.228,4.347,1981.68
K7W5,10,28,41.37435,-84.06845,101.19,-6.675,7.866,4.007,1983.08
K7W6,11,29,35.5625,-75.9553,110.822,-10.808,11.63,8.655,1904.96
K7Y4,14,32,47.5246,-95.3607,145.885,1.391,4.494,-0.956,
K80D,09,27,44.05465,-84.8126,94.497,-6.524,11.021,7.592,1903.68
K80D,18,36,44.051,-84.8125,181.079,-6.523,7.602,4.172,1981.98
K80F,17,35,34.1926,-95.64985,179.475,1.854,7.621,2.381,2001.32
K80T,09,27,47.2116,-119.84,106.352,14.303,2.049,-4.258,
K81B,15,33,44.15745,-70.4813,131.578,-14.492,-3.93,-1.514,
K81R,13,31,31.23515,-98.71695,136.435,3.639,2.796,-2.011,
K82A,14,32,32.2824,-84.50355,134.981,-5.389,0.371,-5.051,
K82C,14,32,43.8387,-90.1377,138.764,-2.451,1.216,-3.54,
K82J,18,36,30.39885,-87.3486,180.0,-3.359,3.359,-2.336,
K82V,08,26,41.1533,-104.1305,89.187,7.172,2.015,-3.188,
K83D,07,25,45.89165,-84.73805,68.113,-6.878,4.991,2.087,
K84D,13,31,44.98435,-101.251,133.553,5.697,-2.143,-7.912,
K84R,17,35,30.03045,-97.16685,174.054,2.765,1.289,-3.648,
K86F,17,35,35.1236,-98.5752,178.862,3.651,5.21,0.176,2024.01
K87I,17,35,32.88325,-90.46365,174.017,-1.477,5.494,-0.035,2020.15
K87K,04,22,37.85405,-94.00315,43.951,0.719,3.232,-2.126,
K87K,18,36,37.8561,-93.9989,184.14,0.716,3.424,-1.934,
K87Y,04,22,43.10495,-89.1862,40.181,-3.111,3.293,-1.38,
K87Y,09,27,43.1047,-89.1849,89.997,-3.112,3.11,-1.563,
K88M,18,36,48.96885,-115.0705,196.8,13.27,3.529,-3.4,
K88R,17,35,30.47615,-98.1211,180.0,3.299,6.701,1.861,2009.61
K8A0,05,23,34.2291,-86.25575,48.229,-4.409,2.638,-2.712,
K8A1,07,25,34.40307,-86.26358,65.203,-4.419,-0.378,-5.71,
K8B0,14,32,44.9919,-70.66465,120.088,-14.614,-5.298,-2.564,2023.68
K8B1,02,20,43.0667,-71.89955,9.918,-13.764,3.682,4.982,
K8B5,06,24,42.3564,-72.1301,45.669,-13.539,-0.792,0.101,
K8C4,11,29,41.76335,-91.15295,110.601,-1.509,2.11,-2.981,
K8D1,04,22,43.9439,-88.11655,38.719,-4.022,2.741,-1.59,
K8D1,14,32,43.94425,-88.11345,141.431,-4.025,5.455,1.125,2012.19
K8D3,04,22,45.6707,-96.99315,44.332,2.713,1.619,-3.983,
K8D3,16,34,45.66875,-96.9939,166.994,2.713,4.281,-1.321,
K8D7,13,31,44.8945,-97.71,132.041,3.246,-1.206,-6.818,
K8F3,17,35,33.62385,-101.241,180.0,5.086,4.914,0.245,
K8F5,17,35,33.1268,-94.6988,173.115,1.268,1.847,-3.446,
K8F6,14,32,43.8517,-100.712,150.9,5.294,5.605,-0.016,2018.72
K8G1,10,28,41.03875,-82.72455,97.793,-7.553,5.346,1.771,2009.23
K8G2,14,32,41.90755,-79.64105,132.868,-9.673,2.541,0.206,
K8G6,13,31,40.23835,-81.01285,125.839,-8.562,4.401,1.119,
K8J7,13,31,47.6964,-99.1311,143.969,4.289,9.68,3.703,1983.97
K8K2,12,30,37.27925,-98.04415,134.062,3.379,10.683,5.495,1972.01
K8K2,17,35,37.27745,-98.04305,174.366,3.378,0.988,-4.2,
K8M8,18,36,44.8042,-84.2736,173.533,-7.037,0.57,-2.487,
K8M9,16,34,37.42475,-87.7361,158.468,-3.663,2.131,-3.01,
K8N2,03,21,41.3998,-88.7939,33.096,-3.244,6.339,1.519,2004.87
K8S0,06,24,48.60135,-113.115,75.714,12.464,3.25,-3.534,
K8S1,18,36,47.69545,-114.1855,197.221,12.712,4.509,-1.97,
K8T6,13,31,28.36285,-98.1165,135.949,3.279,2.67,-2.06,
K8T8,17L,35R,29.5105,-98.7984,180.0,3.652,6.348,1.648,2012.76
K8U2,07,25,48.0875,-113.25,81.491,12.426,-0.936,-7.545,
K8U6,08,26,46.77715,-105.3135,90.48,8.351,2.13,-4.039,
K8U8,16,34,46.33125,-111.4825,176.365,11.406,4.959,-1.111,
K8V2,05,23,42.5626,-99.036,59.393,4.143,5.25,-0.238,2023.18
K8V2,11,29,42.56145,-99.03765,119.594,4.144,5.45,-0.038,2020.48
K8V3,15,33,43.37845,-97.9706,153.28,3.427,-0.147,-5.675,
K8V7,17,35,37.45875,-102.618,180.0,6.059,3.941,-0.927,
K8W2,06,24,38.65565,-78.70805,50.519,-9.734,0.253,-2.746,
K8WC,02,20,37.9292,-90.7315,18.536,-1.576,0.111,-5.196,
K8Y6,18,36,45.4441,-93.9711,180.0,0.412,-0.412,-5.664,
K90F,17,35,34.01385,-94.7586,180.0,1.291,8.709,3.406,1989.99
K91F,15,33,35.15635,-95.62125,160.618,1.83,8.788,3.522,1988.92
K92F,17,35,34.375,-98.6878,180.0,3.698,6.302,1.319,2012.76
K93C,17,35,43.2839,-90.296,162.609,-2.278,-5.113,-9.956,
K93F,18,36,35.6032,-99.70285,187.167,4.326,2.84,-2.123,
K93Y,01,19,41.23335,-97.117,15.339,2.824,2.515,-2.887,
K94E,17,35,32.76195,-108.2085,183.289,8.18,5.109,1.289,2025.27
K94K,09,27,36.6974,-93.90055,89.996,0.677,-0.68,-6.044,
K94R,15,33,29.2661,-96.00775,161.813,2.111,9.702,4.651,1978.88
K95D,10,28,47.25085,-101.814,115.272,6.177,9.095,2.964,1991.21
K95E,14,32,33.8144,-106.6455,146.999,7.67,-0.671,-4.771,
K95F,18,36,36.28375,-96.46335,187.204,2.368,4.836,-0.407,
K96,09,27,39.7812,-88.30645,91.546,-3.457,5.003,0.059,2026.55
K96D,15,33,48.9406,-97.9028,171.059,3.343,17.716,11.773,
K97M,13,31,45.8779,-104.538,138.865,7.812,1.052,-4.918,
K98D,08,26,44.6999,-100.101,89.997,4.919,5.078,-0.626,2025.53
K99N,05,23,33.3045,-81.1084,43.716,-7.648,1.364,-3.458,
K9A0,15,33,34.57935,-84.02075,155.187,-5.932,11.119,6.043,1968.14
K9A4,13,31,34.65705,-87.34725,130.289,-3.706,3.995,-1.386,
K9A4,17,35,34.66175,-87.3504,175.255,-3.704,8.959,3.579,1985.98
K9A5,02,20,34.68855,-85.29045,20.527,-5.1,5.628,0.417,2016.13
K9C8,06,24,43.89505,-85.28065,54.18,-6.156,0.336,-3.272,
K9D0,12,30,44.5407,-99.45095,134.893,4.471,10.422,4.754,1977.47
K9D1,13,31,43.2217,-99.4032,133.975,4.406,-0.431,-5.977,
K9D2,08,26,45.58055,-103.5305,94.516,7.181,7.336,1.434,2004.8
K9D2,12,30,45.58055,-103.5295,133.379,7.18,6.199,0.297,2013.08
K9D4,01,19,40.35235,-76.33,357.333,-11.289,-1.378,-3.001,
K9D7,16,34,48.47995,-99.23595,165.944,4.369,1.575,-4.507,
K9D9,09,27,42.6656,-85.34805,89.997,-5.934,5.931,2.027,2002.14
K9F0,15,33,32.0682,-98.32515,162.945,3.437,9.508,4.611,1979.17
K9F8,13,31,45.25755,-99.79785,141.502,4.727,6.775,1.021,2007.34
K9G2,09,27,42.8076,-83.76945,88.939,-7.087,6.026,2.593,1996.89
K9G3,07,25,43.0211,-78.48265,59.148,-10.559,-0.292,-1.807,
K9G8,07,25,40.4611,-78.7753,67.233,-9.96,7.194,4.706,1978.57
K9K7,12,30,38.7475,-98.2306,125.662,3.528,2.134,-3.122,
K9K7,17,35,38.7515,-98.231,175.855,3.528,2.326,-2.93,
K9K8,11,29,37.6702,-98.12575,116.713,3.438,3.275,-1.928,
K9K8,18,36,37.66805,-98.12235,188.113,3.436,4.677,-0.526,
K9L2,06,24,34.99078,-117.86319,74.143,11.441,2.702,-0.686,
K9M4,01,19,33.30345,-89.2284,10.574,-2.33,2.904,-2.625,
K9M8,01,19,34.3282,-92.35095,14.548,-0.289,4.837,-0.597,
K9S2,12,30,48.8077,-105.439,133.785,8.617,5.168,-1.497,2024.69
K9S4,12,30,47.16825,-114.854,133.617,12.854,0.763,-5.541,
K9S5,02,20,45.87815,-111.5695,40.297,11.37,8.927,2.984,1996.1
K9S9,08,26,45.45415,-119.69,98.586,13.902,4.685,-1.049,
K9U0,07,25,48.85415,-108.409,79.56,10.313,-0.753,-7.545,
K9U3,18,36,39.46645,-117.196,201.792,12.117,9.675,5.422,1968.78
K9U7,03,21,38.73605,-115.4805,30.228,11.52,-11.292,-15.466,
K9V5,14,32,42.7366,-102.4445,150.727,6.322,4.404,-1.069,
K9V6,14,32,43.16565,-101.713,145.419,5.9,-0.481,-6.02,
K9V7,17,35,38.47515,-102.811,180.0,6.237,3.763,-1.194,
K9V9,13,31,43.7657,-99.3213,141.217,4.364,6.853,1.26,2006.81
K9V9,18,36,43.76665,-99.32145,186.647,4.364,2.282,-3.31,
K9Y1,12,30,47.3919,-102.7705,131.461,6.821,4.64,-1.57,
KA08,16,34,32.51235,-87.38555,162.986,-3.507,6.493,0.937,2008.98
KA09,17,35,34.8875,-114.6165,183.571,10.608,2.963,-0.592,
KA20,18,36,35.0125,-114.5635,193.889,10.614,3.275,-0.303,
KA24,05,23,41.4125,-120.6845,68.713,13.287,5.426,0.812,2021.85
KA30,16,34,41.5583,-122.8555,175.707,13.702,2.006,-2.626,
KA32,16,34,41.88715,-121.976,180.0,13.624,6.376,1.656,2012.32
KA34,05,23,39.2384,-119.5555,64.867,12.623,2.244,-1.89,
KA39,4,22,32.99165,-111.9205,41.989,9.503,-7.514,-11.006,
KA50,08,26,38.8744,-104.41,89.996,7.121,2.875,-2.015,
KA50,17R,35L,38.87455,-104.41,180.0,7.121,2.879,-2.011,
KAAA,03,21,40.1578,-89.33585,35.262,-2.736,7.998,2.97,1991.18
KAAA,14,32,40.15995,-89.33395,144.209,-2.738,6.947,1.919,2000.71
KAAF,06,24,29.72595,-85.03025,60.367,-4.803,5.17,-0.538,2024.27
KAAF,14,32,29.7277,-85.02895,135.052,-4.804,-0.144,-5.852,
KAAF,18,36,29.7292,-85.02315,180.344,-4.808,5.152,-0.555,2024.49
KAAO,18,36,37.7476,-97.22115,186.805,2.865,3.941,-1.314,
KAAS,05,23,37.35825,-85.3094,49.808,-5.348,5.156,0.304,2022.84
KAAT,13,31,41.4828,-120.566,148.962,13.278,5.684,1.052,2018.89
KABE,06,24,40.6535,-75.43995,51.286,-11.786,3.072,1.904,
KABE,13,31,40.65085,-75.441,122.981,-11.785,4.766,3.597,
KABI,04,22,32.4227,-99.6901,52.131,4.203,7.927,3.166,1998.53
KABI,17L,35R,32.3986,-99.67475,179.757,4.194,5.562,0.801,2020.0
KABI,17R,35L,32.4182,-99.68485,179.757,4.2,5.556,0.795,2020.07
KABQ,03,21,35.03195,-106.619,45.343,7.789,7.553,3.312,2001.48
KABQ,08,26,35.0442,-106.599,90.287,7.782,2.505,-1.739,
KABQ,12,30,35.03835,-106.613,128.047,7.787,0.26,-3.983,
KABR,13,31,45.4485,-98.4185,135.045,3.758,1.286,-4.412,
KABR,17,35,45.44805,-98.42735,179.735,3.764,5.971,0.272,2013.4
KABY,05,23,31.53635,-84.1926,42.008,-5.518,-2.474,-7.955,
KABY,17,35,31.5345,-84.1968,161.856,-5.515,-2.629,-8.11,
KACB,02,20,44.98855,-85.19835,17.155,-6.384,3.539,0.23,
KACJ,05,23,32.11015,-84.18855,45.816,-5.577,1.393,-4.021,
KACJ,10,28,32.11185,-84.18935,90.538,-5.577,-3.885,-9.299,
KACK,06,24,41.25305,-70.0644,44.824,-14.07,-1.106,0.215,
KACK,15,33,41.2541,-70.05565,135.101,-14.073,-0.826,0.499,
KACP,18,36,30.7505,-92.687,170.06,0.068,-10.009,-15.443,
KACQ,15,33,44.0735,-93.55295,153.933,0.166,3.767,-1.469,
KACT,01,19,31.6123,-97.22735,14.457,2.805,1.652,-3.348,
KACV,01,19,40.97785,-124.109,29.52,13.763,5.757,1.273,2017.94
KACV,14,32,40.97835,-124.108,152.715,13.763,-1.048,-5.532,
KACY,04,22,39.45715,-74.58005,28.182,-12.006,0.188,-1.065,
KACY,13,31,39.45785,-74.57535,117.981,-12.008,-0.011,-1.262,
KACZ,09,27,34.7179,-78.00365,84.795,-9.624,4.419,0.605,
KADC,16,34,46.45025,-95.21095,162.811,1.327,1.484,-3.934,
KADG,05,23,41.86625,-84.07795,47.339,-6.735,4.075,0.326,
KADG,11,29,41.87155,-84.07545,107.673,-6.738,4.411,0.664,
KADH,13,31,34.8035,-96.66985,134.893,2.491,2.403,-2.777,
KADH,18,36,34.80475,-96.672,180.0,2.492,-2.492,-7.671,
KADM,17,35,34.3019,-97.02355,180.342,2.704,7.637,2.506,2001.35
KADS,16,34,32.96855,-96.83645,159.73,2.582,-2.852,-7.949,
KADT,04,22,39.8383,-101.04,42.745,5.308,-2.563,-7.765,
KADT,17,35,39.8414,-101.043,173.536,5.31,-1.773,-6.976,
KADU,14,32,41.7013,-94.92035,147.766,1.273,6.493,1.125,2008.27
KADW,01R,19L,38.8111,-76.86365,359.834,-10.776,0.61,-1.717,
KAEG,04,22,35.14575,-106.8,46.343,7.88,-1.537,-5.774,
KAEG,17,35,35.14435,-106.789,180.0,7.875,2.125,-2.113,
KAEJ,15,33,38.81415,-106.1205,162.016,7.968,4.048,-0.714,
KAEL,05,23,43.6818,-93.3674,47.047,0.045,-2.999,-8.226,
KAEL,17,35,43.68135,-93.36715,168.163,0.045,-1.882,-7.11,
KAEX,14,32,31.3275,-92.5504,144.013,-0.042,4.054,-1.392,
KAFF,09,27,38.9747,-104.821,95.47,7.341,-1.871,-6.745,
KAFF,16C,34C,38.9717,-104.8245,169.138,7.343,1.795,-3.078,
KAFF,16L,34R,38.9736,-104.821,170.574,7.341,3.233,-1.641,
KAFF,16R,34L,38.97195,-104.8255,169.197,7.343,1.854,-3.02,
KAFJ,09,27,40.1365,-80.2902,84.968,-9.0,3.968,0.881,
KAFK,05,23,40.60565,-95.8681,47.763,1.963,-4.2,-9.576,
KAFK,15,33,40.6069,-95.8657,151.175,1.961,-0.786,-6.163,
KAFN,16,34,42.80505,-72.0035,148.239,-13.673,1.912,3.052,
KAFO,16,34,42.70875,-110.942,180.0,10.617,9.383,4.198,1983.65
KAFP,16,34,35.02065,-80.07715,154.606,-8.467,3.072,-1.202,
KAFW,16L,34R,32.9886,-97.31805,170.245,2.869,7.377,2.327,2003.75
KAGC,10,28,40.3543,-79.92945,89.992,-9.254,-0.753,-3.662,
KAGC,13,31,40.3547,-79.92835,119.724,-9.255,-1.021,-3.93,
KAGO,18,36,33.228,-93.21695,181.922,0.318,1.604,-3.795,
KAGR,05,23,27.64795,-81.342,50.194,-6.895,7.09,1.398,2002.57
KAGS,08,26,33.3677,-81.9596,78.083,-7.128,5.211,0.253,2022.25
KAGS,17,35,33.37165,-81.96815,168.307,-7.123,5.43,0.472,2018.19
KAGZ,09,27,43.06335,-98.2971,93.0,3.65,-0.65,-6.166,
KAGZ,14,32,43.0614,-98.29455,145.429,3.649,1.78,-3.736,
KAHH,18,36,45.28115,-92.3754,178.499,-0.828,-0.673,-5.686,
KAHN,02,20,33.94785,-83.32255,20.819,-6.323,7.142,2.069,1997.97
KAHN,09,27,33.94915,-83.3291,88.094,-6.319,4.412,-0.661,
KAHQ,02,20,41.24135,-96.594,23.722,2.463,1.258,-4.141,
KAHQ,13,31,41.2392,-96.5954,142.2,2.464,9.735,4.336,1980.25
KAIA,08,26,42.0588,-102.8085,89.329,6.493,2.836,-2.54,
KAIA,12,30,42.0512,-102.8065,133.359,6.491,6.868,1.493,2007.86
KAIA,17,35,42.05075,-102.795,180.0,6.484,3.516,-1.86,
KAIB,05,23,38.2388,-108.564,59.13,9.003,0.126,-4.376,
KAIB,11,29,38.2387,-108.5625,125.539,9.003,6.536,2.034,2010.67
KAID,12,30,40.1088,-85.6142,114.881,-5.429,0.31,-4.151,
KAID,18,36,40.1083,-85.6111,180.0,-5.431,5.431,0.97,2014.47
KAIG,09,27,45.154,-89.1135,82.575,-3.391,-4.034,-8.401,
KAIG,17,35,45.15435,-89.1083,163.498,-3.395,-3.107,-7.473,
KAIK,01,19,33.64875,-81.68085,0.453,-7.332,-2.215,-7.079,
KAIK,07,25,33.64985,-81.68795,60.264,-7.328,-2.408,-7.273,
KAIO,02,20,41.40155,-95.0507,21.943,1.373,0.57,-4.801,
KAIT,08,26,46.54535,-93.68085,88.142,0.113,8.029,2.856,1991.36
KAIT,16,34,46.5507,-93.67435,164.381,0.107,4.273,-0.898,
KAIV,06,24,33.10645,-88.1978,61.464,-3.009,4.473,-1.059,
KAIZ,04,22,38.096,-92.5495,37.111,-0.299,-2.59,-7.942,
KAJG,04,22,38.6062,-87.72535,40.346,-3.772,4.118,-0.891,
KAJG,13,31,38.60685,-87.72795,130.941,-3.77,4.711,-0.298,
KAJO,07,25,33.8978,-117.6025,91.236,11.18,10.055,6.831,
KAJR,06,24,34.4999,-83.5567,57.237,-6.228,3.465,-1.559,
KAJZ,03,21,38.7864,-108.0635,41.751,8.857,2.894,-1.727,
KAKH,03,21,35.20265,-81.1499,28.442,-7.836,6.278,1.802,2002.34
KAKO,11,29,40.1756,-103.222,119.116,6.591,2.525,-2.598,
KAKQ,03,21,36.9872,-77.00115,16.842,-10.451,-2.707,-5.624,
KAKR,07,25,41.0374,-81.4677,61.786,-8.385,0.171,-3.034,
KALB,10,28,42.7495,-73.7987,88.243,-12.922,1.165,1.501,
KALI,13,31,27.73955,-98.0273,134.395,3.231,1.164,-3.545,
KALI,17,35,27.73895,-98.02675,179.589,3.23,6.359,1.649,2012.82
KALN,11,29,38.8908,-90.0419,113.25,-2.129,5.38,0.177,2019.86
KALN,17,35,38.8896,-90.0512,173.482,-2.123,5.605,0.401,2016.57
KALO,12,30,42.55895,-92.39965,127.667,-0.623,8.291,3.118,1989.81
KALO,18,36,42.55775,-92.403,187.765,-0.621,8.385,3.212,1988.97
KALS,02,20,37.43515,-105.868,32.662,7.704,4.959,0.359,
KALW,02,20,46.09255,-118.2845,35.738,13.687,2.051,-3.89,
KALX,18,36,32.91475,-85.96295,177.724,-4.489,2.213,-3.248,
KAMA,04,22,35.218,-101.7165,46.384,5.428,0.956,-3.79,
KAMA,13,31,35.2217,-101.688,137.284,5.413,1.871,-2.878,
KAMG,15,33,31.5361,-82.50655,150.595,-6.591,7.186,1.875,1999.04
KAMN,09,27,43.323,-84.6866,89.994,-6.507,6.5,2.927,1993.03
KAMN,18,36,43.3208,-84.69,180.0,-6.504,6.504,2.93,1993.01
KAMT,05,23,38.85145,-83.56625,44.898,-6.702,1.6,-2.671,
KAMW,01,19,41.9902,-93.6218,16.626,0.316,6.309,1.013,2008.99
KAMW,13,31,41.99505,-93.62195,136.093,0.316,5.777,0.481,2014.53
KANB,05,23,33.58815,-85.8581,48.563,-4.619,3.182,-2.204,
KAND,05,23,34.49435,-82.70875,45.831,-6.775,2.606,-2.289,
KAND,17,35,34.49485,-82.7101,166.022,-6.774,2.796,-2.099,
KANE,18,36,45.14505,-93.21,180.605,-0.163,0.768,-4.384,
KANJ,14,32,46.47925,-84.3684,135.993,-7.261,3.253,0.664,
KANK,06,24,38.53825,-106.049,70.425,7.905,2.52,-2.209,
KANP,12,30,38.94285,-76.5684,107.764,-10.95,-1.286,-3.466,
KANQ,05,23,41.6397,-85.08345,47.214,-5.991,3.206,-0.849,
KANW,13,31,42.58225,-99.9886,134.216,4.773,-0.557,-6.046,
KANW,17,35,42.57675,-99.99655,179.326,4.778,4.548,-0.94,
KANY,10,28,37.15815,-98.0806,104.236,3.399,0.837,-4.343,
KANY,17,35,37.15875,-98.07905,180.459,3.398,7.061,1.881,2005.91
KAOH,10,28,40.7069,-84.02665,89.994,-6.617,-3.389,-7.384,
KAOO,03,21,40.2959,-78.3204,16.002,-10.198,-3.801,-6.18,
KAOO,12,30,40.297,-78.3194,108.628,-10.198,-1.174,-3.552,
KAOV,13,31,36.9719,-92.68195,137.312,-0.164,7.476,2.096,2000.75
KAPA,10,28,39.57055,-104.84,110.78,7.407,3.373,-1.577,
KAPA,17L,35R,39.5704,-104.8505,178.382,7.412,0.97,-3.979,
KAPA,17R,35L,39.5694,-104.8535,177.693,7.414,0.279,-4.67,
KAPC,01L,19R,38.2156,-122.28163,20.739,12.923,-2.184,-6.047,
KAPC,01R,19L,38.21529,-122.27986,20.98,12.923,-1.943,-5.806,
KAPC,6,24,38.20929,-122.28003,76.736,12.922,3.815,-0.047,
KAPF,14,32,26.1528,-81.7748,134.052,-6.469,0.521,-5.373,
KAPG,04,22,39.46545,-76.16825,28.465,-11.234,-0.3,-2.163,
KAPH,05,23,38.0689,-77.319,43.082,-10.428,3.509,0.799,
KAPN,01,19,45.07725,-83.56145,359.837,-7.6,-2.563,-5.294,
KAPN,07,25,45.0795,-83.5583,59.546,-7.603,-2.852,-5.581,
KAPT,04,22,35.0607,-85.5853,37.898,-4.937,2.835,-2.361,
KAPV,08,26,34.5696,-117.187,89.996,11.209,-1.213,-4.566,
KAPV,18,36,34.57895,-117.186,196.195,11.21,4.985,1.63,
KAPY,12,30,26.9688,-99.2489,129.763,3.85,5.913,1.426,2016.82
KAQO,13,31,30.7855,-98.65795,137.939,3.598,4.34,-0.449,
KAQO,17,35,30.78375,-98.662,179.147,3.6,5.546,0.758,2020.24
KAQP,04,22,45.22795,-96.00525,44.235,1.982,2.253,-3.238,
KAQP,13,31,45.22685,-96.0038,135.493,1.981,3.512,-1.98,
KAQR,18,36,34.39835,-96.1481,181.135,2.165,-1.03,-6.238,
KAQW,11,29,42.69585,-73.1703,109.406,-13.183,12.589,13.174,
KAQX,17,35,32.99515,-81.2702,162.178,-7.515,-0.308,-5.212,
KARA,16,34,30.03775,-91.8839,167.685,-0.406,8.091,2.59,1997.44
KARB,06,24,42.223,-83.74485,54.33,-7.019,1.349,-2.222,
KARG,04,22,36.1194,-90.9265,45.218,-1.339,6.556,1.154,2008.24
KARG,13,31,36.12975,-90.9253,134.894,-1.34,6.234,0.832,2011.25
KARG,18,36,36.12585,-90.9233,180.0,-1.341,1.341,-4.061,
KARM,14,32,29.2543,-96.1544,150.928,2.195,8.733,3.7,1989.32
KARR,09,27,41.7703,-88.47345,89.344,-3.518,2.862,-1.861,
KARR,15,33,41.7737,-88.48065,146.591,-3.513,0.104,-4.62,
KARR,18,36,41.7722,-88.4716,180.0,-3.519,3.519,-1.203,
KART,07,25,43.9919,-76.0223,53.229,-12.102,-4.669,-4.772,
KARV,10,28,45.924,-89.72825,100.51,-2.995,3.504,-0.895,
KARV,18,36,45.93065,-89.73285,179.135,-2.992,2.126,-2.273,
KARW,07,25,32.41215,-80.63435,60.256,-7.837,-1.907,-6.8,
KASE,15,33,39.2219,-106.86825,159.5,8.368,1.132,-3.635,
KASG,18,36,36.1764,-94.11925,187.368,0.835,6.532,1.176,2009.57
KASH,14,32,42.78175,-71.51475,122.449,-13.852,-3.699,-2.356,
KASJ,01,19,36.2975,-77.17075,1.113,-10.271,1.384,-1.779,
KASL,02,20,32.5219,-94.3078,21.96,1.033,0.927,-4.388,
KASL,15,33,32.5196,-94.3078,156.735,1.033,5.702,0.387,2018.43
KASN,04,22,33.5699,-86.0509,35.472,-4.488,-0.04,-5.442,
KAST,08,26,46.15905,-123.8785,95.363,14.833,0.53,-5.433,
KAST,14,32,46.15675,-123.879,155.665,14.833,0.832,-5.13,
KASW,09,27,41.27255,-85.8353,88.943,-5.405,4.348,0.05,
KASW,18,36,41.2779,-85.8472,179.221,-5.397,4.618,0.318,
KASX,02,20,46.54725,-90.921,20.997,-2.107,3.104,-1.499,
KASX,13,31,46.5505,-90.916,130.27,-2.112,2.381,-2.22,
KASY,15,33,46.02325,-99.35285,150.684,4.432,-3.748,-9.56,
KATA,05,23,33.1028,-94.1948,52.19,0.949,1.24,-4.091,
KATA,15,33,33.1018,-94.19535,155.89,0.949,4.941,-0.391,
KATL,08L,26R,33.6495,-84.42425,89.992,-5.575,15.566,10.317,
KATL,08R,26L,33.6468,-84.42195,89.991,-5.576,15.567,10.317,
KATL,09L,27R,33.6347,-84.42845,89.989,-5.57,5.56,0.308,2017.36
KATL,09R,27L,33.6318,-84.4332,89.992,-5.567,5.559,0.306,2017.38
KATL,10,28,33.6203,-84.4331,89.992,-5.566,-4.442,-9.696,
KATS,04,22,32.85215,-104.468,43.851,6.621,-2.77,-7.009,
KATS,13,31,32.85295,-104.4675,133.741,6.621,-2.881,-7.12,
KATW,03,21,44.25875,-88.51945,26.21,-3.749,-0.041,-4.412,
KATW,12,30,44.25725,-88.51855,116.232,-3.749,-0.019,-4.39,
KATY,12,30,44.91685,-97.15835,124.511,2.845,1.667,-3.91,
KATY,17,35,44.91115,-97.1511,180.427,2.839,7.588,2.012,1999.92
KAUG,08,26,44.319,-69.79355,62.489,-14.748,-2.763,0.028,
KAUG,17,35,44.32155,-69.79935,153.067,-14.747,-2.186,0.603,
KAUH,16,34,40.8941,-97.99455,168.514,3.414,5.099,-0.282,2025.22
KAUM,17,35,43.66265,-92.9329,172.086,-0.285,2.371,-2.809,
KAUN,07,25,38.9548,-121.0815,84.373,12.867,1.506,-2.535,
KAUO,11,29,32.61795,-85.4311,107.444,-4.814,2.258,-3.199,
KAUO,18,36,32.61295,-85.43615,181.021,-4.81,5.83,0.373,2014.83
KAUS,18L,36R,30.19145,-97.65755,178.602,3.04,-4.438,-9.322,
KAUS,18R,36L,30.19675,-97.67895,178.669,3.052,-4.382,-9.264,
KAUW,04,22,44.92575,-89.62045,44.029,-2.966,6.995,2.479,1995.79
KAUW,12,30,44.9263,-89.63055,124.962,-2.958,7.92,3.402,1987.07
KAVC,01,19,36.68825,-78.05445,357.637,-9.84,-2.523,-5.855,
KAVL,17,35,35.4362,-82.5418,159.917,-6.985,-3.098,-7.804,
KAVO,05,23,27.5897,-81.5292,45.313,-6.775,2.088,-3.627,
KAVO,10,28,27.59355,-81.5286,90.537,-6.776,-2.687,-8.402,
KAVP,04,22,41.33735,-75.72415,32.635,-11.76,4.395,3.363,
KAVP,10,28,41.34045,-75.72205,91.436,-11.761,3.197,2.167,
KAVQ,03,21,32.40715,-111.2185,45.518,9.194,6.324,2.843,2011.72
KAVQ,12,30,32.4109,-111.2185,136.909,9.195,7.715,4.234,1995.91
KAVX,04,22,33.40485,-118.416,53.854,11.263,2.59,-0.516,
KAWG,13,31,41.27615,-91.67345,134.704,-1.089,5.793,0.619,2013.63
KAWG,18,36,41.2741,-91.6767,183.146,-1.087,4.232,-0.942,
KAWM,17,35,35.13505,-90.23445,180.283,-1.761,12.044,6.603,1960.96
KAWO,11,29,48.1588,-122.163,125.848,14.988,0.859,-5.793,
KAWO,16,34,48.162,-122.1565,177.377,14.988,2.389,-4.264,
KAXA,12,30,43.0779,-94.27285,131.527,0.755,10.772,5.446,1972.77
KAXA,18,36,43.0783,-94.2707,187.519,0.753,6.765,1.44,2004.86
KAXH,09,27,29.5061,-95.47695,94.158,1.8,2.358,-2.767,
KAXN,04,22,45.86625,-95.3936,49.409,1.494,7.915,2.479,1995.48
KAXN,13,31,45.8663,-95.39555,139.192,1.495,7.697,2.26,1997.17
KAXS,17,35,34.69875,-99.3381,180.0,4.084,5.916,0.977,2016.36
KAXV,08,26,40.4934,-84.29895,76.524,-6.401,2.925,-1.181,
KAXX,17,35,36.422,-105.2895,181.896,7.328,4.568,0.041,
KAYS,01,19,31.2472,-82.39825,359.109,-6.629,-4.263,-9.601,
KAYS,05,23,31.24835,-82.39435,42.281,-6.631,-1.088,-6.425,
KAYS,13,31,31.2505,-82.392,128.447,-6.633,5.08,-0.257,2025.18
KAYX,03,21,35.39255,-86.08585,30.022,-4.628,4.651,-0.557,
KAZC,02,20,36.9598,-113.013,27.361,10.469,-3.108,-7.099,
KAZC,11,29,36.96005,-113.015,122.762,10.47,2.292,-1.699,
KAZE,14,32,31.8847,-82.6474,140.721,-6.539,7.26,1.98,1998.21
KAZO,05,23,42.23815,-85.5536,44.919,-5.729,0.648,-3.398,
KAZO,09,27,42.2339,-85.55295,89.997,-5.729,5.725,1.679,2006.32
KAZO,17,35,42.23365,-85.55015,171.168,-5.731,6.899,2.853,1992.94
KB16,10L,28R,43.08075,-76.5393,87.125,-11.654,-1.221,-1.92,
KB16,10R,28L,43.07965,-76.53715,87.754,-11.655,-0.591,-1.29,
KB19,06,24,43.4642,-70.4725,56.118,-14.351,10.47,12.57,
KB21,17,35,45.0861,-70.2161,151.788,-14.784,-3.428,-0.451,
KBAB,15,33,39.1361,-121.4365,162.017,12.967,-0.95,-5.024,
KBAD,15,33,32.50195,-93.66265,151.281,0.626,0.655,-4.711,
KBAF,02,20,42.15745,-72.71585,10.247,-13.27,3.517,4.073,
KBAF,15,33,42.1582,-72.7152,140.358,-13.271,3.629,4.185,
KBAK,05,23,39.26145,-85.8969,44.849,-5.136,-0.015,-4.669,
KBAK,14,32,39.26255,-85.89565,134.926,-5.137,0.063,-4.591,
KBAM,04,22,40.6004,-116.875,49.114,12.245,-3.131,-7.638,
KBAM,13,31,40.5977,-116.8735,139.54,12.245,-2.704,-7.211,
KBAX,04,22,43.78285,-82.98595,28.203,-7.789,-4.008,-6.927,
KBAX,17,35,43.7784,-82.9851,164.636,-7.789,2.424,-0.495,
KBAZ,17,35,29.70215,-98.0437,180.675,3.249,7.426,2.616,2003.49
KBBB,14,32,45.3319,-95.65055,143.296,1.71,1.586,-3.872,
KBBD,17,35,31.17895,-99.32465,180.385,3.968,6.417,1.688,2012.03
KBBG,14,32,36.53205,-93.20055,145.146,0.206,4.939,-0.441,
KBBP,07,25,34.62175,-79.73435,56.864,-8.623,-4.513,-8.791,
KBBW,14,32,41.43645,-99.6422,148.681,4.509,4.172,-1.22,
KBCE,03,21,37.7064,-112.1455,47.146,10.299,6.847,2.677,2007.66
KBCK,08,26,44.25075,-90.85525,80.397,-1.932,2.33,-2.509,
KBCT,05,23,26.3785,-80.1077,44.23,-7.495,1.725,-4.006,
KBDE,12,30,48.72845,-94.6122,120.69,0.707,-0.018,-5.32,
KBDG,17,35,37.58335,-109.483,180.0,9.294,0.706,-3.629,
KBDH,03,21,45.11575,-95.12385,35.298,1.317,3.981,-1.418,
KBDH,13,31,45.1177,-95.1323,129.576,1.323,-1.747,-7.147,
KBDJ,05,23,46.1358,-89.6495,46.196,-3.083,-0.721,-5.068,
KBDJ,16,34,46.13745,-89.6452,161.488,-3.087,4.575,0.228,
KBDL,06,24,41.94135,-72.68435,44.367,-13.243,-2.39,-1.91,
KBDL,15,33,41.93585,-72.6843,134.271,-13.242,-2.486,-2.009,
KBDN,17,35,44.09455,-121.2,180.0,13.939,-3.939,-9.261,
KBDQ,09,27,35.1334,-92.7135,89.996,-0.077,0.073,-5.337,
KBDR,06,24,41.16155,-73.12595,45.142,-12.924,-1.934,-1.957,
KBDR,11,29,41.16535,-73.1264,97.433,-12.924,0.358,0.337,
KBDU,08,26,40.0391,-105.226,89.995,7.65,2.346,-2.644,
KBEA,12,30,28.3619,-97.79105,130.89,3.106,7.785,3.009,2000.23
KBEA,18,36,28.3687,-97.79355,189.574,3.107,6.467,1.691,2011.84
KBEC,01,19,37.6945,-97.215,10.416,2.86,-2.444,-7.697,
KBED,05,23,42.469,-71.29115,37.232,-13.873,1.105,2.41,
KBED,11,29,42.4706,-71.2875,97.162,-13.875,1.037,2.344,
KBEH,14,32,42.12935,-86.42875,131.71,-5.075,-3.215,-7.486,
KBFA,17,35,45.1658,-84.92405,169.408,-6.617,6.025,2.852,1994.61
KBFD,05,23,41.80245,-78.63925,44.025,-10.255,4.28,2.276,
KBFD,14,32,41.8033,-78.64045,133.837,-10.255,4.092,2.088,
KBFE,02,20,33.17225,-102.193,27.526,5.552,1.975,-2.552,
KBFE,13,31,33.1749,-102.1925,132.553,5.551,-2.998,-7.526,
KBFF,05,23,41.8739,-103.597,68.599,6.934,11.665,6.34,1953.84
KBFF,12,30,41.8742,-103.5945,135.896,6.933,8.963,3.639,1988.46
KBFI,14L,32R,47.53361,-122.30375,150.207,14.877,-4.671,-11.096,
KBFI,14R,32L,47.52865,-122.30131,150.203,14.876,-4.673,-11.097,
KBFK,17,35,36.86365,-99.6186,180.0,4.325,5.675,0.62,2018.64
KBFL,12L,30R,35.4357,-119.0585,136.011,11.782,4.229,0.817,
KBFM,14,32,30.62315,-88.06985,138.854,-2.906,1.76,-3.916,
KBFM,18,36,30.6313,-88.0659,180.0,-2.909,2.909,-2.767,
KBFR,06,24,38.83765,-86.44355,57.669,-4.706,2.375,-2.432,
KBFR,13,31,38.8417,-86.4466,129.268,-4.704,3.972,-0.835,
KBGD,03,21,35.7001,-101.394,38.516,5.282,3.235,-1.582,
KBGD,17,35,35.70135,-101.3935,177.302,5.281,2.02,-2.796,
KBGE,09,27,30.97285,-84.6345,89.614,-5.178,4.792,-0.781,
KBGE,14,32,30.97025,-84.6396,138.443,-5.174,3.618,-1.955,
KBGF,18,36,35.17755,-86.06615,181.703,-4.622,6.325,1.095,2008.03
KBGM,10,28,42.2055,-75.9797,86.659,-11.783,-1.558,-2.367,
KBGM,16,34,42.21095,-75.97995,148.303,-11.784,0.087,-0.719,
KBGR,15,33,44.80745,-68.8281,134.22,-15.138,-0.642,2.796,
KBHB,04,22,44.45035,-68.36315,24.747,-15.185,-0.068,3.395,
KBHB,17,35,44.4487,-68.35935,150.573,-15.185,-4.242,-0.778,
KBHC,08,26,31.7138,-82.3938,74.894,-6.68,1.574,-3.698,
KBHM,18,36,33.56345,-86.7472,180.0,-4.021,4.021,-1.424,
KBID,10,28,41.1681,-71.57785,83.379,-13.535,-3.086,-2.447,
KBIE,14,32,40.3002,-96.7548,143.141,2.574,0.567,-4.8,
KBIE,18,36,40.3021,-96.75355,179.718,2.573,-2.855,-8.222,
KBIF,04,22,31.84955,-106.38,43.579,7.357,-3.777,-7.698,
KBIH,08,26,37.37355,-118.3645,90.368,12.003,-1.634,-5.427,
KBIH,12,30,37.3728,-118.364,135.46,12.003,3.457,-0.335,
KBIH,17,35,37.37305,-118.362,180.0,12.002,-2.002,-5.794,
KBIJ,05,23,31.3975,-84.8948,49.539,-5.05,4.59,-0.956,
KBIL,07,25,45.8085,-108.5475,83.78,9.983,3.797,-2.158,
KBIL,10L,28R,45.8074,-108.536,111.725,9.977,1.748,-4.207,
KBIL,10R,28L,45.80725,-108.556,111.707,9.987,1.72,-4.235,
KBIS,03,21,46.76965,-100.74,37.937,5.423,2.514,-3.477,
KBIS,13,31,46.7751,-100.75,137.178,5.43,1.748,-4.245,
KBIV,08,26,42.74285,-86.10735,79.579,-5.388,4.967,0.888,
KBIX,04,22,30.41045,-88.9244,35.351,-2.332,-2.317,-7.982,
KBJC,03,21,39.90995,-105.1145,33.62,7.58,-3.961,-8.939,
KBJC,12L,30R,39.90835,-105.115,124.753,7.58,-2.827,-7.805,
KBJC,12R,30L,39.9088,-105.1215,123.723,7.584,-3.861,-8.839,
KBJI,07,25,47.50905,-94.934,74.042,1.051,2.991,-2.385,
KBJI,13,31,47.5097,-94.9334,134.073,1.051,3.023,-2.353,
KBJJ,10,28,40.8748,-81.88825,89.994,-8.087,-1.919,-5.295,
KBKD,04,22,32.71905,-98.89185,44.694,3.771,0.924,-3.946,
KBKD,13,31,32.7183,-98.8927,134.18,3.771,0.408,-4.461,
KBKD,17,35,32.71775,-98.89095,179.649,3.77,5.879,1.01,2016.88
KBKE,08,26,44.83635,-117.807,96.513,13.309,3.204,-2.36,
KBKE,13,31,44.8368,-117.807,142.179,13.309,-1.131,-6.695,
KBKE,17,35,44.83885,-117.813,180.0,13.311,-3.311,-8.876,
KBKF,14,32,39.70175,-104.752,152.303,7.373,4.929,-0.044,
KBKL,06L,24R,41.5184,-81.6831,58.049,-8.316,6.365,3.225,1991.16
KBKL,06R,24L,41.5165,-81.68365,57.863,-8.315,6.178,3.038,1992.96
KBKN,17,35,36.7451,-97.3496,180.0,2.934,7.066,1.86,2005.81
KBKS,14,32,27.20535,-98.1229,149.551,3.28,6.271,1.603,2013.63
KBKT,04,22,37.07395,-77.9525,34.482,-9.947,4.429,1.232,
KBKV,09,27,28.47595,-82.4597,89.7,-6.3,5.999,0.31,2014.01
KBKW,01,19,37.79125,-81.12425,7.65,-8.163,5.813,1.893,2004.2
KBKW,10,28,37.7816,-81.12405,94.207,-8.162,2.369,-1.553,
KBKX,12,30,44.3052,-96.81395,128.944,2.599,6.345,0.821,2009.48
KBKX,17,35,44.30425,-96.8213,176.674,2.605,4.069,-1.456,
KBLF,05,23,37.29575,-81.20765,41.908,-8.049,-0.044,-4.096,
KBLH,08,26,33.61655,-114.717,90.303,10.42,-0.117,-3.476,
KBLH,17,35,33.62205,-114.717,180.0,10.421,-0.421,-3.781,
KBLI,16,34,48.7927,-122.5375,177.944,15.194,2.75,-4.145,
KBLM,03,21,40.1851,-74.12265,21.784,-12.329,4.113,3.305,
KBLM,14,32,40.18785,-74.12605,132.368,-12.328,4.696,3.888,
KBLU,15,33,39.27495,-120.71,170.097,12.862,7.235,3.118,2003.98
KBLV,14L,32R,38.54625,-89.8215,136.542,-2.265,-1.194,-6.407,
KBLV,14R,32L,38.54385,-89.8523,136.507,-2.242,-1.251,-6.466,
KBMG,06,24,39.1403,-86.61705,61.646,-4.613,6.259,1.469,2005.52
KBMG,17,35,39.14935,-86.61645,171.73,-4.614,6.344,1.556,2004.55
KBMI,02,20,40.4745,-88.9116,17.895,-3.074,0.969,-3.975,
KBMI,11,29,40.48035,-88.92115,107.901,-3.068,0.968,-3.976,
KBML,18,36,44.5744,-71.1764,164.365,-14.343,-1.292,1.016,
KBMQ,01,19,30.7389,-98.2386,16.068,3.367,2.701,-2.138,
KBMT,13,31,30.07075,-94.21585,132.06,1.037,1.023,-4.259,
KBNA,02C,20C,36.11375,-86.6838,18.059,-4.284,2.342,-2.841,
KBNA,02L,20R,36.12775,-86.68255,17.691,-4.286,1.977,-3.204,
KBNA,02R,20L,36.12315,-86.66345,17.86,-4.299,2.159,-3.021,
KBNA,13,31,36.1309,-86.6818,133.305,-4.287,7.591,2.41,1995.62
KBNG,08,26,33.92256,-116.85099,90.446,11.013,-0.567,-3.836,
KBNL,17,35,33.25795,-81.3844,160.515,-7.473,-2.012,-6.891,
KBNO,03,21,43.5927,-118.952,46.075,13.351,2.725,-2.475,
KBNO,12,30,43.5921,-118.957,133.918,13.352,0.566,-4.634,
KBNW,02,20,42.0509,-93.8495,25.272,0.482,4.791,-0.519,
KBNW,15,33,42.04865,-93.8463,149.293,0.479,-1.186,-6.496,
KBOI,10L,28R,43.5644,-116.22,115.127,12.617,2.51,-2.728,
KBOI,10R,28L,43.56435,-116.226,114.552,12.618,1.933,-3.305,
KBOS,04L,22R,42.36816,-71.00943,19.732,-13.954,-6.313,-4.93,2008.59
KBOS,04R,22L,42.36399,-71.00554,19.737,-13.955,-6.308,-4.925,2008.66
KBOS,09,27,42.358,-71.0003,76.749,-13.956,0.705,2.088,
KBOS,14,32,42.3526,-71.01575,125.546,-13.949,-0.505,0.869,
KBOS,15L,33R,42.3711,-71.0058,135.62,-13.956,-0.423,0.963,
KBOS,15R,33L,42.36445,-71.00475,135.278,-13.955,-0.767,0.617,
KBOW,05,23,27.9429,-81.7838,46.013,-6.658,2.672,-3.024,
KBOW,09L,27R,27.9449,-81.78285,87.498,-6.659,4.157,-1.539,
KBOW,09R,27L,27.9421,-81.7836,87.148,-6.658,3.806,-1.889,
KBPG,06,24,32.2086,-101.522,67.206,5.157,2.049,-2.481,
KBPG,17,35,32.2147,-101.5215,182.011,5.157,6.854,2.323,2008.08
KBPI,08,26,42.5765,-110.104,92.552,10.249,2.304,-2.884,
KBPI,13,31,42.5851,-110.111,146.774,10.253,6.521,1.332,2011.29
KBPK,05,23,36.36895,-92.47055,51.693,-0.287,1.98,-3.414,
KBPT,12,30,29.95055,-94.01865,120.788,0.921,-0.133,-5.433,
KBPT,16,34,29.95125,-94.02345,165.883,0.924,4.959,-0.34,
KBQK,07,25,31.2588,-81.4665,65.218,-7.207,2.425,-2.79,
KBQP,16,34,32.7561,-91.88055,163.56,-0.535,4.096,-1.382,
KBQR,09,27,42.9223,-78.61225,78.169,-10.465,-1.365,-2.967,
KBRD,05,23,46.3999,-94.13595,53.48,0.484,2.996,-2.258,
KBRD,12,30,46.39575,-94.1415,125.423,0.489,4.934,-0.321,
KBRD,16,34,46.4074,-94.13145,162.607,0.48,2.127,-3.126,
KBRL,12,30,40.7878,-91.1276,119.419,-1.463,0.882,-4.275,
KBRL,18,36,40.7796,-91.12385,179.765,-1.465,1.23,-3.926,
KBRO,13,31,25.90555,-97.4234,135.415,2.928,2.487,-2.216,
KBRO,18,36,25.90685,-97.42915,182.182,2.931,-0.749,-5.451,
KBRY,03,21,37.8143,-85.49965,21.329,-5.264,-3.408,-8.221,
KBST,15,33,44.4094,-69.01185,133.677,-14.999,-1.324,1.845,
KBTA,13,31,41.4148,-96.109,137.015,2.124,4.891,-0.508,
KBTF,17,35,40.8692,-111.927,180.0,10.716,-0.716,-5.477,
KBTL,05L,23R,42.3058,-85.2535,42.568,-5.955,-1.477,-5.434,
KBTL,13,31,42.3103,-85.2474,126.112,-5.96,2.072,-1.883,
KBTM,12,30,45.9546,-112.498,128.256,11.761,-3.505,-9.458,
KBTM,15,33,45.9549,-112.497,166.902,11.761,5.142,-0.812,2025.21
KBTN,01,19,45.8164,-97.74465,25.955,3.268,12.688,7.012,1930.66
KBTN,13,31,45.81455,-97.74235,134.715,3.266,1.448,-4.227,
KBTR,04L,22R,30.5326,-91.14855,43.441,-0.9,4.341,-1.21,
KBTR,04R,22L,30.5324,-91.14575,43.397,-0.902,4.298,-1.253,
KBTR,13,31,30.5341,-91.15285,133.446,-0.897,4.343,-1.207,
KBTV,01,19,44.4687,-73.15205,351.284,-13.55,-5.165,-3.786,2024.66
KBTV,15,33,44.47325,-73.15385,130.8,-13.551,-5.65,-4.269,2018.53
KBTY,16,34,36.86075,-116.787,180.0,11.532,8.468,4.705,1979.76
KBUF,05,23,42.9392,-78.7312,43.942,-10.398,4.34,2.698,
KBUF,14,32,42.94105,-78.73095,126.519,-10.399,-3.082,-4.723,
KBUM,18,36,38.2898,-94.34015,182.067,0.941,1.126,-4.228,
KBUR,08,26,34.19779,-118.35957,90.943,11.401,-0.457,-3.691,
KBUR,15,33,34.20312,-118.35794,167.085,11.401,5.684,2.448,2017.88
KBUU,01,19,42.68915,-88.30365,11.856,-3.739,5.595,1.029,2011.91
KBUU,11,29,42.6916,-88.3052,108.716,-3.738,2.454,-2.111,
KBVI,10,28,40.7725,-80.3914,93.717,-9.031,2.748,-0.19,
KBVN,15,33,41.72855,-98.0558,153.73,3.468,0.262,-5.167,
KBVO,17,35,36.76245,-96.01115,178.663,2.077,6.587,1.304,2009.44
KBVS,04,22,48.46635,-122.419,55.909,15.102,0.808,-5.962,
KBVS,11,29,48.47335,-122.422,126.63,15.104,1.527,-5.245,
KBVX,08,26,35.72455,-91.65115,79.854,-0.821,0.675,-4.744,
KBVX,18,36,35.72945,-91.6395,181.132,-0.829,1.961,-3.457,
KBVY,09,27,42.58155,-70.91655,74.365,-14.027,-1.608,-0.092,
KBVY,16,34,42.587,-70.91645,140.593,-14.028,-5.378,-3.86,2021.76
KBWC,08,26,32.99295,-115.517,89.515,10.523,-1.008,-4.222,
KBWD,13,31,31.7929,-98.9583,134.193,3.784,0.409,-4.4,
KBWD,17,35,31.7942,-98.955,179.37,3.783,5.587,0.778,2019.78
KBWG,03,21,36.96645,-86.41945,29.877,-4.544,4.421,-0.633,
KBWG,12,30,36.9614,-86.41995,119.918,-4.543,4.46,-0.594,
KBWI,10,28,39.17365,-76.67115,94.174,-10.931,5.105,2.962,1998.0
KBWI,15L,33R,39.1818,-76.65835,144.405,-10.938,5.343,3.207,1994.14
KBWI,15R,33L,39.1748,-76.6722,144.252,-10.93,5.182,3.039,1996.55
KBWP,03,21,46.24395,-96.60785,37.668,2.411,5.257,-0.333,2021.94
KBWP,15,33,46.2442,-96.6069,157.063,2.41,4.653,-0.936,
KBXK,17,35,33.42255,-112.6865,183.177,9.806,3.371,-0.114,
KBXM,01R,19L,43.89235,-69.93745,354.905,-14.612,-0.483,2.046,
KBYG,13,31,44.38105,-106.722,137.425,8.881,-1.456,-7.116,
KBYH,18,36,35.96435,-89.944,180.0,-2.011,2.011,-3.381,
KBYI,02,20,42.54215,-113.7695,36.795,11.65,5.145,0.095,2025.09
KBYI,06,24,42.5431,-113.7735,78.771,11.652,7.119,2.069,2006.91
KBYS,04,22,35.28325,-116.63,51.591,11.206,0.385,-3.114,
KBYS,13,31,35.279,-116.628,141.104,11.204,-0.1,-3.599,
KBYY,13,31,28.97325,-95.86345,133.794,2.033,1.761,-3.298,
KBZN,03,21,45.77138,-111.14884,45.739,11.175,4.564,-1.355,
KBZN,11,29,45.77653,-111.14525,135.772,11.174,14.598,8.677,
KBZN,11G,29G,45.77758,-111.14803,135.688,11.176,14.512,8.592,
KBZN,12,30,45.77925,-111.15419,135.752,11.179,4.573,-1.348,
KC02,05,23,42.61495,-88.3896,53.196,-3.666,6.863,2.27,1997.73
KC03,09,27,41.44615,-85.936,89.41,-5.353,4.764,0.475,
KC04,09,27,43.6417,-86.3292,75.524,-5.341,-9.135,-13.087,
KC04,15,33,43.6417,-86.32925,135.784,-5.341,-8.875,-12.827,
KC08,13,31,38.01115,-105.3725,147.419,7.524,9.896,5.184,1974.34
KC15,09,27,40.4882,-89.6759,89.151,-2.513,1.664,-3.371,
KC16,09,27,40.14505,-88.20035,89.477,-3.566,3.044,-1.843,
KC16,18,36,40.1474,-88.1964,179.094,-3.57,2.664,-2.222,
KC17,17,35,42.02975,-91.52915,173.79,-1.245,5.035,-0.078,2025.79
KC20,13,31,41.94965,-86.36705,131.124,-5.099,6.223,1.933,2001.82
KC24,07,25,37.8208,-106.931,83.398,8.237,5.161,0.596,2024.74
KC27,18,36,42.49355,-91.4985,180.0,-1.299,1.299,-3.779,
KC29,01,19,43.1149,-89.5281,7.725,-2.851,0.576,-4.157,
KC29,10,28,43.11395,-89.53325,99.998,-2.847,2.845,-1.889,
KC35,07,25,43.52605,-89.98315,68.877,-2.541,1.418,-3.346,
KC35,18,36,43.52515,-89.9823,180.622,-2.542,3.163,-1.6,
KC47,04,22,43.55985,-89.4825,43.256,-2.93,6.186,1.517,2005.04
KC47,17,35,43.5606,-89.4831,177.617,-2.929,10.546,5.877,1968.88
KC62,10,28,41.4727,-85.2608,91.901,-5.843,-2.256,-6.387,
KC65,10,28,41.3651,-86.30025,95.723,-5.079,0.802,-3.578,
KC71,17,35,31.296,-91.05285,170.133,-1.003,1.136,-4.409,
KC73,08,26,41.8334,-89.44745,80.305,-2.794,3.099,-1.768,
KC73,12,30,41.8341,-89.4445,121.308,-2.796,4.104,-0.763,
KC74,11,29,42.70415,-90.96455,118.107,-1.72,9.827,4.832,1977.02
KC75,13,31,41.01842,-89.3859,128.095,-2.77,0.865,-4.082,
KC75,18,36,41.0196,-89.3856,181.435,-2.77,4.205,-0.741,
KC77,09,27,42.3237,-88.8369,89.997,-3.299,3.296,-1.416,
KC77,12,30,42.32125,-88.83675,122.361,-3.299,5.66,0.948,2012.03
KC77,17,35,42.32435,-88.835,176.23,-3.301,9.531,4.819,1977.13
KC80,01,19,36.1624,-120.2985,21.465,12.167,-0.702,-4.201,
KC80,12,30,36.16315,-120.294,134.906,12.166,2.74,-0.76,
KC81,06,24,42.3251,-88.0741,57.947,-3.873,1.82,-2.755,
KC81,09,27,42.324,-88.07405,89.996,-3.873,3.869,-0.706,
KC83,05,23,37.82415,-121.6255,62.586,12.735,-0.15,-3.942,
KC83,12,30,37.8313,-121.6265,135.241,12.737,2.504,-1.29,
KC91,04,22,41.99135,-86.1229,39.553,-5.283,4.836,0.608,
KC91,09,27,41.9937,-86.13045,89.994,-5.277,5.272,1.042,2016.05
KCAD,07,25,44.27565,-85.4221,66.247,-6.107,2.354,-1.203,
KCAD,18,36,44.27465,-85.411,180.0,-6.115,6.115,2.561,1996.86
KCAE,05,23,33.93635,-81.1147,44.639,-7.714,2.353,-2.357,
KCAE,11,29,33.94115,-81.12405,104.42,-7.709,2.129,-2.582,
KCAG,07,25,40.49525,-107.522,82.9,8.822,4.078,-0.846,
KCAK,01,19,40.9176,-81.4408,2.501,-8.385,0.886,-2.343,
KCAK,05,23,40.91455,-81.4436,47.369,-8.383,5.752,2.521,1998.49
KCAO,02,20,36.44625,-103.1525,30.796,6.268,4.528,-0.194,
KCAO,12,30,36.446,-103.146,131.691,6.265,5.426,0.703,2021.57
KCAR,01,19,46.87355,-68.0167,347.006,-15.852,-7.142,-2.32,2010.49
KCAR,11,29,46.869,-68.02015,87.232,-15.85,-6.918,-2.099,2012.23
KCAV,14,32,42.74055,-93.7591,145.373,0.386,4.987,-0.303,
KCBE,05,23,39.61645,-78.75915,39.235,-9.843,-0.922,-3.66,
KCBF,14,32,41.25915,-95.7606,140.812,1.88,-1.068,-6.456,
KCBG,16,34,45.5575,-93.26415,162.384,-0.148,2.532,-2.61,
KCBK,04,22,39.4279,-101.0445,47.33,5.289,2.041,-3.123,
KCBK,12,30,39.42545,-101.0445,133.226,5.289,7.937,2.773,1999.13
KCBK,17,35,39.42825,-101.048,180.0,5.291,4.709,-0.455,
KCBM,13C,31C,33.64395,-88.4467,133.947,-2.881,6.828,1.327,2005.84
KCBM,13L,31R,33.6476,-88.44195,134.617,-2.884,7.501,2.0,1999.71
KCBM,13R,31L,33.64485,-88.45255,133.961,-2.877,6.838,1.336,2005.76
KCCA,13,31,35.5978,-92.4516,132.192,-0.27,2.463,-2.947,
KCCB,06,24,34.11161,-117.68741,69.125,11.239,-2.114,-5.368,
KCCO,15,33,33.31155,-84.76975,139.496,-5.315,-5.19,-10.516,
KCCR,01L,19R,37.98825,-122.0575,23.888,12.841,1.047,-2.771,
KCCR,01R,19L,37.9874,-122.0565,18.726,12.84,-4.114,-7.933,
KCCR,14L,32R,37.99085,-122.0555,153.892,12.841,1.051,-2.768,
KCCR,14R,32L,37.99245,-122.058,155.369,12.842,2.527,-1.292,
KCCY,04,22,43.07175,-92.60885,45.073,-0.496,5.569,0.399,2016.06
KCCY,12,30,43.0739,-92.6115,125.572,-0.494,6.066,0.896,2009.92
KCCY,17,35,43.0709,-92.6121,180.0,-0.493,10.493,5.323,1973.75
KCDA,02,20,44.56905,-72.01845,8.675,-14.03,2.705,4.637,
KCDC,02,20,37.7004,-113.0995,34.565,10.617,3.948,-0.162,
KCDC,08,26,37.70195,-113.098,96.735,10.617,6.118,2.008,2014.02
KCDH,01,19,33.6228,-92.7634,9.168,0.009,-0.841,-6.264,
KCDI,04,22,39.97505,-81.5776,33.135,-8.163,1.298,-2.218,
KCDK,05,23,29.13425,-83.05045,48.311,-6.001,4.312,-1.348,
KCDN,06,24,34.28345,-80.5649,51.772,-8.088,-0.139,-4.672,
KCDN,14,32,34.2838,-80.5648,134.973,-8.088,3.061,-1.471,
KCDR,03,21,42.83975,-103.0935,35.319,6.717,-1.397,-6.871,
KCDR,12,30,42.83465,-103.0975,125.808,6.719,-0.91,-6.382,
KCDS,04,22,34.43605,-100.291,44.928,4.611,0.317,-4.511,
KCDS,17,35,34.4321,-100.286,180.0,4.608,5.392,0.563,2021.94
KCDW,04,22,40.8732,-74.28225,29.659,-12.37,2.029,1.412,
KCDW,10,28,40.8777,-74.2802,83.281,-12.371,-4.347,-4.961,
KCEA,17,35,37.6486,-97.2506,180.0,2.882,7.118,1.868,2005.2
KCEC,11,29,41.7803,-124.235,131.887,13.948,7.939,3.251,1999.9
KCEC,17,35,41.78,-124.238,192.589,13.949,8.64,3.953,1991.37
KCEF,05,23,42.19065,-72.536,34.149,-13.349,-2.502,-1.855,
KCEF,15,33,42.19945,-72.5328,134.302,-13.352,-2.347,-1.694,
KCEK,13,31,40.6196,-96.9265,133.635,2.692,0.944,-4.434,
KCEK,17,35,40.6179,-96.92485,180.373,2.69,7.683,2.305,1999.98
KCEU,07,25,34.6719,-82.8868,67.749,-6.68,4.429,-0.466,
KCEV,04,22,39.69695,-85.1323,36.334,-5.723,2.057,-2.383,
KCEV,18,36,39.6985,-85.1306,179.507,-5.724,5.231,0.792,2019.24
KCEW,17,35,30.77885,-86.5221,170.961,-3.932,4.893,-0.771,
KCEY,05,23,36.6646,-88.3728,49.861,-3.155,3.016,-2.251,
KCEZ,03,21,37.303,-108.628,40.812,8.91,1.903,-2.457,
KCFD,15,33,30.71565,-96.33135,151.5,2.285,-0.785,-5.851,
KCFD,17,35,30.7166,-96.3339,180.0,2.286,7.714,2.648,2001.0
KCFS,06,24,43.45765,-83.44735,51.705,-7.413,-0.882,-4.043,
KCFS,13,31,43.461,-83.44195,120.365,-7.417,-2.218,-5.377,
KCFT,07,25,32.9529,-109.21,81.566,8.578,2.989,-0.751,
KCFV,04,22,37.09235,-95.5683,43.753,1.785,1.968,-3.342,
KCFV,17,35,37.09515,-95.57435,179.717,1.789,7.928,2.618,1997.97
KCGC,09,27,28.86725,-82.5713,90.451,-6.272,6.723,1.07,2006.32
KCGC,18,36,28.8686,-82.579,180.0,-6.267,6.267,0.613,2010.99
KCGE,16,34,38.53935,-76.0304,143.867,-11.167,-4.966,-7.078,
KCGF,06,24,41.56515,-81.48635,49.328,-8.452,-2.221,-5.285,
KCGI,02,20,37.2259,-89.57035,21.004,-2.354,3.358,-1.938,
KCGI,10,28,37.22495,-89.571,105.977,-2.353,8.33,3.035,1990.82
KCGS,15,33,38.9806,-76.92225,138.566,-10.77,-0.664,-2.959,
KCGZ,05,23,32.9549,-111.7665,60.346,9.449,0.897,-2.604,
KCHA,02,20,35.0324,-85.20395,16.743,-5.191,1.934,-3.225,
KCHA,15,33,35.03955,-85.20355,145.337,-5.192,0.529,-4.628,
KCHD,04L,22R,33.268,-111.8145,49.829,9.511,0.318,-3.219,
KCHD,04R,22L,33.27005,-111.808,49.211,9.509,-0.298,-3.836,
KCHK,03,21,35.0969,-97.9656,33.105,3.286,-0.181,-5.267,
KCHN,18,36,27.5149,-81.8805,180.0,-6.553,6.553,0.8,2008.6
KCHO,03,21,38.13865,-78.45285,22.193,-9.809,2.002,-1.061,
KCHQ,18,36,36.84215,-89.35965,180.565,-2.476,3.041,-2.271,
KCHS,03,21,32.89355,-80.0409,24.373,-8.245,2.618,-2.075,
KCHS,15,33,32.9026,-80.0402,147.34,-8.247,5.587,0.896,2014.16
KCHT,02,20,39.7819,-93.49675,25.933,0.309,5.625,0.291,2017.47
KCHT,14,32,39.78215,-93.49565,142.998,0.308,2.69,-2.644,
KCHU,13,31,43.5964,-91.50395,135.176,-1.376,6.552,1.553,2003.89
KCIC,13L,31R,39.7956,-121.8575,147.258,13.175,4.084,-0.132,
KCIC,13R,31L,39.7949,-121.86,146.54,13.175,3.365,-0.85,
KCID,09,27,41.8845,-91.7134,90.961,-1.097,2.059,-3.083,
KCID,13,31,41.885,-91.7072,135.94,-1.102,7.042,1.901,2001.01
KCII,05,23,47.82535,-112.166,66.488,11.94,4.548,-1.971,
KCII,15,33,47.83055,-112.1705,159.918,11.943,-2.025,-8.546,
KCIN,13,31,42.0462,-94.78865,136.713,1.169,5.544,0.181,2018.19
KCIR,02,20,37.0637,-89.2172,21.345,-2.591,3.936,-1.351,
KCIR,14,32,37.0645,-89.22155,140.347,-2.588,2.936,-2.352,
KCIU,09,27,46.255,-84.47445,89.993,-7.14,7.133,4.434,1980.32
KCIU,16,34,46.24785,-84.471,150.04,-7.141,-2.819,-5.519,
KCJR,04,22,38.52545,-77.85965,28.317,-10.196,-1.487,-4.245,
KCKA,17,35,36.7439,-98.12315,181.888,3.417,8.471,3.316,1992.58
KCKB,03,21,39.29665,-80.2281,22.86,-8.919,1.779,-1.518,
KCKC,10,28,47.83843,-90.38458,94.682,-2.701,-2.617,-6.904,
KCKF,06,24,31.99045,-83.77445,49.662,-5.832,-4.505,-9.895,
KCKF,10,28,31.9872,-83.77335,97.564,-5.833,3.397,-1.993,
KCKI,14,32,33.7172,-79.857,132.064,-8.447,0.511,-3.982,
KCKM,18,36,34.2997,-90.5123,182.573,-1.524,4.097,-1.381,
KCKN,13,31,47.8401,-96.6223,132.86,2.373,0.487,-5.177,
KCKN,17,35,47.8418,-96.62215,181.399,2.373,9.026,3.362,1986.38
KCKP,01,19,42.7334,-95.5565,10.795,1.71,-0.915,-6.322,
KCKP,18,36,42.73085,-95.55565,182.718,1.709,1.008,-4.399,
KCKV,05,23,36.62245,-87.41465,52.137,-3.821,5.958,0.762,2011.97
KCKV,17,35,36.6215,-87.41515,166.118,-3.821,-0.061,-5.257,
KCKZ,08,26,40.3892,-75.2905,69.762,-11.816,1.578,0.374,
KCLE,10,28,41.41655,-81.8433,93.307,-8.195,1.502,-1.715,
KCLE,6L,24R,41.40782,-81.86094,49.939,-8.182,-1.878,-5.103,
KCLI,04,22,44.61425,-88.7297,42.513,-3.627,6.141,1.778,2003.07
KCLI,09,27,44.61135,-88.72875,88.964,-3.628,2.592,-1.771,
KCLI,14,32,44.6134,-88.73225,136.787,-3.625,0.412,-3.951,
KCLK,13,31,35.5417,-98.93455,136.04,3.876,2.165,-2.862,
KCLK,17,35,35.5371,-98.9321,179.213,3.874,5.339,0.312,2022.48
KCLL,11,29,30.5892,-96.36505,108.919,2.305,-3.386,-8.443,
KCLL,17,35,30.5872,-96.36075,168.798,2.302,-3.505,-8.563,
KCLM,09,27,48.11885,-123.499,103.861,15.204,-1.344,-7.989,
KCLM,13,31,48.12285,-123.5015,148.009,15.206,2.803,-3.843,
KCLR,08,26,33.13135,-115.5215,90.611,10.548,0.063,-3.17,
KCLS,16,34,46.67705,-122.9825,177.125,14.808,2.317,-3.814,
KCLT,18C,36C,35.2137,-80.95195,175.964,-7.959,3.923,-0.509,
KCLT,18L,36R,35.2128,-80.9351,175.955,-7.969,3.924,-0.504,
KCLT,18R,36L,35.21295,-80.96635,175.912,-7.95,3.862,-0.572,
KCMA,07,25,34.21057,-119.09881,90.615,11.555,9.059,5.856,1951.74
KCMA,08,26,34.21375,-119.094,90.336,11.555,-1.219,-4.422,
KCMD,02,20,34.2687,-86.85805,16.395,-4.006,0.401,-4.986,
KCMH,10L,28R,40.0024,-82.8934,94.187,-7.299,1.486,-2.38,
KCMH,10R,28L,39.99455,-82.8909,94.33,-7.3,1.63,-2.238,
KCMI,04,22,40.03855,-88.27775,41.047,-3.5,4.548,-0.363,
KCMI,14L,32R,40.03945,-88.2756,135.681,-3.502,-0.817,-5.726,
KCMR,18,36,35.30225,-112.194,191.508,9.942,1.566,-2.223,
KCMX,07,25,47.1671,-88.48915,66.948,-4.157,1.104,-2.731,
KCMX,14,32,47.1695,-88.489,130.664,-4.157,-5.179,-9.014,
KCMY,11,29,43.95965,-90.73725,112.519,-1.998,4.517,-0.33,
KCNB,12,30,44.7295,-96.266,121.342,2.189,-0.847,-6.347,
KCNC,10,28,41.01965,-93.3564,102.063,0.161,1.902,-3.401,
KCNC,17,35,41.01955,-93.3644,180.0,0.167,9.833,4.53,1978.91
KCNH,11,29,43.37045,-72.3687,93.377,-13.642,-2.981,-1.753,
KCNK,12,30,39.5503,-97.65215,132.61,3.168,9.442,4.123,1982.48
KCNK,18,36,39.54905,-97.65325,179.556,3.168,-3.612,-8.931,
KCNM,03,21,32.3304,-104.2655,43.138,6.486,6.651,2.438,2009.57
KCNM,08,26,32.3423,-104.262,89.995,6.486,3.51,-0.705,
KCNM,14L,32R,32.346,-104.257,156.279,6.484,9.795,5.579,1969.58
KCNM,14R,32L,32.3357,-104.267,154.738,6.487,8.251,4.037,1989.68
KCNO,03,21,33.97545,-117.63612,44.422,11.202,3.22,-0.015,
KCNO,08L,26R,33.97578,-117.63876,89.429,11.203,-1.773,-5.008,
KCNO,08R,26L,33.97361,-117.63521,89.422,11.201,-1.78,-5.014,
KCNP,12,30,41.07745,-102.464,128.027,6.224,1.803,-3.464,
KCNU,18,36,37.6679,-95.48675,186.652,1.727,4.925,-0.399,
KCNW,17L,35R,31.6398,-97.0732,177.513,2.716,4.798,-0.221,
KCNW,17R,35L,31.63515,-97.0754,177.731,2.717,5.014,-0.004,2026.44
KCNY,03,21,38.75495,-109.755,40.051,9.563,0.488,-4.013,
KCOD,04,22,44.5202,-109.0235,52.346,10.039,2.307,-3.337,
KCOE,02,20,47.77285,-116.815,32.913,13.61,-0.696,-7.2,
KCOE,06,24,47.77535,-116.823,69.906,13.613,-3.706,-10.211,
KCOF,03,21,28.2328,-80.61025,19.772,-7.399,-2.829,-8.369,
KCOF,11,29,28.23985,-80.60935,106.384,-7.4,3.784,-1.754,
KCOI,11,29,28.3416,-80.6855,108.833,-7.366,6.199,0.665,2010.94
KCOM,15,33,31.84115,-99.40365,155.243,4.029,1.214,-3.545,
KCON,12,30,43.20655,-71.5011,105.168,-13.94,-0.892,0.644,
KCON,17,35,43.2007,-71.50295,155.139,-13.938,-0.922,0.61,
KCOQ,07,25,46.70235,-92.5011,72.867,-0.846,3.713,-1.226,
KCOQ,17,35,46.7002,-92.5055,179.289,-0.842,10.131,5.192,1974.86
KCOS,12,30,38.81515,-104.705,135.82,7.267,8.553,3.691,1990.88
KCOS,17L,35R,38.79755,-104.686,180.0,7.256,2.744,-2.117,
KCOS,17R,35L,38.80895,-104.716,180.0,7.272,2.728,-2.133,
KCOU,02,20,38.8135,-92.21955,21.362,-0.563,1.925,-3.396,
KCPC,06,24,34.2729,-78.715,42.118,-9.173,-8.709,-12.815,
KCPK,05,23,36.66565,-76.32065,36.95,-10.763,-2.287,-5.07,
KCPM,07L,25R,33.8902,-118.24382,89.658,11.318,8.339,5.149,1973.45
KCPM,07R,25L,33.88965,-118.24382,89.664,11.318,8.346,5.155,1973.33
KCPR,03,21,42.90345,-106.462,43.547,8.581,4.965,-0.42,
KCPR,17,35,42.90955,-106.4695,178.006,8.586,-0.58,-5.966,
KCPS,05,23,38.575,-90.16495,46.999,-2.02,-0.981,-6.216,
KCPS,12R,30L,38.5689,-90.1547,121.988,-2.027,4.015,-1.22,
KCPT,15,33,32.35375,-97.43375,159.422,2.93,6.492,1.482,2011.24
KCPU,13,31,38.1461,-120.6485,146.003,12.625,3.378,-0.5,
KCQA,08,26,40.48405,-84.5601,82.857,-6.217,9.074,4.907,1976.63
KCQB,17,35,35.7241,-96.8203,180.0,2.59,7.41,2.208,2003.05
KCQW,08,26,34.71285,-79.957,69.945,-8.502,-1.552,-5.863,
KCQX,06,24,41.6884,-69.9895,43.506,-14.17,-2.324,-0.79,
KCRE,05,23,33.81175,-78.7239,45.871,-9.114,4.985,0.775,
KCRG,05,23,30.3328,-81.51445,44.686,-7.078,1.764,-3.592,
KCRG,14,32,30.3399,-81.51445,135.305,-7.079,2.384,-2.972,
KCRP,13,31,27.7696,-97.5053,135.768,2.954,2.814,-1.971,
KCRP,17,35,27.77125,-97.49615,179.092,2.949,6.143,1.356,2014.75
KCRQ,06,24,33.12825,-117.28,79.465,10.967,8.498,5.374,1969.01
KCRS,02,20,32.029,-96.40455,22.044,2.323,-0.279,-5.385,
KCRS,14,32,32.0275,-96.39805,144.723,2.319,2.403,-2.703,
KCRT,05,23,33.17845,-91.8803,51.694,-0.554,2.248,-3.224,
KCRW,05,23,38.3755,-81.59365,47.03,-7.94,4.97,1.065,
KCRX,18,36,34.91495,-88.6035,173.638,-2.866,-3.496,-8.915,
KCRZ,18,36,40.9941,-94.755,181.164,1.171,-0.008,-5.368,
KCSB,15,33,40.3066,-100.162,155.742,4.794,0.947,-4.336,
KCSG,06,24,32.51685,-84.93615,53.906,-5.129,-0.965,-6.396,
KCSG,13,31,32.5154,-84.9436,126.831,-5.124,1.955,-3.476,
KCSM,17L,35R,35.33655,-99.198,180.0,4.024,5.976,0.985,2015.68
KCSM,17R,35L,35.34115,-99.20145,180.126,4.026,6.1,1.108,2014.5
KCSQ,04,22,41.02235,-94.36185,44.591,0.889,3.702,-1.645,
KCSQ,16,34,41.0211,-94.3638,165.019,0.89,4.129,-1.219,
KCSV,08,26,35.9513,-85.085,73.639,-5.361,-1.0,-6.023,
KCTB,05,23,48.6097,-112.3755,63.066,12.161,0.906,-5.875,
KCTB,14,32,48.607,-112.377,152.601,12.161,0.44,-6.34,
KCTJ,17,35,33.6319,-85.1523,163.817,-5.092,-1.091,-6.414,
KCTK,09,27,40.5707,-90.0758,89.996,-2.224,2.22,-2.85,
KCTK,18,36,40.56775,-90.07405,181.246,-2.225,3.471,-1.6,
KCTY,04,22,29.639,-83.10245,43.606,-6.021,9.626,4.019,1982.54
KCTY,13,31,29.63205,-83.107,133.65,-6.017,9.667,4.058,1982.27
KCUB,13,31,33.97045,-80.9952,127.043,-7.791,4.834,0.154,
KCUH,02,20,35.95065,-96.7725,28.075,2.562,5.513,0.3,2020.19
KCUH,08,26,35.9506,-96.7771,89.997,2.565,7.432,2.22,2002.81
KCUH,11,29,35.949,-96.77745,122.643,2.565,10.078,4.866,1976.95
KCUH,18,36,35.95015,-96.7692,179.329,2.56,-3.231,-8.444,
KCUL,18,36,38.0895,-88.12305,180.408,-3.444,3.853,-1.256,
KCUT,08,26,43.7331,-103.6195,83.999,7.094,-3.094,-8.69,
KCVG,09,27,39.04635,-84.67395,90.159,-5.968,6.127,1.662,2004.44
KCVG,18C,36C,39.0496,-84.66865,180.147,-5.972,6.119,1.655,2004.52
KCVG,18L,36R,39.04215,-84.64675,180.161,-5.986,6.147,1.687,2004.15
KCVG,18R,36L,39.0599,-84.68375,180.201,-5.963,6.164,1.699,2003.98
KCVH,06,24,36.89105,-121.408,71.44,12.511,-1.07,-4.68,
KCVH,13,31,36.89445,-121.4115,142.679,12.512,0.167,-3.443,
KCVK,04,22,36.26485,-91.56265,41.025,-0.907,1.932,-3.469,
KCVN,04,22,34.42655,-103.0785,46.246,6.08,0.166,-4.372,
KCVN,08,26,34.4196,-103.0815,89.997,6.081,3.916,-0.621,
KCVN,12,30,34.4265,-103.078,131.321,6.08,5.241,0.702,2023.74
KCVO,10,28,44.49977,-123.28421,111.983,14.388,-2.405,-7.845,
KCVO,17,35,44.49545,-123.2925,187.594,14.388,3.206,-2.232,
KCVS,04,22,34.38645,-103.32,45.577,6.198,-0.62,-5.129,
KCVS,13,31,34.3783,-103.3245,135.442,6.199,-0.757,-5.265,
KCVX,04,22,45.30485,-85.2694,45.483,-6.381,11.864,8.615,
KCVX,09,27,45.30475,-85.277,84.919,-6.376,1.295,-1.957,
KCWA,08,26,44.7822,-89.66115,77.306,-2.918,0.225,-4.32,
KCWA,17,35,44.77225,-89.67335,170.08,-2.908,2.988,-1.561,
KCWC,17,35,33.8606,-98.4904,180.0,3.57,6.43,1.456,2011.67
KCWF,15,33,30.2106,-93.1432,154.516,0.374,4.142,-1.249,
KCWI,03,21,41.8325,-90.3283,29.551,-2.133,1.683,-3.305,
KCWI,14,32,41.82905,-90.3303,144.895,-2.131,7.026,2.037,1999.67
KCWV,09,27,32.19505,-81.86955,88.735,-7.058,5.793,0.663,2013.49
KCXE,18,36,36.78835,-78.50155,174.572,-9.602,4.174,0.734,
KCXL,08,26,32.66745,-115.5175,91.339,10.467,0.873,-2.295,
KCXP,09,27,39.1922,-119.734,106.458,12.652,3.806,-0.313,
KCXY,08,26,40.2178,-76.85005,71.226,-10.996,2.222,0.355,
KCXY,12,30,40.2163,-76.85325,116.603,-10.994,7.597,5.728,1965.42
KCYO,01,19,39.516,-82.98215,3.325,-7.177,0.502,-3.496,
KCYS,09,27,41.1556,-104.8045,95.485,7.536,-2.052,-7.223,
KCYS,13,31,41.1557,-104.8185,135.321,7.544,-2.223,-7.393,
KCYW,17,35,39.38715,-97.1572,181.563,2.839,8.724,3.399,1989.44
KCZD,18,36,40.86935,-100.002,190.608,4.717,5.891,0.555,2015.85
KCZG,03,21,42.0785,-76.0963,23.785,-11.7,5.486,4.581,1981.03
KCZL,17,35,34.45545,-84.9392,167.817,-5.313,3.13,-2.073,
KCZT,13,31,28.52225,-99.8236,133.841,4.161,-0.32,-4.82,
KD00,15,33,47.26045,-96.40025,154.068,2.221,1.847,-3.758,
KD02,17,35,43.2925,-92.7961,180.0,-0.367,10.367,5.186,1974.85
KD05,03,21,47.65665,-101.4365,37.8,5.936,1.864,-4.311,
KD05,13,31,47.655,-101.4365,142.052,5.936,6.116,-0.059,2012.8
KD07,13,31,45.03635,-102.02,142.669,6.198,6.471,0.68,2010.47
KD09,03,21,48.8315,-100.419,29.842,5.248,-5.407,-11.68,
KD09,13,31,48.8298,-100.4165,134.773,5.246,-0.474,-6.746,
KD11,05,23,43.72,-85.0028,44.837,-6.335,1.171,-2.397,
KD14,14,32,47.5519,-96.292,143.539,2.125,1.414,-4.187,
KD17,04,22,38.7575,-108.1475,50.899,8.89,2.009,-2.601,
KD17,13,31,38.75825,-108.1525,137.692,8.893,-1.201,-5.81,
KD25,04,22,46.11855,-89.88,43.897,-2.896,6.793,2.385,1996.62
KD25,14,32,46.1216,-89.88425,140.715,-2.893,3.608,-0.8,
KD31,09,27,48.28525,-99.40225,101.866,4.492,7.374,1.296,2002.55
KD37,04,22,48.19135,-96.7117,51.287,2.431,8.856,3.16,1987.95
KD37,12,30,48.19085,-96.7107,130.454,2.43,8.024,2.328,1995.56
KD39,08,26,45.70875,-94.9337,90.976,1.146,9.83,4.452,1979.13
KD39,14,32,45.70505,-94.93325,150.797,1.146,9.652,4.274,1980.19
KD42,13,31,44.23105,-94.99895,132.088,1.256,0.833,-4.55,
KD50,03,21,48.92765,-103.295,44.84,7.261,7.579,1.018,2003.67
KD50,12,30,48.9285,-103.2975,135.588,7.263,8.325,1.764,1999.35
KD54,18,36,46.8996,-96.9186,180.0,2.631,-2.631,-8.289,
KD55,14,32,48.75515,-98.3928,140.348,3.727,-3.379,-9.379,
KD56,17,35,47.4781,-97.3283,180.0,2.932,7.068,1.324,2003.14
KD57,11,29,46.8143,-101.865,117.484,6.19,1.294,-4.767,
KD60,03,21,48.381,-102.898,38.93,6.964,1.966,-4.447,
KD60,12,30,48.3802,-102.898,132.004,6.964,5.04,-1.374,2026.11
KD64,13,31,48.91335,-101.0335,142.879,5.695,7.183,0.829,2004.78
KD68,03,21,34.13035,-109.3115,43.41,8.767,4.642,0.769,
KD68,11,29,34.13255,-109.305,127.66,8.765,8.895,5.02,1975.78
KD73,03,21,33.7815,-83.69355,31.675,-6.065,7.741,2.595,1993.48
KD74,16,34,38.84845,-75.61245,160.958,-11.421,12.379,10.521,
KD83,13,31,39.01265,-123.3825,141.625,13.254,-1.628,-5.653,
KD86,13,31,36.4486,-119.319,143.715,12.03,1.685,-1.899,
KD95,09,27,43.0653,-83.2708,89.998,-7.476,7.473,4.26,1981.56
KD98,18,36,42.79635,-82.97425,177.284,-7.64,4.925,1.732,
KDAA,14,32,38.7151,-77.18115,133.418,-10.593,4.011,1.542,
KDAB,07L,25R,29.17865,-81.06285,65.236,-7.229,2.465,-2.998,
KDAB,07R,25L,29.17785,-81.0523,64.902,-7.235,2.138,-3.324,
KDAB,16,34,29.1833,-81.05265,157.165,-7.236,4.401,-1.06,
KDAF,18,36,44.0334,-90.08515,179.446,-2.511,1.957,-2.767,
KDAG,04,22,34.8565,-116.7865,49.975,11.166,-1.191,-4.612,
KDAG,08,26,34.8515,-116.787,89.994,11.166,-1.172,-4.592,
KDAL,13L,31R,32.84965,-96.84795,135.69,2.589,3.101,-1.99,
KDAL,13R,31L,32.84265,-96.85345,135.545,2.592,2.953,-2.138,
KDAN,02,20,36.5715,-79.3384,16.216,-9.092,5.308,1.575,2013.08
KDAN,13,31,36.57505,-79.33245,124.66,-9.096,3.756,0.025,
KDAW,15,33,43.2841,-70.92925,131.1,-14.16,-4.74,-2.92,
KDAY,06L,24R,39.9036,-84.23005,55.304,-6.376,1.68,-2.53,
KDAY,06R,24L,39.89645,-84.21215,55.37,-6.387,1.757,-2.449,
KDAY,18,36,39.90565,-84.2117,178.497,-6.389,4.886,0.681,
KDBN,02,20,32.5652,-82.98215,16.425,-6.398,2.822,-2.404,
KDBN,14,32,32.56345,-82.989,136.234,-6.393,2.627,-2.601,
KDBQ,13,31,42.403,-90.707,134.999,-1.892,6.89,1.904,2000.86
KDBQ,18,36,42.40095,-90.712,180.0,-1.888,1.888,-3.1,
KDCA,01,19,38.8518,-77.03775,355.482,-10.69,-3.828,-6.204,
KDCA,04,22,38.84835,-77.03705,25.856,-10.689,-3.454,-5.832,
KDCA,15,33,38.856,-77.03825,142.707,-10.69,3.397,1.022,
KDCM,05,23,34.7884,-81.1929,54.515,-7.762,12.277,7.712,1914.61
KDCM,17,35,34.79025,-81.19865,167.92,-7.758,5.679,1.113,2011.7
KDCU,18,36,34.65405,-86.9452,180.0,-3.979,3.979,-1.377,
KDCY,18,36,38.70045,-87.1297,180.0,-4.205,4.205,-0.717,
KDDC,02,20,37.7608,-99.96345,32.592,4.566,8.025,2.932,1997.97
KDDC,14,32,37.7647,-99.96675,153.884,4.568,9.315,4.222,1982.39
KDDH,13,31,42.8913,-73.2464,118.142,-13.188,1.33,1.966,
KDEC,06,24,39.8331,-88.86155,58.98,-3.057,2.036,-2.97,
KDEC,12,30,39.83675,-88.8642,119.105,-3.055,2.16,-2.846,
KDEC,18,36,39.8342,-88.87425,179.1,-3.048,2.147,-2.86,
KDED,05,23,29.0648,-81.28305,48.681,-7.084,5.765,0.261,2015.83
KDED,12,30,29.06865,-81.28425,117.07,-7.083,4.153,-1.351,
KDEH,11,29,43.2755,-91.73935,114.674,-1.171,5.846,0.792,2011.6
KDEN,07,25,39.8408,-104.7055,90.336,7.362,12.973,7.979,
KDEN,08,26,39.8774,-104.6405,90.679,7.332,3.347,-1.656,
KDEN,16L,34R,39.88055,-104.687,180.0,7.356,12.644,7.643,
KDEN,16R,34L,39.87385,-104.6965,181.005,7.361,13.645,8.645,
KDEN,17L,35R,39.8485,-104.6415,181.338,7.329,4.008,-0.991,
KDEN,17R,35L,39.84475,-104.6605,181.342,7.339,4.003,-0.995,
KDEQ,08,26,34.047,-94.3994,83.319,1.061,2.258,-3.07,
KDET,15,33,42.4124,-83.0106,143.457,-7.557,1.014,-2.294,
KDEW,04,22,47.96425,-117.4235,59.803,13.829,5.974,-0.597,2017.11
KDEW,16,34,47.96855,-117.431,180.0,13.832,6.168,-0.404,2015.22
KDFI,12,30,41.3375,-84.4288,114.779,-6.417,1.196,-2.762,
KDFW,13L,31R,32.9038,-97.01115,135.224,2.686,2.538,-2.54,
KDFW,13R,31L,32.89995,-97.0732,139.12,2.723,6.397,1.326,2012.0
KDFW,17C,35C,32.8973,-97.0261,180.261,2.695,7.566,2.49,2002.11
KDFW,17L,35R,32.88665,-97.00985,180.206,2.685,7.521,2.444,2002.5
KDFW,17R,35L,32.8973,-97.03,180.261,2.697,7.563,2.488,2002.13
KDFW,18L,36R,32.8974,-97.0508,180.271,2.71,-2.439,-7.512,
KDFW,18R,36L,32.8974,-97.0547,180.261,2.712,-2.451,-7.524,
KDGL,03,21,31.34135,-109.5035,36.202,8.477,-2.275,-5.799,
KDGL,18,36,31.34135,-109.507,188.819,8.478,0.341,-3.182,
KDGW,05,23,42.80065,-105.3905,67.825,8.008,9.818,4.415,1980.15
KDGW,11,29,42.7946,-105.3825,118.505,8.003,0.502,-4.9,
KDHN,14,32,31.32235,-85.452,135.022,-4.68,-0.298,-5.882,
KDHN,18,36,31.31965,-85.4456,180.0,-4.684,4.684,-0.899,
KDHT,03,21,36.02285,-102.5485,43.569,5.922,7.647,2.91,2001.37
KDHT,17,35,36.0223,-102.546,180.0,5.92,4.08,-0.658,
KDIJ,04,22,43.74245,-111.0975,48.863,10.839,-1.976,-7.388,
KDIK,07,25,46.79735,-102.8025,79.994,6.805,3.188,-2.912,
KDIK,14,32,46.7973,-102.8015,149.569,6.805,2.764,-3.336,
KDKB,02,20,41.93645,-88.7026,19.366,-3.362,2.729,-2.011,
KDKB,09,27,41.929,-88.71105,89.995,-3.355,3.35,-1.391,
KDKK,15,33,42.49345,-79.27215,139.152,-9.996,-0.852,-2.857,
KDKR,02,20,31.30695,-95.40385,21.393,1.729,-0.336,-5.523,
KDKX,08,26,35.96385,-83.8737,74.916,-6.173,1.089,-3.757,
KDLC,07,25,34.44905,-79.3686,63.609,-8.818,2.427,-1.802,
KDLF,13C,31C,29.3588,-100.778,134.792,4.659,0.133,-4.289,
KDLF,13L,31R,29.36005,-100.775,135.949,4.658,1.291,-3.131,
KDLF,13R,31L,29.3597,-100.7815,136.97,4.661,2.309,-2.113,
KDLH,03,21,46.84245,-92.18225,31.551,-1.117,2.667,-2.193,
KDLH,09,27,46.84195,-92.20005,92.249,-1.102,3.351,-1.513,
KDLL,01,19,43.5227,-89.77025,8.596,-2.705,1.3,-3.426,
KDLL,14,32,43.52065,-89.7721,135.311,-2.703,-1.986,-6.713,
KDLN,04,22,45.252,-112.553,47.819,11.665,-3.846,-9.605,
KDLN,17,35,45.2572,-112.552,180.0,11.666,-1.666,-7.426,
KDLO,15,33,35.7456,-119.2365,158.391,11.878,-3.486,-6.946,
KDLS,07,25,45.62105,-121.169,87.728,14.253,3.474,-2.307,
KDLS,13,31,45.6178,-121.1675,145.912,14.252,1.66,-4.121,
KDLZ,10,28,40.2797,-83.1148,98.336,-7.186,5.522,1.662,2008.4
KDMA,12,30,32.16645,-110.883,137.336,9.051,8.285,4.803,1978.49
KDMN,04,22,32.26145,-107.724,50.8,7.936,2.864,-0.951,
KDMO,05,23,38.7045,-93.181,54.43,0.122,4.308,-1.039,
KDMO,18,36,38.70795,-93.1727,181.769,0.116,1.653,-3.694,
KDMW,16,34,39.60825,-77.0077,148.043,-10.818,-1.14,-3.266,
KDNL,05,23,33.4647,-82.03895,44.975,-7.089,2.063,-2.891,
KDNL,11,29,33.46845,-82.03985,104.059,-7.089,1.148,-3.806,
KDNN,14,32,34.72295,-84.87025,137.071,-5.384,2.456,-2.705,
KDNS,12,30,41.98575,-95.3795,124.181,1.597,2.584,-2.805,
KDNV,03,21,40.201,-87.59435,29.208,-4.013,3.221,-1.571,
KDNV,16,34,40.1978,-87.59725,164.245,-4.011,8.256,3.463,1986.84
KDOV,01,19,39.13035,-75.46365,3.219,-11.536,4.755,3.047,
KDOV,14,32,39.12895,-75.46765,125.758,-11.534,-2.709,-4.419,
KDPA,02L,20R,41.9041,-88.25015,13.912,-3.698,-2.39,-7.057,
KDPA,02R,20L,41.90195,-88.24706,14.011,-3.7,-2.289,-6.955,
KDPA,10,28,41.9128,-88.2498,96.141,-3.699,-0.16,-4.825,
KDPA,15,33,41.91529,-88.2424,147.525,-3.705,1.23,-3.434,
KDPL,05,23,35.00005,-77.9817,36.138,-9.67,-4.192,-7.931,
KDQH,04,22,31.4767,-82.8605,36.995,-6.362,3.357,-2.003,
KDRA,02,20,36.6197,-116.032,33.57,11.294,2.277,-1.481,
KDRI,14,32,30.8334,-93.3428,134.688,0.476,-5.788,-11.166,
KDRI,18,36,30.83045,-93.3377,179.35,0.473,-1.123,-6.501,
KDRM,01,19,46.0104,-83.7404,352.089,-7.638,-10.273,-12.775,
KDRM,08,26,46.00865,-83.7464,72.473,-7.633,0.106,-2.399,
KDRO,03,21,37.15155,-107.7535,37.104,8.522,-1.419,-5.827,
KDRT,13,31,29.3742,-100.927,141.883,4.733,7.15,2.747,2005.56
KDSM,05,23,41.53065,-93.66385,53.935,0.366,3.57,-1.739,
KDSM,13,31,41.5373,-93.66235,132.272,0.364,1.908,-3.4,
KDSV,14,32,42.57055,-77.7133,128.181,-10.919,-0.899,-2.274,
KDTA,12,30,39.3779,-112.513,131.524,10.69,0.833,-3.611,
KDTA,17,35,39.3836,-112.502,180.0,10.688,-0.688,-5.133,
KDTL,14,32,46.82485,-95.88385,140.267,1.835,-1.569,-7.087,
KDTL,17,35,46.82595,-95.8898,180.0,1.84,8.16,2.641,1993.5
KDTN,14,32,32.54065,-93.7452,140.536,0.677,-0.141,-5.5,
KDTO,18L,36R,33.20075,-97.198,181.158,2.8,-1.641,-6.712,
KDTS,14,32,30.40005,-86.47145,142.339,-3.932,6.271,0.581,2011.85
KDTW,03L,21R,42.21805,-83.34365,28.699,-7.298,5.997,2.54,1997.44
KDTW,03R,21L,42.20765,-83.34295,28.629,-7.297,5.925,2.466,1998.29
KDTW,04L,22R,42.2142,-83.37515,28.729,-7.276,-3.995,-7.462,
KDTW,04R,22L,42.21675,-83.36065,28.711,-7.286,-4.003,-7.466,
KDTW,09L,27R,42.21725,-83.3471,88.793,-7.295,6.088,2.63,1996.38
KDTW,09R,27L,42.19925,-83.34605,88.76,-7.294,6.053,2.59,1996.83
KDUA,17,35,33.9397,-96.39506,180.345,2.318,8.027,2.855,1997.7
KDUC,17,35,34.47085,-97.95985,179.228,3.271,5.957,0.902,2015.88
KDUG,08,26,31.47405,-109.603,90.41,8.528,1.882,-1.646,
KDUG,17,35,31.46425,-109.604,180.0,8.527,1.473,-2.054,
KDUH,09,27,41.7359,-83.6554,86.666,-7.013,3.679,0.014,
KDUJ,07,25,41.1783,-78.8987,62.496,-10.001,2.497,0.193,
KDUX,01,19,35.85705,-102.0135,22.283,5.626,6.657,1.885,2009.64
KDUX,14,32,35.85945,-102.0125,151.522,5.626,5.896,1.124,2016.58
KDVK,13,31,37.57625,-84.76775,121.24,-5.742,-3.018,-7.75,
KDVL,03,21,48.1138,-98.9105,44.678,4.125,10.553,4.554,1978.4
KDVL,13,31,48.1148,-98.90725,137.906,4.123,3.783,-2.215,
KDVN,03,21,41.61225,-90.58835,29.967,-1.921,1.888,-3.151,
KDVN,15,33,41.60885,-90.5883,149.694,-1.921,1.615,-3.425,
KDVO,13,31,38.1436,-122.556,148.725,12.952,5.773,1.929,2017.1
KDVP,17,35,43.9865,-95.7822,183.278,1.847,11.431,5.987,1967.62
KDVT,07L,25R,33.6896,-112.082,86.099,9.659,6.439,2.869,2010.61
KDVT,07R,25L,33.6876,-112.0825,85.932,9.659,6.273,2.703,2012.24
KDWA,16,34,38.579,-121.857,180.0,12.927,7.073,3.126,2004.92
KDWH,17L,35R,30.05845,-95.5516,172.713,1.835,0.878,-4.255,
KDWH,17R,35L,30.06375,-95.5534,172.733,1.836,0.897,-4.237,
KDWU,10,28,38.5545,-82.738,98.215,-7.219,5.434,1.288,2012.69
KDXE,18,36,36.7775,-89.94115,181.843,-2.064,3.907,-1.436,
KDXR,08,26,41.3708,-73.4832,69.849,-12.808,2.657,2.567,
KDXR,17,35,41.37255,-73.48075,153.504,-12.81,-3.686,-3.775,
KDXX,09,27,44.9859,-96.17645,89.996,2.116,-2.121,-7.621,
KDXX,14,32,44.9865,-96.179,140.253,2.118,-1.865,-7.366,
KDYA,04,22,32.46385,-87.9541,42.725,-3.124,5.849,0.279,2015.71
KDYL,05,23,40.3332,-75.12235,36.179,-11.888,-1.933,-3.09,
KDYR,04,22,35.99635,-89.40765,40.486,-2.385,2.872,-2.501,
KDYR,16,34,36.00025,-89.4051,161.981,-2.387,4.368,-1.005,
KDYS,16,34,32.4208,-99.8546,168.923,4.292,4.631,-0.111,
KDZB,17,35,30.52705,-98.35875,180.917,3.43,7.487,2.675,2002.89
KE01,01,19,31.58245,-102.9095,18.933,5.802,3.131,-1.18,
KE01,12,30,31.5825,-102.9085,126.619,5.801,0.818,-3.494,
KE05,11,29,32.66025,-107.1955,111.349,7.772,-6.423,-10.338,
KE06,03,21,32.95455,-103.4075,43.128,6.134,6.994,2.625,2006.72
KE06,12,30,32.9531,-103.4105,139.851,6.135,13.716,9.347,
KE11,11,29,32.32875,-102.5265,120.512,5.665,4.847,0.428,
KE11,16,34,32.3324,-102.5315,164.595,5.667,-1.072,-5.491,
KE13,08,26,31.415,-102.3665,89.998,5.531,4.467,0.102,
KE13,12,30,31.4182,-102.3675,129.652,5.532,4.12,-0.246,
KE13,15,33,31.41945,-102.3645,163.884,5.531,8.354,3.988,1989.39
KE14,16,34,36.025,-106.046,166.377,7.64,-1.263,-5.675,
KE16,14,32,37.0816,-121.597,157.666,12.581,5.085,1.443,2025.6
KE19,02,20,36.23375,-101.432,30.262,5.333,4.93,0.072,
KE24,01,19,33.8125,-109.987,29.08,8.971,10.109,6.338,1945.2
KE26,01,19,32.13335,-103.1545,19.071,5.955,3.117,-1.211,
KE26,09,27,32.13125,-103.155,100.822,5.955,4.867,0.539,
KE30,17,35,31.6745,-99.977,180.0,4.332,5.668,0.989,2018.99
KE34,01,19,34.9115,-100.8695,19.564,4.952,4.611,-0.194,
KE35,08,26,31.5157,-106.1475,88.966,7.228,1.738,-2.177,
KE35,16,34,31.51445,-106.149,180.0,7.229,12.771,8.857,
KE38,01,19,30.383,-103.683,24.514,6.077,8.437,4.323,1985.2
KE38,05,23,30.38565,-103.684,61.825,6.078,5.747,1.633,2018.13
KE41,09,27,31.1959,-101.4745,97.238,5.082,2.156,-2.304,
KE42,02,20,36.221,-101.1945,31.269,5.201,6.068,1.191,2014.8
KE45,09,27,37.86165,-120.1785,111.85,12.479,9.372,5.54,1962.14
KE48,06,24,31.1218,-102.2245,65.064,5.446,-0.382,-4.742,
KE48,10,28,31.12515,-102.225,111.651,5.446,6.205,1.845,2013.81
KE48,15,33,31.12485,-102.2245,156.094,5.446,0.648,-3.713,
KE51,05,23,34.59585,-113.17,62.986,10.138,2.848,-0.765,
KE52,17,35,35.232,-102.399,180.0,5.789,4.211,-0.469,
KE57,04,22,32.97165,-102.8455,43.123,5.863,-2.74,-7.176,
KE57,08,26,32.975,-102.8435,89.996,5.862,4.134,-0.302,
KE60,02,20,32.80695,-111.587,39.151,9.37,9.781,6.283,1943.93
KE63,04,22,32.95805,-112.6785,58.664,9.732,8.932,5.509,1967.24
KE67,08,26,33.04755,-110.9095,91.836,9.184,2.653,-0.937,
KE77,11,29,32.6364,-110.6475,125.347,9.038,6.309,2.746,2011.98
KE78,04,22,31.93285,-111.8945,52.26,9.338,2.921,-0.439,
KE80,03,21,34.6452,-106.8335,44.096,7.84,6.256,2.081,2013.06
KE80,13,31,34.64671,-106.83964,134.984,7.842,-2.858,-7.033,
KE89,09,27,35.3667,-104.188,99.53,6.702,2.828,-1.689,
KE91,18,36,36.1109,-109.5755,192.318,9.13,3.188,-0.926,
KE95,10,28,31.9997,-110.3575,109.856,8.854,1.003,-2.511,
KE98,18,36,34.7596,-106.745,187.83,7.814,0.016,-4.181,
KEAG,01,19,42.70935,-93.9155,18.141,0.504,7.637,2.334,1997.56
KEAG,13,31,42.7101,-93.9166,136.536,0.505,6.032,0.729,2011.55
KEAN,08,26,42.0555,-104.9285,89.267,7.687,1.58,-3.72,
KEAR,13,31,40.7275,-99.00365,141.325,4.074,7.25,1.898,2004.1
KEAR,18,36,40.72675,-99.00875,187.402,4.078,3.325,-2.027,
KEAU,04,22,44.86715,-91.48165,45.023,-1.497,6.519,1.628,2003.06
KEAU,14,32,44.86365,-91.48845,138.758,-1.491,0.248,-4.644,
KEBG,14,32,26.44165,-98.1222,143.866,3.282,0.584,-4.042,
KEBS,05,23,42.4375,-93.8685,47.645,0.48,-2.836,-8.14,
KEBS,14,32,42.43605,-93.8689,143.787,0.48,3.306,-1.998,
KECG,10,28,36.2609,-76.17195,92.294,-10.787,3.081,0.231,
KECS,14,32,43.88535,-104.316,143.426,7.511,-4.086,-9.696,
KECU,14,32,29.9469,-100.174,142.848,4.377,-1.528,-6.071,
KEDC,13,31,30.3981,-97.5663,131.379,2.99,-1.611,-6.516,
KEDC,16,34,30.39505,-97.5668,165.79,2.99,2.8,-2.105,
KEDE,01,19,36.0286,-76.5698,0.0,-10.553,0.553,-2.492,
KEDJ,07,25,40.3723,-83.819,69.515,-6.718,6.233,2.217,1999.25
KEDN,05,23,31.2997,-85.89985,52.173,-4.386,6.559,0.953,2008.33
KEDU,17,35,38.53145,-121.7865,185.156,12.906,2.25,-1.687,
KEDW,05L,23R,34.91142,-117.8878,58.223,11.432,-3.209,-6.582,
KEDW,05R,23L,34.90671,-117.88119,58.22,11.43,-3.21,-6.583,
KEDW,07,25,34.8971,-117.869,77.355,11.425,-4.07,-7.442,
KEED,02,20,34.76945,-114.6195,29.774,10.588,-0.815,-4.352,
KEED,11,29,34.76375,-114.6265,118.43,10.589,-2.159,-5.695,
KEEN,02,20,42.8958,-72.27025,3.21,-13.587,-3.203,-2.14,
KEEN,14,32,42.9024,-72.27165,127.021,-13.588,0.609,1.674,
KEEO,03,21,40.0488,-107.886,37.942,8.935,-0.993,-5.823,
KEET,16,34,33.17775,-86.78325,157.353,-3.964,1.317,-4.164,
KEFC,14,32,44.7342,-103.862,152.611,7.316,5.295,-0.462,2023.0
KEFC,18,36,44.73485,-103.8615,192.426,7.316,5.11,-0.647,2025.31
KEFD,17L,35R,29.61215,-95.15605,178.827,1.61,7.217,2.051,2005.51
KEFD,17R,35L,29.60595,-95.1641,178.794,1.615,7.179,2.014,2005.82
KEFK,05,23,44.8895,-72.2311,29.369,-14.018,-6.613,-4.623,2007.82
KEFT,02,20,42.61415,-89.5934,21.919,-2.754,4.673,-0.129,
KEFT,12,30,42.6152,-89.5889,121.675,-2.758,4.433,-0.369,
KEFW,18,36,42.01035,-94.3405,190.83,0.843,9.987,4.647,1978.16
KEGE,07,25,39.64255,-106.918,81.838,8.439,3.399,-1.428,
KEGI,18,36,30.65035,-86.5229,180.915,-3.92,4.835,-0.838,
KEGQ,04,22,43.1003,-94.70395,44.784,1.074,3.71,-1.648,
KEGQ,13,31,43.10375,-94.7073,136.116,1.077,5.039,-0.319,2025.9
KEGQ,17,35,43.101,-94.7019,180.0,1.073,8.927,3.57,1985.92
KEGV,04,22,45.9318,-89.2691,45.49,-3.362,8.852,4.569,1978.66
KEGV,13,31,45.93315,-89.26715,132.344,-3.364,5.708,1.426,2007.27
KEHA,04,22,36.9996,-101.878,46.912,5.625,1.287,-3.598,
KEHA,17,35,37.0019,-101.882,180.0,5.627,4.373,-0.512,
KEHO,05,23,35.2551,-81.60095,46.752,-7.561,4.313,-0.246,
KEIK,16,34,40.0102,-105.048,166.264,7.556,-1.292,-6.288,
KEIW,18,36,36.5353,-89.5997,180.0,-2.287,2.287,-3.058,
KEK,02,20,59.35685,-157.4715,38.333,11.043,7.291,-2.621,2017.63
KEKA,12,30,40.8034,-124.113,133.678,13.727,-0.049,-4.49,
KEKM,09,27,41.7209,-86.0075,89.992,-5.334,5.326,1.073,2014.79
KEKM,18,36,41.71685,-85.99225,171.795,-5.345,-2.861,-7.111,
KEKN,05,23,38.8898,-79.85785,38.868,-9.088,-2.044,-5.337,
KEKN,14,32,38.8891,-79.8564,128.817,-9.089,-2.094,-5.387,
KEKO,06,24,40.82281,-115.79311,68.619,11.985,-3.366,-7.959,
KEKO,12,30,40.83059,-115.78718,134.795,11.985,2.81,-1.784,
KEKQ,03,21,36.85525,-84.8561,35.852,-5.607,11.458,6.599,1961.12
KEKX,05,23,37.68605,-85.92505,46.716,-4.956,1.672,-3.223,
KEKY,05,23,33.31285,-86.9259,49.72,-3.88,3.6,-1.876,
KELA,17,35,29.60065,-96.3221,171.313,2.287,-0.974,-5.999,
KELD,04,22,33.22025,-92.81105,45.734,0.055,5.679,0.256,2018.39
KELK,17,35,35.4308,-99.39425,180.314,4.141,6.173,1.193,2013.85
KELM,05,23,42.16215,-76.8875,50.998,-11.3,12.298,11.103,
KELM,06,24,42.1608,-76.8917,50.373,-11.298,1.67,0.474,
KELM,10,28,42.1579,-76.89295,89.211,-11.297,0.507,-0.691,
KELN,11,29,47.03485,-120.529,134.622,14.42,10.202,3.955,1986.05
KELO,12,30,47.82455,-91.8307,119.993,-1.505,1.498,-3.188,
KELP,04,22,31.81215,-106.385,50.25,7.355,2.895,-1.022,
KELP,08L,26R,31.80595,-106.361,88.134,7.344,0.789,-3.13,
KELP,08R,26L,31.8015,-106.3775,93.228,7.351,5.877,1.96,2016.69
KELY,12,30,39.29815,-114.8465,140.862,11.434,9.428,5.115,1974.69
KELY,18,36,39.3008,-114.8385,193.663,11.432,2.231,-2.083,
KELZ,10,28,42.1095,-77.98995,89.211,-10.682,-0.107,-1.757,
KEMM,04,22,41.8253,-110.557,52.451,10.328,2.123,-2.892,
KEMM,10,28,41.82835,-110.556,121.052,10.328,10.724,5.708,1964.96
KEMM,16,34,41.82195,-110.5575,174.256,10.328,3.928,-1.086,
KEMP,01,19,38.3321,-96.1912,11.952,2.194,-0.241,-5.558,
KEMP,06,24,38.32855,-96.18835,63.539,2.192,1.347,-3.969,
KEMT,01,19,34.086,-118.03487,25.426,11.31,4.116,0.884,
KEMV,16,34,36.68685,-77.48295,146.368,-10.154,-3.478,-6.634,
KEND,17C,35C,36.3429,-97.91465,180.196,3.28,6.917,1.767,2007.18
KEND,17L,35R,36.34005,-97.911,180.0,3.277,6.723,1.572,2008.76
KEND,17R,35L,36.33655,-97.9232,180.0,3.285,6.715,1.566,2008.82
KENL,09,27,38.51545,-89.09025,86.83,-2.787,-0.383,-5.541,
KENL,18,36,38.51485,-89.0917,180.652,-2.786,3.438,-1.72,
KENV,12,30,40.71845,-114.033,135.524,11.425,4.099,-0.538,
KENW,07R,25L,42.5929,-87.9226,63.808,-4.016,-2.176,-6.682,
KENW,15,33,42.597,-87.9258,143.528,-4.014,-2.458,-6.963,
KEOE,04,22,34.30925,-81.6397,37.05,-7.431,4.48,-0.26,
KEOK,08,26,40.46015,-91.42625,85.803,-1.223,7.026,1.824,2001.88
KEOK,14,32,40.45945,-91.43205,141.918,-1.218,3.136,-2.066,
KEOP,07,25,39.16695,-82.92815,62.107,-7.169,-0.725,-4.785,
KEOS,01,19,36.8108,-94.3917,12.191,1.005,1.186,-4.163,
KEPH,03,21,47.3114,-119.5145,42.843,14.247,-1.405,-7.746,
KEPH,04,22,47.3102,-119.52,44.178,14.248,-10.071,-16.412,
KEPH,11,29,47.3014,-119.518,128.095,14.246,3.849,-2.489,
KEPM,14,32,44.91015,-67.0127,126.419,-15.609,2.029,6.268,
KEQA,04,22,37.7744,-96.8181,43.36,2.604,0.756,-4.519,
KEQA,15,33,37.7738,-96.81715,158.713,2.603,6.109,0.834,2013.72
KERI,02,20,42.08235,-80.1791,9.773,-9.369,-0.858,-3.329,
KERV,03,21,29.98205,-99.08715,32.845,3.813,-0.969,-5.657,
KERV,12,30,29.97315,-99.0847,130.468,3.812,6.656,1.968,2009.97
KERY,04,22,46.3075,-85.4536,33.906,-6.41,0.315,-2.722,
KERY,11,29,46.31365,-85.45985,110.41,-6.406,6.816,3.778,1985.02
KESC,01,19,45.72525,-87.08655,0.87,-5.056,-4.075,-7.791,
KESC,10,28,45.72065,-87.09925,90.944,-5.045,-4.011,-7.732,
KESF,09,27,31.3943,-92.2964,90.694,-0.207,0.901,-4.564,
KESF,14,32,31.3955,-92.29515,144.96,-0.208,5.167,-0.297,2024.47
KESN,04,22,38.8039,-76.0671,30.529,-11.187,1.716,-0.325,
KESN,15,33,38.80455,-76.07165,137.467,-11.185,-1.349,-3.391,
KEST,06,24,43.406,-94.74635,72.906,1.096,11.81,6.45,1956.53
KEST,16,34,43.40825,-94.74665,169.448,1.096,8.353,2.992,1991.27
KESW,09,27,47.2542,-121.1855,119.033,14.604,14.429,8.105,
KETB,06,24,43.42275,-88.12795,58.884,-3.953,2.836,-1.582,
KETB,13,31,43.4217,-88.1279,126.747,-3.953,0.7,-3.718,
KETC,09,27,35.9373,-77.5465,83.702,-10.024,3.726,0.35,
KETH,04,22,45.7813,-96.54485,60.227,2.374,17.853,12.289,
KETH,16,34,45.77995,-96.54275,164.272,2.373,1.899,-3.665,
KEUF,18,36,31.95135,-85.1289,183.559,-4.95,8.509,3.005,1990.35
KEUG,16L,34R,44.12475,-123.2025,177.501,14.295,3.206,-2.123,
KEUG,16R,34L,44.12445,-123.219,180.0,14.298,5.702,0.373,2019.29
KEUL,12,30,43.64185,-116.6355,134.484,12.752,1.731,-3.519,
KEVB,02,20,29.05425,-80.94795,16.332,-7.285,3.617,-1.849,
KEVB,07,25,29.05815,-80.9511,61.804,-7.284,-0.913,-6.379,
KEVB,11,29,29.0542,-80.94725,106.706,-7.286,3.991,-1.475,
KEVM,05,23,47.4243,-92.4976,50.563,-0.916,1.479,-3.405,
KEVM,09,27,47.42355,-92.49595,94.482,-0.917,5.399,0.515,2014.48
KEVU,14,32,40.354,-94.9172,148.261,1.3,6.961,1.599,2004.86
KEVV,04,22,38.0393,-87.5273,38.009,-3.863,1.872,-3.179,
KEVV,09,27,38.0382,-87.53275,91.184,-3.859,5.043,-0.009,2025.58
KEVV,18,36,38.0374,-87.5343,181.045,-3.858,4.903,-0.149,
KEVW,05,23,41.27475,-111.0345,67.259,10.437,6.821,1.938,2008.75
KEVY,11,29,39.52185,-75.7277,97.587,-11.465,-0.949,-2.625,
KEVY,17,35,39.52035,-75.72045,165.04,-11.468,6.508,4.833,1977.73
KEWB,05,23,41.67705,-70.9588,38.608,-13.846,2.454,3.567,
KEWB,14,32,41.67605,-70.95675,128.418,-13.846,2.265,3.378,
KEWK,08,26,38.0607,-97.2729,91.174,2.901,8.273,3.007,1995.14
KEWK,17,35,38.0553,-97.2764,180.0,2.904,7.096,1.831,2005.3
KEWN,04,22,35.0725,-77.04315,30.801,-10.187,0.988,-2.461,
KEWN,14,32,35.07365,-77.0426,127.553,-10.187,-2.26,-5.708,
KEWR,11,29,40.70201,-74.16862,94.985,-12.393,-2.623,-3.257,
KEWR,4L,22R,40.68898,-74.17081,25.828,-12.39,-1.782,-2.423,
KEWR,4R,22L,40.68994,-74.1664,25.824,-12.392,-1.784,-2.422,
KEXX,06,24,35.77965,-80.31205,70.854,-8.416,19.27,15.103,
KEYE,03,21,39.8307,-86.2944,25.386,-4.914,0.3,-4.333,
KEYF,15,33,34.6018,-78.57925,144.398,-9.288,3.686,-0.309,
KEYW,09,27,24.55615,-81.75955,89.569,-6.301,5.87,-0.181,2017.16
KEZF,06,24,38.26639,-77.44881,45.405,-10.385,-4.21,-6.907,
KEZF,15,33,38.26855,-77.4506,144.8,-10.384,5.185,2.488,2004.1
KEZI,01,19,41.2069,-89.96135,11.435,-2.358,3.792,-1.208,
KEZI,09,27,41.204,-89.96565,90.935,-2.354,3.289,-1.711,
KEZM,02,20,32.2164,-83.1287,15.473,-6.268,1.741,-3.551,
KEZS,12,30,44.78735,-88.5598,112.623,-3.78,-3.597,-7.891,
KEZS,17,35,44.78725,-88.56035,164.451,-3.78,-1.769,-6.063,
KEZZ,17,35,39.72755,-94.2761,174.322,0.863,3.459,-1.892,
KF00,17,35,33.6131,-96.1796,179.102,2.185,6.917,1.736,2007.4
KF01,06,24,34.2753,-99.7607,64.259,4.309,-0.05,-4.921,
KF01,11,29,34.27235,-99.7607,118.07,4.308,3.761,-1.11,
KF01,17,35,34.27485,-99.7586,180.0,4.307,5.693,0.821,2018.65
KF05,02,20,34.22575,-99.28335,31.854,4.037,7.817,2.901,1999.88
KF05,16,34,34.22555,-99.28425,165.806,4.037,1.769,-3.147,
KF06,12,30,34.84555,-100.196,133.051,4.576,8.475,3.608,1991.37
KF06,17,35,34.84595,-100.201,180.0,4.579,5.421,0.555,2021.58
KF08,17,35,35.29585,-95.6253,180.0,1.832,8.168,2.899,1996.08
KF10,18,36,35.4069,-96.0158,180.0,2.081,-2.081,-7.327,
KF14,04,22,33.94675,-98.6162,49.777,3.645,6.132,1.166,2014.32
KF14,13,31,33.94775,-98.6167,141.391,3.645,7.746,2.78,2000.52
KF14,16,34,33.9487,-98.6152,173.201,3.644,9.557,4.59,1979.19
KF17,17,35,31.8316,-94.15645,170.629,0.954,-0.325,-5.643,
KF21,08,26,34.7358,-100.5275,89.997,4.756,5.242,0.416,2023.69
KF21,17,35,34.7418,-100.531,180.0,4.758,5.242,0.416,2023.69
KF22,17,35,36.3856,-97.27725,179.672,2.884,6.788,1.592,2008.12
KF24,01,19,32.64585,-93.29795,16.641,0.388,6.253,0.86,2012.94
KF29,17L,35R,35.4882,-97.82145,180.484,3.206,7.278,2.161,2004.33
KF29,17R,35L,35.48805,-97.8248,180.0,3.208,6.792,1.675,2008.31
KF30,17,35,34.5245,-96.9897,175.076,2.686,2.39,-2.753,
KF31,18,36,33.991,-96.64275,185.227,2.47,2.757,-2.396,
KF32,17,35,34.24915,-97.4739,180.0,2.976,7.024,1.934,2006.56
KF34,12,30,36.85995,-120.4645,139.112,12.335,6.776,3.15,2006.9
KF35,02,20,32.923,-98.43715,30.44,3.518,6.922,1.992,2007.58
KF36,04,22,35.2976,-98.96775,38.695,3.888,-5.192,-10.202,
KF36,17,35,35.2976,-98.96745,179.534,3.887,5.647,0.637,2019.01
KF37,06,24,33.64825,-105.8965,68.668,7.332,1.336,-2.825,
KF37,15,33,33.65005,-105.892,180.0,7.33,22.67,18.509,
KF41,15,33,32.3297,-96.6639,161.055,2.477,8.578,3.488,1991.16
KF43,18,36,33.19125,-92.66325,179.424,-0.041,-0.535,-5.967,
KF44,17,35,32.16385,-95.82835,179.556,1.977,7.58,2.411,2002.02
KF45,08L,26R,26.85025,-80.21955,81.583,-7.48,9.064,3.383,1986.85
KF45,08R,26L,26.843,-80.2203,85.172,-7.479,12.651,6.969,1960.96
KF45,13,31,26.8457,-80.22235,135.195,-7.478,12.673,6.991,1960.77
KF46,17,35,32.9306,-96.4355,172.668,2.341,0.327,-4.808,
KF47,14,32,29.64605,-84.91655,139.664,-4.868,4.532,-1.179,
KF49,18,36,33.48395,-101.661,188.287,5.298,2.989,-1.623,
KF51,01,19,32.9388,-95.2789,17.831,1.633,6.198,0.957,2013.63
KF53,13,31,33.21545,-95.2374,136.151,1.604,4.547,-0.704,
KF56,08,26,32.9136,-99.7307,89.998,4.242,5.756,0.969,2018.09
KF56,13,31,32.91195,-99.73015,133.675,4.242,-0.566,-5.354,
KF56,17,35,32.90915,-99.736,180.0,4.245,5.755,0.969,2018.1
KF62,07,25,40.5468,-123.1815,85.99,13.542,2.449,-1.932,
KF68,17,35,35.05215,-98.2643,181.1,3.465,7.635,2.577,2001.41
KF69,16,34,33.02345,-96.83695,166.564,2.583,3.982,-1.118,
KF70,18,36,33.57415,-117.1285,194.567,11.014,3.554,0.354,
KF72,09,27,38.3014,-121.4265,104.242,12.797,1.445,-2.45,
KF72,18,36,38.3065,-121.4245,195.402,12.798,2.605,-1.291,
KF75,01,19,33.43815,-99.8129,16.469,4.306,2.163,-2.649,
KF82,07,25,33.48445,-101.8105,83.203,5.375,7.828,3.233,1999.39
KF85,04,22,33.72925,-102.734,43.398,5.859,-2.462,-6.975,
KF85,17,35,33.72965,-102.73,180.0,5.857,4.143,-0.371,
KF86,01,19,32.1225,-92.05265,9.759,-0.395,0.154,-5.322,
KF87,16,34,32.72485,-92.33715,163.881,-0.235,4.117,-1.337,
KF88,17,35,32.202,-92.73295,179.451,0.041,9.41,3.978,1984.09
KF89,18,36,32.1543,-91.7,180.0,-0.626,0.626,-4.87,
KF97,04,22,32.9497,-102.5365,44.214,5.709,-1.496,-5.965,
KF97,17,35,32.9504,-102.531,180.0,5.707,4.293,-0.177,
KF98,03,21,33.21755,-102.827,38.676,5.871,2.806,-1.653,
KF98,17,35,33.217,-102.834,180.0,5.874,4.126,-0.332,
KF99,17,35,35.08585,-96.4167,180.0,2.334,7.666,2.458,2000.93
KFAF,14,32,37.13245,-76.60895,126.196,-10.676,-3.128,-5.873,
KFAM,02,20,37.76125,-90.4285,23.276,-1.781,5.057,-0.246,2025.57
KFAR,09,27,46.92705,-96.8147,90.333,2.551,-2.218,-7.864,
KFAR,13,31,46.9103,-96.81635,137.108,2.553,4.556,-1.09,
KFAR,18,36,46.92055,-96.81625,180.473,2.552,-2.079,-7.725,
KFAT,11L,29R,36.77615,-119.7165,126.167,12.174,3.993,0.36,
KFAT,11R,29L,36.77625,-119.72,125.547,12.175,3.372,-0.26,
KFAY,04,22,34.9934,-78.88035,31.014,-9.164,0.178,-3.807,
KFAY,10,28,34.9877,-78.88015,90.87,-9.163,0.033,-3.953,
KFBG,10,28,35.13185,-78.93655,85.952,-9.148,-4.9,-8.867,
KFBL,12,30,44.32795,-93.3116,127.257,-0.034,7.29,2.092,1998.94
KFBR,04,22,41.3919,-110.4065,54.504,10.203,4.301,-0.635,
KFBR,07,25,41.3958,-110.404,78.202,10.202,-2.0,-6.936,
KFBY,11,29,40.18055,-97.1655,119.513,2.851,6.662,1.305,2008.31
KFBY,17,35,40.18295,-97.16925,180.432,2.854,7.578,2.22,2000.99
KFCH,12,30,36.73213,-119.82035,125.691,12.186,-6.496,-10.117,
KFCI,15,33,37.40645,-77.52485,140.937,-10.226,1.162,-1.807,
KFCM,10L,28R,44.82855,-93.4571,101.104,0.049,1.055,-4.144,
KFCM,18,36,44.82525,-93.4549,185.567,0.047,5.52,0.321,2016.19
KFCS,13,31,38.6784,-104.7565,136.84,7.281,-0.441,-5.282,
KFCY,18,36,34.942,-90.775,181.142,-1.38,2.522,-2.928,
KFDK,05,23,39.41505,-77.3744,40.488,-10.591,1.079,-1.241,
KFDK,12,30,39.42125,-77.3741,115.93,-10.592,6.522,4.204,1983.15
KFDR,03,21,34.351,-98.98265,43.856,3.868,9.988,5.035,1975.73
KFDR,12,30,34.35385,-98.9825,135.356,3.868,11.488,6.535,1953.55
KFDR,17,35,34.3522,-98.9893,180.0,3.872,6.128,1.176,2014.34
KFDR,17L,35R,34.35095,-98.9772,180.0,3.865,6.135,1.182,2014.27
KFDW,04,22,34.3155,-81.1088,38.084,-7.76,5.844,1.206,2009.62
KFDY,07,25,41.01435,-83.67125,68.61,-6.903,5.513,1.676,2008.24
KFDY,18,36,41.0099,-83.6662,180.484,-6.906,7.39,3.553,1986.85
KFEP,06,24,42.2445,-89.58185,53.11,-2.729,-4.161,-9.003,
KFEP,13,31,42.24895,-89.5812,126.195,-2.73,-1.074,-5.916,
KFEP,18,36,42.2476,-89.583,178.758,-2.729,1.487,-3.355,
KFET,14,32,41.44995,-96.5224,140.971,2.413,-1.442,-6.848,
KFFA,03,21,36.01835,-75.6714,24.482,-11.006,5.488,2.738,1998.02
KFFC,13,31,33.35725,-84.5718,128.361,-5.449,3.81,-1.491,
KFFL,08,26,41.05355,-91.98245,85.757,-0.848,6.604,1.392,2005.71
KFFM,13,31,46.284,-96.15415,133.16,2.063,1.097,-4.442,
KFFM,17,35,46.28505,-96.16105,179.567,2.069,7.499,1.959,1999.34
KFFO,05L,23R,39.82625,-84.0482,48.929,-6.492,5.421,1.237,2012.95
KFFO,05R,23L,39.82545,-84.0423,48.772,-6.496,5.268,1.085,2016.54
KFFT,07,25,38.1825,-84.9047,64.019,-5.713,-0.268,-4.925,
KFFX,01,19,43.4369,-85.9965,359.536,-5.561,-4.903,-8.811,
KFFX,10,28,43.4438,-85.9918,91.199,-5.566,-3.236,-7.141,
KFFZ,04L,22R,33.46158,-111.72935,51.157,9.513,1.645,-1.925,
KFFZ,04R,22L,33.4603,-111.7275,51.071,9.512,1.559,-2.011,
KFGU,03,21,35.04565,-85.0159,29.573,-5.318,4.892,-0.244,
KFGX,07,25,38.54185,-83.74335,67.266,-6.546,3.812,-0.558,
KFHR,16,34,48.52195,-123.0245,175.916,15.217,0.699,-6.095,
KFHU,03,21,31.5909,-110.345,36.058,8.795,-2.737,-6.204,
KFHU,08,26,31.5876,-110.348,89.99,8.795,1.195,-2.271,
KFHU,12,30,31.5885,-110.336,126.282,8.791,-2.509,-5.976,
KFIG,12,30,41.0486,-78.4131,108.927,-10.263,-0.81,-2.981,
KFIT,14,32,42.55385,-71.75885,128.472,-13.718,2.19,3.328,
KFKA,11,29,43.67665,-92.1799,107.512,-0.862,-1.626,-6.712,
KFKL,03,21,41.3769,-79.8605,17.226,-9.453,-3.321,-5.901,
KFKL,12,30,41.37925,-79.86015,105.528,-9.454,-5.018,-7.597,2025.73
KFKN,09,27,36.7003,-76.90225,80.59,-10.466,1.056,-1.91,
KFKR,04,22,40.2749,-86.56655,33.93,-4.766,-1.304,-5.916,
KFKR,09,27,40.2727,-86.55995,89.994,-4.77,4.764,0.153,
KFKS,15,33,44.6252,-86.20085,139.341,-5.574,-5.085,-8.788,
KFLD,09,27,43.77145,-88.4921,91.724,-3.714,5.438,0.997,2013.32
KFLD,18,36,43.77095,-88.4862,180.0,-3.718,3.718,-0.722,
KFLL,10L,28R,26.07685,-80.1528,90.228,-7.435,-2.337,-8.111,
KFLL,10R,28L,26.06581,-80.14617,90.367,-7.438,-2.195,-7.97,
KFLO,01,19,34.1843,-79.72455,1.462,-8.578,0.04,-4.328,
KFLO,09,27,34.18635,-79.72325,83.223,-8.579,1.802,-2.565,
KFLP,04,22,36.2909,-92.59025,51.369,-0.202,11.571,6.177,1966.62
KFLV,16,34,39.3683,-94.9147,159.295,1.317,-2.021,-7.376,
KFLX,03,21,39.49955,-118.749,50.283,12.498,7.785,3.573,1999.25
KFME,10,28,39.08525,-76.75955,93.492,-10.871,4.363,2.159,
KFMH,05,23,41.65855,-70.5214,38.903,-13.992,2.895,4.188,
KFMH,14,32,41.6594,-70.525,127.345,-13.991,1.336,2.628,
KFMM,08,26,40.3328,-103.8055,89.997,6.925,3.072,-2.039,
KFMM,14,32,40.3347,-103.8055,151.348,6.925,4.423,-0.688,
KFMN,05,23,36.74115,-108.231,64.431,8.674,5.756,1.444,2017.96
KFMN,07,25,36.74135,-108.2285,88.446,8.673,9.773,5.46,1970.88
KFMY,05,23,26.5859,-81.86385,47.852,-6.462,4.315,-1.539,
KFMY,13,31,26.5875,-81.8625,130.633,-6.463,7.097,1.243,2003.88
KFMZ,12,30,40.5825,-97.57605,134.621,3.13,11.491,6.121,1965.84
KFMZ,17,35,40.5886,-97.5711,180.0,3.127,6.873,1.502,2006.64
KFNB,15,33,40.0788,-95.592,148.835,1.776,-2.942,-8.306,
KFNL,06,24,40.45385,-105.008,71.056,7.577,3.479,-1.581,
KFNL,15,33,40.4513,-105.012,160.857,7.579,3.278,-1.782,
KFNT,09,27,42.9693,-83.74635,88.254,-7.127,5.382,1.997,2006.24
KFNT,18,36,42.96195,-83.74325,179.014,-7.128,6.143,2.757,1995.12
KFOA,03,21,38.66425,-88.45275,29.808,-3.256,3.064,-2.019,
KFOA,15,33,38.6662,-88.45345,147.155,-3.256,0.41,-4.672,
KFOD,06,24,42.5514,-94.1947,64.956,0.717,4.238,-1.087,
KFOD,12,30,42.55095,-94.18825,126.847,0.712,6.135,0.81,2010.71
KFOE,03,21,38.94775,-95.66525,39.822,1.837,7.985,2.642,1997.07
KFOE,13,31,38.9527,-95.6627,137.185,1.836,5.349,0.006,2021.77
KFOK,01,19,40.84175,-72.6374,357.457,-13.07,0.528,0.586,
KFOK,06,24,40.84535,-72.628,42.392,-13.075,-4.533,-4.469,
KFOK,15,33,40.84255,-72.63295,132.622,-13.072,-4.306,-4.246,
KFOM,04,22,38.9583,-112.363,53.127,10.571,2.555,-1.82,
KFOT,11,29,40.55395,-124.1325,128.611,13.677,4.934,0.554,
KFPK,03,21,42.5745,-84.8114,20.699,-6.311,-2.99,-6.774,
KFPK,15,33,42.57345,-84.81305,140.325,-6.309,-3.365,-7.149,
KFPR,10R,28L,27.4972,-80.3694,90.632,-7.462,-1.905,-7.517,
KFPR,14,32,27.49215,-80.36675,135.355,-7.463,2.818,-2.794,
KFQD,01,19,35.42805,-81.935,15.155,-7.371,12.525,7.933,1905.46
KFRG,01,19,40.72935,-73.41445,359.141,-12.729,1.87,1.558,
KFRG,14,32,40.7283,-73.4126,132.303,-12.729,5.033,4.722,1980.2
KFRH,08,26,38.50625,-86.63695,75.859,-4.537,0.396,-4.485,
KFRI,04,22,39.05265,-96.76455,50.513,2.576,7.937,2.614,1997.95
KFRM,02,20,43.6437,-94.4122,27.76,0.837,6.923,1.591,2003.41
KFRM,13,31,43.64405,-94.41765,134.128,0.841,3.287,-2.044,
KFRR,10,28,38.9175,-78.2534,87.224,-10.031,-2.745,-5.52,
KFSD,03,21,43.58275,-96.744,34.786,2.556,2.23,-3.26,
KFSD,09,27,43.577,-96.74175,103.445,2.555,10.89,5.4,1973.09
KFSD,15,33,43.58315,-96.7397,154.934,2.553,2.381,-3.11,
KFSE,16,34,47.5928,-95.77345,167.402,1.715,5.687,0.166,2013.71
KFSI,18,36,34.6498,-98.4022,180.0,3.537,-3.537,-8.562,
KFSK,18,36,37.79835,-94.7694,180.0,1.243,-1.243,-6.588,
KFSM,07,25,35.3353,-94.36815,81.088,1.017,10.071,4.73,1977.86
KFSO,01,19,44.9403,-73.09745,354.566,-13.677,-1.757,-0.132,
KFST,03,21,30.91855,-102.9145,38.638,5.761,2.876,-1.38,
KFST,07,25,30.9163,-102.9085,81.454,5.758,5.696,1.439,2018.67
KFST,12,30,30.91395,-102.9175,126.885,5.762,1.123,-3.133,
KFST,16,34,30.9154,-102.909,170.898,5.759,5.14,0.883,2024.88
KFSU,03,21,34.48885,-104.2105,44.115,6.639,7.477,3.051,2002.48
KFSU,08,26,34.4833,-104.217,89.995,6.641,3.354,-1.071,
KFSW,17,35,40.65915,-91.32775,166.797,-1.307,-1.896,-7.078,
KFTG,08,26,39.7938,-104.551,91.053,7.277,3.776,-1.221,
KFTG,17,35,39.7746,-104.524,180.0,7.261,2.739,-2.258,
KFTK,05,23,37.9086,-85.9686,45.346,-4.947,0.293,-4.576,
KFTK,15,33,37.906,-85.97365,148.252,-4.944,3.196,-1.674,
KFTK,18,36,37.9071,-85.9698,176.807,-4.946,1.754,-3.116,
KFTT,06,24,38.84005,-92.0035,57.406,-0.718,-1.876,-7.19,
KFTT,12,30,38.8398,-92.00535,122.207,-0.717,2.924,-2.389,
KFTT,18,36,38.8355,-92.0001,181.616,-0.72,2.337,-2.977,
KFTW,16,34,32.82,-97.36075,171.752,2.892,8.86,3.822,1987.41
KFTW,17,35,32.81935,-97.3656,172.058,2.895,-0.837,-5.875,
KFTY,08,26,33.7801,-84.5207,79.881,-5.524,5.405,0.162,2019.61
KFUL,06,24,33.87204,-117.97982,77.024,11.258,5.765,2.565,2016.85
KFVE,14,32,47.2855,-68.31275,115.417,-15.886,-8.698,-3.775,1998.5
KFVX,03,21,37.35745,-78.4382,19.127,-9.712,-1.161,-4.432,
KFWA,05,23,40.9745,-85.19755,44.203,-5.827,0.03,-4.185,
KFWA,09,27,40.9759,-85.19155,89.995,-5.831,5.827,1.614,2006.34
KFWA,14,32,40.9858,-85.1934,134.606,-5.831,0.437,-3.774,
KFWC,09,27,38.37795,-88.4152,90.511,-3.26,3.771,-1.337,
KFWC,18,36,38.38,-88.40755,180.828,-3.265,4.093,-1.014,
KFWN,03,21,41.2002,-74.62305,16.037,-12.268,-1.695,-2.329,
KFWQ,08,26,40.2097,-79.83145,67.607,-9.293,-3.101,-6.02,
KFWS,18L,36R,32.567,-97.3064,180.0,2.858,-2.858,-7.891,
KFWS,18R,36L,32.56425,-97.3097,180.0,2.86,-2.86,-7.892,
KFXE,09,27,26.1985,-80.1718,83.739,-7.437,1.176,-4.584,
KFXE,13,31,26.19545,-80.16915,128.842,-7.438,6.281,0.52,2011.37
KFXY,09,27,43.2376,-93.62795,94.633,0.265,4.368,-0.9,
KFXY,15,33,43.2334,-93.6223,154.956,0.261,4.695,-0.572,
KFYE,01,19,35.2077,-89.39445,7.89,-2.342,0.232,-5.191,
KFYJ,10,28,37.52135,-76.7627,86.237,-10.648,-3.115,-5.798,
KFYM,02,20,35.0597,-86.56405,13.742,-4.273,-1.985,-7.272,
KFYV,16,34,36.0051,-94.17005,168.933,0.873,8.06,2.706,1996.55
KFZG,02,20,31.68325,-83.27295,11.791,-6.122,-2.087,-7.465,
KFZG,15,33,31.6846,-83.26695,140.647,-6.126,-3.227,-8.605,
KFZY,06,24,43.35025,-76.3881,46.947,-11.785,-1.268,-1.795,
KFZY,15,33,43.3512,-76.38805,136.974,-11.785,-1.241,-1.767,
KGAD,06,24,33.9704,-86.0913,60.606,-4.497,5.103,-0.261,2024.76
KGAF,08,26,48.4058,-97.3747,89.993,2.944,7.049,1.234,2003.04
KGAF,17,35,48.4054,-97.3656,180.0,2.937,7.063,1.249,2002.94
KGAG,17,35,36.29555,-99.77645,180.309,4.396,5.913,0.909,2016.26
KGAI,14,32,39.1683,-77.166,127.318,-10.667,-2.015,-4.338,
KGAS,05,23,38.8341,-82.1634,47.698,-7.631,5.329,1.383,2013.45
KGBD,11,29,38.3395,-98.8624,119.783,3.916,5.867,0.667,2016.36
KGBD,17,35,38.3471,-98.8573,179.586,3.913,5.673,0.471,2018.44
KGBG,03,21,40.9379,-90.43155,28.206,-1.988,0.194,-4.883,
KGBG,10,28,40.93815,-90.4305,101.074,-1.989,3.063,-2.014,
KGBN,17,35,32.8875,-112.72,180.0,9.733,0.267,-3.144,
KGBR,11,29,42.1841,-73.4037,96.534,-12.988,-0.478,-0.207,
KGCC,03,21,44.35145,-105.537,38.78,8.241,0.538,-5.136,
KGCC,16,34,44.3469,-105.5415,169.931,8.244,1.688,-3.986,
KGCD,09,27,44.4019,-118.9725,109.003,13.518,5.484,0.058,2021.53
KGCD,17,35,44.40375,-118.964,180.0,13.517,-3.517,-8.943,
KGCK,12,30,37.9253,-100.726,135.279,5.024,10.256,5.202,1974.4
KGCK,17,35,37.9292,-100.723,180.0,5.022,4.978,-0.076,
KGCM,18,36,36.29275,-95.4796,180.0,1.732,-1.732,-7.031,
KGCN,03,21,35.95235,-112.147,41.0,10.027,0.973,-2.917,
KGCT,18,36,41.687,-94.4351,180.0,0.922,-0.922,-6.269,
KGCY,05,23,36.19295,-82.81505,47.404,-6.893,4.296,-0.326,
KGDB,15,33,44.7533,-95.556,156.995,1.657,5.338,-0.101,2020.57
KGDJ,01,19,32.44214,-97.82445,16.997,3.158,3.839,-1.133,
KGDM,18,36,42.54985,-72.01605,164.818,-13.62,-1.562,-0.537,
KGDV,02,20,47.1406,-104.8105,35.891,8.085,7.806,1.568,2002.57
KGDV,12,30,47.13775,-104.806,135.966,8.082,7.884,1.647,2002.09
KGDW,09,27,43.972,-84.47395,87.325,-6.758,4.084,0.737,
KGDW,15,33,43.96815,-84.4771,161.574,-6.755,18.329,14.981,
KGED,04,22,38.68985,-75.3601,33.191,-11.521,4.712,2.897,
KGED,10,28,38.6848,-75.35705,89.997,-11.522,1.519,-0.297,
KGEG,08,26,47.6169,-117.5365,90.509,13.791,-3.282,-9.731,
KGEO,18,36,38.88195,-83.88275,170.205,-6.491,-3.304,-7.638,
KGEU,01,19,33.52685,-112.295,25.58,9.702,5.878,2.347,2016.19
KGEV,10,28,36.43245,-81.4197,88.554,-7.811,-3.635,-7.922,
KGEY,16,34,44.5183,-108.08,170.446,9.586,0.86,-4.803,
KGEZ,01,19,39.57795,-85.8034,6.44,-5.236,1.676,-2.911,
KGEZ,09,27,39.577,-85.8064,91.559,-5.234,6.793,2.206,1998.13
KGFD,18,36,39.79165,-85.7353,180.0,-5.308,5.308,0.769,2017.86
KGFK,09R,27L,47.93799,-97.16287,90.046,2.792,-2.747,-8.498,
KGFK,17L,35R,47.94605,-97.1662,180.0,2.795,7.205,1.453,2001.91
KGFK,17R,35L,47.9492,-97.1812,180.0,2.806,7.194,1.439,2002.0
KGFL,01,19,43.34255,-73.60895,358.487,-13.121,1.607,2.279,
KGFL,12,30,43.33955,-73.61205,110.744,-13.119,3.863,4.532,
KGFZ,07,25,41.32795,-94.46025,74.16,0.951,3.209,-2.141,
KGFZ,14,32,41.32695,-94.4478,142.496,0.942,1.553,-3.796,
KGGE,11,29,33.30835,-79.3182,101.531,-8.715,0.247,-4.21,
KGGF,15,33,40.8695,-101.733,151.94,5.779,-3.84,-9.114,
KGGG,13,31,32.383,-94.7084,133.734,1.287,2.448,-2.831,
KGGG,18,36,32.3856,-94.7165,178.852,1.291,-2.44,-7.718,
KGGI,13,31,41.70995,-92.73575,134.946,-0.326,5.272,0.031,2021.67
KGGP,09,27,40.71125,-86.3749,89.535,-4.951,4.486,-0.02,
KGGW,08,26,48.2128,-106.5895,89.992,9.235,0.757,-5.796,
KGGW,12,30,48.21165,-106.6145,133.45,9.249,4.201,-2.353,
KGHM,02,20,35.8374,-87.4454,18.213,-3.734,1.947,-3.33,
KGHW,05,23,45.6465,-95.3207,56.94,1.447,5.494,0.068,2017.5
KGHW,15,33,45.64225,-95.32025,162.368,1.446,10.922,5.496,1972.35
KGIC,07,25,45.94255,-116.123,90.4,13.039,7.361,1.451,2006.88
KGIF,05,23,28.0634,-81.7524,44.858,-6.691,1.548,-4.13,
KGIF,11,29,28.06235,-81.75445,103.114,-6.689,-0.197,-5.876,
KGJT,04,22,39.1143,-108.522,54.781,9.098,5.683,1.043,2018.79
KGJT,11,29,39.1267,-108.529,125.377,9.103,6.274,1.632,2013.01
KGKJ,07,25,41.6265,-80.2147,61.194,-9.274,0.468,-2.158,
KGKT,10,28,35.85775,-83.5287,98.71,-6.389,5.099,0.293,2024.08
KGKY,16,34,32.66385,-97.09425,167.996,2.734,5.262,0.203,2023.43
KGLD,05,23,39.3707,-101.6995,62.744,5.67,7.075,1.953,2006.15
KGLD,12,30,39.36945,-101.698,134.007,5.669,8.338,3.217,1995.42
KGLD,17,35,39.37405,-101.7,180.0,5.67,4.33,-0.792,
KGLE,13,31,33.6511,-97.1939,132.618,2.801,-0.183,-5.273,
KGLE,18,36,33.653,-97.1997,181.16,2.805,-1.645,-6.735,
KGLH,18L,36R,33.4859,-90.9821,180.0,-1.164,1.164,-4.332,
KGLH,18R,36L,33.48455,-90.9872,180.0,-1.161,1.161,-4.336,
KGLR,09,27,45.0145,-84.7043,89.991,-6.755,6.746,3.605,1986.89
KGLS,14,32,29.2654,-94.8616,140.13,1.445,-1.315,-6.505,
KGLS,18,36,29.26525,-94.85925,180.907,1.443,-0.536,-5.726,
KGLW,07,25,37.0318,-85.95375,71.648,-4.872,6.52,1.532,2004.15
KGLY,04,22,38.3566,-93.6842,44.696,0.485,4.211,-1.145,
KGMJ,18,36,36.6067,-94.7386,180.0,1.24,-1.24,-6.576,
KGMU,01,19,34.8479,-82.3484,1.29,-7.044,-1.666,-6.441,
KGMU,10,28,34.84795,-82.35215,91.55,-7.041,-1.409,-6.184,
KGNB,09,27,40.0897,-105.917,100.633,8.004,2.629,-2.326,
KGNC,08,26,32.67855,-102.6565,89.6,5.751,3.849,-0.584,
KGNC,17,35,32.67185,-102.6485,176.468,5.746,0.722,-3.711,
KGNF,04,22,33.82885,-89.7957,51.923,-1.981,13.904,8.402,
KGNF,13,31,33.835,-89.79995,131.875,-1.979,3.853,-1.649,
KGNG,07,25,42.91715,-114.765,84.38,12.048,2.332,-2.777,
KGNT,13,31,35.1693,-107.903,144.631,8.347,6.284,2.149,2012.74
KGNV,07,25,29.69305,-82.27665,61.292,-6.541,-2.167,-7.695,
KGNV,11,29,29.6884,-82.26905,102.3,-6.546,-1.154,-6.682,
KGON,05,23,41.3307,-72.0429,33.979,-13.388,-2.634,-2.128,
KGON,15,33,41.3292,-72.04785,135.134,-13.386,-1.48,-0.977,
KGOO,07,25,39.22406,-121.00255,87.31,12.907,4.403,0.303,
KGOV,05,23,44.68395,-84.7279,46.013,-6.684,2.698,-0.541,
KGOV,14,32,44.67675,-84.7297,136.008,-6.682,2.69,-0.552,
KGPH,18,36,39.3325,-94.30965,187.361,0.896,6.465,1.112,2009.15
KGPI,02,20,48.30895,-114.2575,34.599,12.852,1.748,-4.94,
KGPI,12,30,48.31445,-114.253,135.964,12.851,3.112,-3.577,
KGPM,18,36,32.6988,-97.04695,180.436,2.706,-2.27,-7.335,
KGPT,14,32,30.40625,-89.0722,134.99,-2.235,-2.775,-8.435,
KGPT,18,36,30.4092,-89.06625,179.638,-2.239,1.877,-3.783,
KGPZ,05,23,47.2137,-93.50925,48.316,-0.075,-1.61,-6.723,
KGPZ,16,34,47.20705,-93.5103,165.514,-0.073,5.588,0.474,2013.18
KGQQ,05,23,40.75335,-82.72375,47.411,-7.514,4.925,1.28,
KGRB,06,24,44.4877,-88.12525,59.843,-4.081,3.924,-0.317,
KGRB,18,36,44.48255,-88.13365,179.819,-4.074,3.893,-0.35,
KGRD,09,27,34.24875,-82.15905,85.41,-7.098,2.508,-2.336,
KGRE,09,27,38.8367,-89.38095,89.997,-2.602,2.599,-2.556,
KGRE,18,36,38.8357,-89.37645,179.596,-2.605,2.201,-2.953,
KGRF,15,33,47.0792,-122.581,165.973,14.827,1.145,-5.122,
KGRI,13,31,40.97195,-98.3033,135.37,3.621,1.749,-3.633,
KGRI,17,35,40.9676,-98.31485,180.242,3.629,6.613,1.232,2008.88
KGRK,15,33,31.06725,-97.82895,157.291,3.143,4.148,-0.757,
KGRN,04,22,42.8067,-102.174,47.624,6.163,1.461,-4.026,
KGRN,11,29,42.8043,-102.1785,123.414,6.166,7.248,1.761,2004.87
KGRR,08L,26R,42.88985,-85.531,81.18,-5.831,7.011,3.107,1990.75
KGRR,08R,26L,42.8787,-85.52375,81.189,-5.835,7.024,3.12,1990.63
KGRR,17,35,42.878,-85.5169,171.274,-5.84,7.114,3.211,1989.78
KGSB,08,26,35.3394,-77.9606,73.106,-9.723,2.829,-0.821,
KGSH,05,23,41.52845,-85.7935,44.216,-5.466,-0.318,-4.56,
KGSO,05L,23R,36.10785,-79.9481,46.218,-8.674,4.892,0.888,
KGSO,05R,23L,36.1006,-79.9325,46.174,-8.682,4.856,0.854,
KGSO,14,32,36.0933,-79.9448,135.142,-8.674,3.816,-0.191,
KGSP,04,22,34.8957,-82.21885,32.107,-7.131,-0.762,-5.505,
KGTB,03,21,44.05865,-75.72055,16.056,-12.27,-1.675,-1.618,
KGTB,08,26,44.04725,-75.72065,70.542,-12.267,2.81,2.861,
KGTB,15,33,44.05705,-75.71785,133.863,-12.271,-3.866,-3.809,
KGTE,03,21,40.9263,-100.148,39.117,4.811,4.306,-1.031,
KGTE,14,32,40.9249,-100.145,149.71,4.809,4.901,-0.436,
KGTF,03,21,47.4795,-111.369,44.907,11.541,3.365,-3.043,
KGTF,07,25,47.4838,-111.372,89.993,11.543,8.45,2.04,2000.66
KGTF,17,35,47.4849,-111.373,180.0,11.544,-1.544,-7.954,
KGTG,05,23,45.7993,-92.6629,56.48,-0.641,7.121,2.091,1998.53
KGTG,12,30,45.7981,-92.66435,120.725,-0.64,1.365,-3.665,
KGTU,11,29,30.67855,-97.6806,120.492,3.056,7.436,2.532,2003.4
KGTU,18,36,30.67905,-97.6784,183.608,3.055,0.553,-4.351,
KGUC,07,25,38.53605,-106.9295,73.296,8.318,-5.022,-9.686,
KGUC,17,35,38.5284,-106.939,180.0,8.322,1.678,-2.984,
KGUP,06,24,35.51105,-108.789,74.335,8.745,5.59,1.491,2019.65
KGUS,05,23,40.64805,-86.15215,44.39,-5.105,-0.505,-4.979,
KGUY,06,24,36.6815,-101.505,69.578,5.399,4.178,-0.71,
KGUY,18,36,36.68505,-101.508,185.71,5.401,0.309,-4.58,
KGVE,05,23,38.156,-78.16575,37.715,-9.973,-2.312,-5.277,
KGVL,05,23,34.2728,-83.83195,40.917,-6.025,-3.058,-8.152,
KGVL,11,29,34.27245,-83.82785,107.381,-6.028,3.409,-1.685,
KGVQ,10,28,43.0318,-78.16965,90.749,-10.743,1.492,0.106,
KGVT,17,35,33.06785,-96.06535,180.65,2.116,8.533,3.359,1992.0
KGWO,05,23,33.49735,-90.0846,52.686,-1.766,4.452,-1.063,
KGWO,09,27,33.49895,-90.0763,87.658,-1.772,-0.57,-6.084,
KGWO,18,36,33.4902,-90.08825,181.358,-1.764,3.122,-2.393,
KGWR,06,24,46.22085,-97.6448,62.049,3.191,-1.142,-6.837,
KGWR,16,34,46.21775,-97.6426,163.703,3.189,0.514,-5.18,
KGWS,14,32,39.50805,-107.3115,154.963,8.607,6.356,1.576,2012.33
KGWW,05,23,35.46055,-77.96495,43.619,-9.735,3.354,-0.267,
KGXY,10,28,40.4286,-104.636,105.356,7.38,-2.024,-7.101,
KGXY,17,35,40.4425,-104.6315,178.391,7.379,1.012,-4.067,
KGYB,17,35,30.16925,-96.98005,174.097,2.659,1.438,-3.529,
KGYH,05,23,34.7583,-82.37645,40.035,-7.016,-2.949,-7.744,
KGYI,18L,36R,33.71395,-96.67305,181.744,2.487,-0.743,-5.883,
KGYL,13,31,44.75605,-94.0812,130.77,0.535,0.236,-5.045,
KGYR,03,21,33.42275,-112.3765,37.924,9.711,-1.787,-5.297,
KGYY,02,20,41.6169,-87.41605,21.009,-4.288,5.297,0.739,2017.86
KGZS,16,34,35.1537,-87.0568,152.912,-3.945,-3.143,-8.458,
KH-0002,05,23,11.36005,104.92125,47.29,-0.593,-2.117,-2.968,
KH-0003,05,23,13.4107,103.813,48.842,-0.742,-0.416,-1.219,
KH05,17,35,34.92005,-95.394,180.0,1.687,8.313,3.037,1994.63
KH17,03,21,37.65405,-93.08765,29.34,0.093,-0.753,-6.119,
KH19,13,31,39.3699,-91.21925,134.629,-1.309,5.938,0.688,2012.84
KH34,03,21,36.0789,-93.75375,35.877,0.593,5.284,-0.085,2022.75
KH34,12,30,36.0777,-93.7538,125.567,0.593,4.974,-0.395,
KH35,09,27,35.4707,-93.42715,94.622,0.39,4.231,-1.151,
KH37,06,24,40.13875,-120.1785,77.292,12.93,4.362,0.042,
KH58,01,19,37.18095,-92.73455,12.661,-0.135,2.796,-2.579,
KH58,15,33,37.1823,-92.73285,152.772,-0.136,2.909,-2.466,
KH68,18,36,35.9626,-95.3415,179.017,1.645,-2.628,-7.927,
KH70,04,22,36.34565,-102.049,52.889,5.676,7.213,2.401,2005.08
KH71,18,36,36.2254,-95.3301,180.0,1.635,-1.635,-6.94,
KH76,17,35,36.67165,-96.40555,177.391,2.332,5.06,-0.199,2025.81
KH88,01,19,37.6058,-90.2873,14.324,-1.871,6.195,0.889,2010.51
KH92,17,35,36.44275,-96.3872,180.0,2.319,7.681,2.428,2000.58
KH96,18,36,38.0085,-88.93445,179.591,-2.86,2.452,-2.738,
KHAB,18,36,34.11695,-87.9982,181.878,-3.22,5.098,-0.358,2024.97
KHAE,17,35,39.72515,-91.44385,170.057,-1.167,1.224,-4.02,
KHAF,12,30,37.51345,-122.501,136.574,12.815,3.76,0.046,
KHAI,05,23,41.95865,-85.5919,44.58,-5.665,0.245,-3.866,
KHAI,09,27,41.96045,-85.59385,89.477,-5.664,5.141,1.029,2019.63
KHAO,12,30,39.36375,-84.52195,110.47,-6.109,-3.42,-7.796,
KHBG,13,31,31.265,-89.2529,130.862,-2.177,3.038,-2.583,
KHBI,03,21,35.65455,-79.8947,21.5,-8.651,0.151,-3.942,
KHBR,17,35,34.9913,-99.05445,180.308,3.929,6.379,1.395,2012.03
KHBV,13,31,27.3496,-98.73695,134.082,3.596,0.486,-4.099,
KHBZ,06,24,35.5117,-92.013,59.43,-0.564,-0.005,-5.425,
KHCD,15,33,44.85985,-94.3825,152.162,0.761,1.401,-3.915,
KHCO,13,31,48.7527,-96.94305,139.878,2.593,7.285,1.518,2000.9
KHCR,04,22,40.4818,-111.4285,49.941,10.469,-0.528,-5.237,
KHDC,13,31,30.5216,-90.4184,135.759,-1.369,7.128,1.533,2005.46
KHDC,18,36,30.5217,-90.41915,179.644,-1.369,1.012,-4.583,
KHDE,18,36,40.45265,-99.3373,189.562,4.281,5.281,-0.042,2022.96
KHDN,10,28,40.4812,-107.2175,113.565,8.678,4.887,-0.051,
KHDO,04,22,29.36075,-99.1774,45.033,3.848,1.184,-3.456,
KHDO,13,31,29.35585,-99.17825,134.695,3.849,0.846,-3.794,
KHDO,17L,35R,29.3581,-99.172,180.0,3.846,6.154,1.514,2014.48
KHDO,17R,35L,29.35855,-99.1833,180.0,3.851,6.149,1.509,2014.53
KHEE,09,27,34.5723,-90.6729,89.997,-1.43,1.427,-4.038,
KHEE,18,36,34.579,-90.67765,180.34,-1.427,1.767,-3.698,
KHEF,16L,34R,38.7209,-77.5139,150.56,-10.414,0.974,-1.609,
KHEF,16R,34L,38.72225,-77.5179,150.599,-10.412,1.011,-1.573,
KHEG,07,25,30.27875,-81.80915,64.793,-6.892,1.685,-3.716,
KHEG,11,29,30.27675,-81.80225,109.891,-6.896,6.787,1.387,2003.65
KHEI,12,30,46.01555,-102.655,136.782,6.662,10.12,4.161,1981.37
KHEQ,14,32,40.56945,-102.2725,149.593,6.078,3.515,-1.702,
KHEZ,14,32,31.61415,-91.2987,136.297,-0.86,-2.843,-8.369,
KHEZ,18,36,31.61305,-91.2956,180.71,-0.862,1.572,-3.954,
KHFD,02,20,41.7376,-72.64855,8.879,-13.221,2.1,2.512,
KHFD,11,29,41.7337,-72.6534,99.023,-13.219,2.242,2.65,
KHFF,04,22,35.0399,-79.5015,35.195,-8.81,4.004,-0.127,
KHFF,11,29,35.03145,-79.49805,109.326,-8.811,8.136,4.004,1983.16
KHFF,16,34,35.0383,-79.49265,163.197,-8.815,12.011,7.882,1913.51
KHGR,02,20,39.7084,-77.72735,14.926,-10.442,5.367,3.014,1995.65
KHHF,04,22,35.89505,-100.404,44.595,4.74,-0.146,-5.067,
KHHF,18,36,35.8952,-100.403,180.0,4.74,-4.74,-9.662,
KHHG,09,27,40.85295,-85.45705,92.076,-5.627,7.703,3.408,1987.63
KHHR,07,25,33.92285,-118.335,86.999,11.344,5.656,2.464,2018.19
KHIB,04,22,47.38905,-92.8419,49.266,-0.631,9.897,4.934,1976.37
KHIB,13,31,47.38545,-92.8377,132.329,-0.634,2.963,-2.0,
KHIE,10,28,44.36755,-71.54585,87.367,-14.164,1.532,3.578,
KHIF,14,32,41.12395,-111.973,153.167,10.774,2.394,-2.416,
KHIG,16,34,39.07245,-93.67735,165.438,0.459,4.979,-0.369,
KHII,14,32,34.5711,-114.3585,150.488,10.482,0.006,-3.518,
KHIO,02,20,45.53785,-122.9475,42.288,14.556,7.731,1.974,2004.83
KHIO,13R,31L,45.5423,-122.952,142.395,14.558,-2.163,-7.922,
KHJH,03,21,40.1515,-97.581,41.507,3.129,8.379,3.029,1993.87
KHJH,12,30,40.15225,-97.58695,128.197,3.133,5.065,-0.284,2025.71
KHJO,14,32,36.31675,-119.6275,149.763,12.067,-2.304,-5.854,
KHKA,18,36,35.9404,-89.8308,178.635,-2.088,0.723,-4.667,
KHKS,16,34,32.336,-90.22355,158.804,-1.605,0.409,-5.146,
KHKY,06,24,35.74,-81.38845,55.278,-7.75,3.028,-1.392,
KHLC,18,36,39.3802,-99.83145,180.957,4.552,-3.595,-8.818,
KHLG,03,21,40.17475,-80.6474,25.926,-8.783,4.709,1.521,
KHLG,16,34,40.1753,-80.645,150.994,-8.785,-0.221,-3.407,
KHLN,05,23,46.60815,-111.989,65.17,11.664,3.507,-2.639,
KHLN,09,27,46.6057,-111.9805,102.599,11.66,0.94,-5.206,
KHLN,16,34,46.6081,-111.981,180.0,11.66,8.34,2.194,2000.8
KHLX,01,19,36.7661,-80.82355,9.983,-8.223,8.206,4.131,1982.24
KHMN,04,22,32.85655,-106.12,48.374,7.349,1.025,-3.028,
KHMN,07,25,32.84945,-106.104,79.599,7.341,2.257,-1.797,
KHMN,16,34,32.8503,-106.1035,166.876,7.341,-0.465,-4.52,
KHMT,04,22,33.73524,-117.0212,62.962,11.018,11.944,8.713,
KHMT,05,23,33.73345,-117.02284,62.856,11.018,1.838,-1.392,
KHMY,18,36,35.02635,-97.23165,180.849,2.839,-1.99,-7.134,
KHMZ,14,32,40.0861,-78.5135,127.6,-10.055,-2.345,-4.857,
KHNB,09,27,38.24905,-86.9537,90.408,-4.288,4.696,-0.261,
KHND,17L,35R,35.974,-115.133,180.0,10.937,-0.937,-4.634,
KHND,17R,35L,35.97195,-115.1355,182.628,10.938,1.691,-2.006,
KHNR,03,21,41.58365,-95.33855,36.898,1.576,5.323,-0.06,2021.63
KHNR,15,33,41.58485,-95.3398,156.386,1.576,4.81,-0.572,
KHNZ,06,24,36.3616,-78.5292,51.147,-9.532,0.679,-2.879,
KHOB,04,22,32.68585,-103.2175,45.14,6.023,-0.883,-5.251,
KHOB,13,31,32.68805,-103.2145,136.778,6.022,0.756,-3.613,
KHOB,17,35,32.6893,-103.221,180.0,6.025,3.975,-0.393,
KHOC,05,23,39.18875,-83.5388,49.268,-6.761,6.029,1.832,2003.47
KHON,12,30,44.3863,-98.23055,128.09,3.617,4.473,-1.133,
KHON,18,36,44.38355,-98.2256,179.406,3.614,-4.208,-9.814,
KHOP,05,23,36.67285,-87.49105,44.162,-3.772,-2.066,-7.263,
KHOP,18,36,36.671,-87.49625,178.893,-3.768,2.661,-2.537,
KHOT,05,23,34.4783,-93.0974,54.271,0.201,4.07,-1.331,
KHOT,13,31,34.4776,-93.09435,134.154,0.199,3.955,-1.447,
KHOU,04,22,29.64665,-95.277,43.837,1.681,2.156,-2.996,
KHOU,13L,31R,29.6477,-95.27805,133.807,1.681,2.126,-3.026,
KHOU,13R,31L,29.64365,-95.2769,133.982,1.681,2.301,-2.851,
KHPN,11,29,41.06575,-73.7079,102.721,-12.659,5.38,5.075,1974.69
KHPN,16,34,41.0678,-73.70735,149.991,-12.659,2.65,2.347,
KHPT,17,35,42.7237,-93.22635,180.381,-0.011,10.392,5.147,1975.12
KHPY,14,32,29.78605,-94.95265,142.685,1.486,1.199,-3.995,
KHQG,02,20,37.16175,-101.371,27.128,5.352,1.776,-3.165,
KHQM,06,24,46.9712,-123.9365,79.538,15.018,4.52,-1.717,
KHQU,10,28,33.5297,-82.51645,92.389,-6.795,-0.816,-5.835,
KHQZ,17,35,32.74695,-96.53045,180.896,2.398,8.497,3.378,1992.35
KHRI,05,23,45.82825,-119.259,62.993,13.878,-0.885,-6.737,
KHRJ,05,23,35.3794,-78.733,39.94,-9.294,-0.766,-4.621,
KHRL,13,31,26.22605,-97.65625,135.639,3.044,2.594,-2.09,
KHRL,18L,36R,26.2258,-97.6488,180.649,3.04,-2.391,-7.077,
KHRL,18R,36L,26.229,-97.65875,180.673,3.046,-2.372,-7.057,
KHRO,18,36,36.2615,-93.1547,185.505,0.184,5.321,-0.064,2022.17
KHRT,18,36,30.42895,-86.6888,175.844,-3.793,-0.363,-6.054,
KHRU,17,35,38.68325,-96.808,180.0,2.603,7.397,2.089,2002.61
KHRX,02,20,34.86255,-102.324,28.633,5.726,2.907,-1.748,
KHRX,14,32,34.8574,-102.328,151.722,5.728,5.994,1.34,2015.65
KHSA,18,36,30.3678,-89.45465,180.211,-1.984,2.194,-3.452,
KHSB,06,24,37.8121,-88.5517,63.379,-3.117,6.497,1.321,2006.26
KHSB,14,32,37.80975,-88.5476,141.104,-3.12,4.225,-0.951,
KHSD,17,35,35.60185,-97.7062,177.968,3.138,4.83,-0.301,
KHSE,07,25,35.2328,-75.6178,56.274,-10.935,-2.791,-5.747,
KHSI,04,22,40.60315,-98.4279,46.622,3.696,2.927,-2.431,
KHSI,14,32,40.6067,-98.4279,150.128,3.696,6.432,1.074,2010.49
KHSP,07,25,37.95145,-79.8339,58.99,-8.976,-2.034,-5.564,
KHSR,01,19,43.36915,-103.389,20.823,6.93,3.893,-1.65,
KHSR,06,24,43.3672,-103.387,75.705,6.929,8.776,3.233,1992.52
KHST,05,23,25.48855,-80.38355,49.247,-7.233,6.481,0.613,2009.92
KHSV,18L,36R,34.63935,-86.76575,180.854,-4.1,4.954,-0.391,
KHSV,18R,36L,34.6355,-86.78245,180.961,-4.088,5.049,-0.298,2025.71
KHTH,10,28,38.54395,-118.6335,116.07,12.287,3.783,-0.231,
KHTH,15,33,38.5469,-118.6305,165.604,12.287,3.316,-0.699,
KHTL,09,27,44.3613,-84.6686,88.932,-6.677,5.609,2.304,2001.03
KHTL,18,36,44.35725,-84.6778,180.0,-6.669,6.669,3.36,1989.16
KHTO,10,28,40.959,-72.2526,89.018,-13.243,2.261,2.528,
KHTO,16,34,40.96025,-72.24965,149.575,-13.244,2.82,3.089,
KHTS,12,30,38.36825,-82.55955,112.557,-7.314,-0.13,-4.273,
KHTW,08,26,38.4191,-82.4954,80.809,-7.362,8.171,4.053,1982.72
KHUA,17,35,34.67865,-86.6848,169.557,-4.158,3.715,-1.62,
KHUF,05,23,39.4489,-87.31145,47.312,-4.146,1.458,-3.393,
KHUF,14,32,39.45275,-87.3014,134.875,-4.153,-0.971,-5.82,
KHUL,05,23,46.12305,-67.79205,31.469,-15.717,-2.814,1.709,
KHUM,12,30,29.5669,-90.6605,125.552,-1.156,6.708,1.111,2009.32
KHUM,18,36,29.56605,-90.66035,180.277,-1.156,1.433,-4.164,
KHUT,13,31,38.06705,-97.863,138.141,3.28,4.861,-0.377,
KHUT,17,35,38.06425,-97.86245,177.284,3.28,4.005,-1.233,
KHVC,08,26,36.857,-87.4551,77.782,-3.813,1.595,-3.58,
KHVE,09,27,38.4182,-110.706,92.893,9.886,-6.993,-11.376,
KHVE,17,35,38.4249,-110.7035,183.308,9.886,3.422,-0.962,
KHVN,02,20,41.26375,-72.8877,2.821,-13.04,-4.138,-4.019,
KHVR,03,21,48.5415,-109.7625,45.384,10.96,4.424,-2.301,
KHVR,08,26,48.544,-109.762,89.992,10.96,-0.968,-7.694,
KHVS,03,21,34.40305,-80.11925,22.357,-8.37,0.726,-3.686,
KHWD,10L,28R,37.66035,-122.1225,120.99,12.785,8.205,4.455,1985.1
KHWD,10R,28L,37.65815,-122.1215,119.662,12.784,6.878,3.129,2006.15
KHWO,10L,28R,26.00225,-80.23985,90.646,-7.375,-1.979,-7.771,
KHWO,10R,28L,25.9982,-80.23925,89.998,-7.375,-2.627,-8.419,
KHWO,19L,01R,26.002,-80.23965,180.569,-7.375,-2.055,-7.847,
KHWO,19R,01L,26.0024,-80.24405,180.557,-7.373,-2.07,-7.862,
KHWQ,09,27,46.45415,-109.855,95.665,10.7,-5.035,-11.149,
KHWV,06,24,40.8257,-72.86755,44.762,-12.974,-2.264,-2.309,
KHWV,15,33,40.81825,-72.8663,134.635,-12.973,-2.392,-2.439,
KHWY,15,33,38.58625,-77.71065,138.773,-10.287,-0.941,-3.631,
KHXD,03,21,32.2244,-80.69745,26.083,-7.779,3.861,-1.075,
KHXF,09,27,43.35058,-88.38964,91.107,-3.745,4.853,0.369,
KHXF,18,36,43.34945,-88.3908,185.423,-3.744,9.167,4.683,1978.0
KHYA,06,24,41.6694,-70.2752,49.889,-14.075,3.964,5.368,
KHYA,15,33,41.6693,-70.2857,139.799,-14.072,3.871,5.27,
KHYI,08,26,29.89215,-97.8671,87.694,3.154,4.541,-0.302,
KHYI,13,31,29.8918,-97.86355,132.766,3.152,-0.385,-5.228,
KHYI,17,35,29.89455,-97.8574,177.923,3.148,4.775,-0.069,
KHYR,03,21,46.02585,-91.44425,24.817,-1.633,-3.55,-8.327,
KHYR,16,34,46.0238,-91.4444,160.838,-1.632,2.47,-2.306,
KHYS,04,22,38.83945,-99.27225,47.774,4.186,3.587,-1.624,
KHYS,16,34,38.8441,-99.2738,167.339,4.188,3.151,-2.06,
KHYW,04,22,33.82845,-79.1222,31.62,-8.888,0.508,-3.795,
KHYX,05,23,43.43245,-83.8621,44.175,-7.115,1.29,-2.009,
KHYX,10,28,43.4339,-83.8625,89.994,-7.115,-2.891,-6.189,
KHZD,01,19,36.0906,-88.46295,12.066,-3.049,5.115,-0.206,2024.54
KHZE,15,33,47.2897,-101.5805,153.334,6.02,-2.686,-8.81,
KHZL,10,28,40.9868,-75.99485,94.258,-11.564,5.822,4.554,1980.97
KHZR,18,36,30.71835,-91.4787,184.32,-0.698,5.018,-0.508,2026.38
KHZX,14,32,46.6188,-93.30985,140.194,-0.189,0.382,-4.72,
KHZY,09,27,41.778,-80.6955,78.623,-8.995,-2.383,-5.126,
KI06,18,36,34.5668,-101.7815,190.802,5.424,5.379,0.693,2022.12
KI10,05,23,39.80095,-81.5363,40.679,-8.165,-1.155,-4.704,
KI12,05,23,40.23975,-84.15175,39.985,-6.471,-3.544,-7.667,
KI12,10,28,40.24245,-84.15035,93.925,-6.472,0.398,-3.724,
KI16,08,26,37.60045,-81.55925,69.722,-7.865,-2.413,-6.484,
KI17,08,26,40.1647,-84.30845,75.285,-6.353,1.638,-2.537,
KI18,04,22,38.92975,-81.8195,29.9,-7.866,-2.234,-6.07,
KI22,07,25,40.16885,-84.92695,72.309,-5.922,8.231,3.921,1983.47
KI22,09,27,40.16915,-84.92315,91.042,-5.924,6.966,2.657,1994.26
KI23,05,23,39.5704,-83.42055,33.982,-6.889,-9.129,-13.221,
KI34,18,36,39.3269,-85.52255,179.53,-5.407,4.938,0.36,
KI35,08,26,36.85935,-83.35845,76.016,-6.611,2.627,-1.978,
KI39,18,36,37.63085,-84.33235,174.45,-6.044,0.494,-4.154,
KI43,01,19,38.98135,-82.57785,5.282,-7.378,2.66,-1.356,
KI50,06,24,37.8501,-83.84575,59.227,-6.397,5.624,1.105,2011.91
KI53,01,19,37.3095,-85.05885,6.152,-5.515,1.667,-3.154,
KI54,09,27,40.02,-83.8289,89.996,-6.666,6.662,2.569,1995.36
KI58,08,26,34.9393,-104.6455,89.076,6.885,2.191,-2.235,
KI63,18,36,39.9854,-90.80415,180.81,-1.649,2.458,-2.725,
KI64,03,21,41.2931,-82.3707,22.989,-7.827,0.816,-2.593,
KI66,03,21,39.50325,-83.8628,28.106,-6.579,4.685,0.478,
KI67,01,19,39.25895,-84.7743,0.0,-5.922,-4.078,-8.524,
KI68,01,19,39.46215,-84.25185,3.988,-6.307,0.296,-4.005,
KI69,04,22,39.0788,-84.2098,36.308,-6.291,2.599,-1.766,
KI71,12,30,39.6542,-81.8032,119.901,-7.973,7.873,4.214,1981.8
KI73,08,26,39.68255,-84.243,90.589,-6.34,16.929,12.673,
KI74,02,20,40.13265,-83.7534,17.757,-6.732,4.489,0.438,
KI75,18,36,41.05235,-93.68955,178.816,0.402,-1.586,-6.905,
KI76,01,19,40.78635,-86.14635,4.38,-5.125,-0.496,-4.945,
KI86,08,26,39.6916,-82.1978,71.783,-7.72,-0.497,-4.254,
KI93,09,27,37.7851,-86.44195,91.18,-4.605,5.784,0.833,2012.43
KI95,04,22,40.61075,-83.64355,39.702,-6.869,6.571,2.651,1994.91
KIAB,01L,19R,37.6234,-97.269,12.524,2.894,-0.369,-5.617,
KIAB,01R,19L,37.6229,-97.26625,12.391,2.892,-0.501,-5.749,
KIAD,01C,19C,38.95485,-77.45955,0.715,-10.477,1.192,-1.301,
KIAD,01L,19R,38.95789,-77.47464,0.642,-10.469,1.111,-1.386,
KIAD,01R,19L,38.93955,-77.4362,0.574,-10.488,1.062,-1.427,
KIAD,12,30,38.9387,-77.47315,110.725,-10.467,1.192,-1.31,
KIAG,06,24,43.10555,-78.93945,50.189,-10.304,0.494,-1.17,
KIAG,10,28,43.1095,-78.9504,89.987,-10.298,0.286,-1.381,
KIAH,08L,26R,30.0072,-95.3446,89.993,1.714,8.279,3.123,1995.57
KIAH,08R,26L,29.9934,-95.34015,89.993,1.711,8.281,3.125,1995.55
KIAH,09,27,29.9776,-95.3183,89.992,1.699,-1.707,-6.865,
KIAH,15L,33R,29.97335,-95.34895,151.816,1.717,0.099,-5.055,
KIAH,15R,33L,29.97565,-95.35395,151.903,1.72,0.183,-4.971,
KIBM,10,28,41.18805,-103.677,104.494,6.924,-2.43,-7.658,
KICL,02,20,40.72135,-95.0269,24.245,1.371,2.874,-2.492,
KICL,13,31,40.7226,-95.0255,141.676,1.37,10.306,4.94,1976.38
KICR,03,21,43.391,-99.8433,38.679,4.705,3.975,-1.591,
KICT,01L,19R,37.6483,-97.4399,20.031,3.004,7.028,1.788,2005.97
KICT,01R,19L,37.6522,-97.422,19.982,2.992,6.989,1.748,2006.28
KICT,14,32,37.65005,-97.43465,149.807,3.0,6.807,1.567,2007.76
KIDA,02,20,43.51225,-112.0745,38.075,11.193,6.882,1.552,2008.87
KIDA,17,35,43.51705,-112.062,180.0,11.189,-1.189,-6.52,
KIDG,12,30,42.3326,-95.4449,121.811,1.637,0.174,-5.222,
KIDL,18,36,33.48575,-90.67885,179.751,-1.367,1.118,-4.386,
KIDP,04,22,37.1603,-95.78125,45.189,1.925,3.264,-2.039,
KIDP,17,35,37.15715,-95.7766,180.0,1.922,8.078,2.775,1996.64
KIEN,12,30,43.0213,-102.5065,128.007,6.379,1.628,-3.882,
KIER,07,25,31.7391,-93.10115,76.316,0.293,6.023,0.619,2015.2
KIER,17,35,31.733,-93.0976,166.378,0.291,-3.913,-9.317,
KIFA,13,31,42.4708,-93.26995,135.103,0.034,5.07,-0.187,2025.2
KIFP,16,34,35.1574,-114.5595,177.718,10.637,7.081,3.48,2004.27
KIGM,03,21,35.2581,-113.94,44.821,10.476,4.345,0.688,
KIGM,17,35,35.26085,-113.936,180.0,10.475,-0.475,-4.134,
KIGQ,09,27,41.5399,-87.5317,89.996,-4.194,4.19,-0.401,
KIGQ,18,36,41.5307,-87.5277,180.0,-4.196,4.196,-0.395,
KIJD,09,27,41.745,-72.17765,74.199,-13.409,-2.392,-1.775,
KIJD,18,36,41.7426,-72.1842,163.119,-13.406,-3.475,-2.862,
KIJX,04,22,39.7748,-90.23805,44.972,-2.048,7.02,1.869,2001.31
KIJX,13,31,39.77445,-90.23845,135.167,-2.047,7.215,2.063,1999.55
KIKG,13,31,27.55085,-98.03095,140.124,3.232,6.891,2.192,2008.2
KIKK,04,22,41.07225,-87.8481,38.158,-3.913,2.071,-2.643,
KIKK,16,34,41.0703,-87.8437,160.966,-3.916,4.882,0.169,
KIKV,04,22,41.69295,-93.56705,45.254,0.288,4.965,-0.334,
KIKV,18,36,41.69015,-93.5658,180.0,0.287,-0.287,-5.587,
KILE,01,19,31.08585,-97.6865,16.544,3.063,3.48,-1.443,
KILG,01,19,39.67885,-75.6027,5.079,-11.551,6.63,5.055,1975.42
KILG,09,27,39.6802,-75.6077,77.631,-11.549,-0.82,-2.397,
KILG,14,32,39.6761,-75.6105,130.55,-11.547,2.096,0.517,
KILM,06,24,34.2692,-77.9004,48.383,-9.628,-1.989,-5.882,
KILM,17,35,34.2722,-77.905,159.279,-9.625,-1.095,-4.988,
KILN,04L,22R,39.43105,-83.7978,37.43,-6.615,4.045,-0.162,
KILN,04R,22L,39.4242,-83.78535,37.355,-6.623,3.978,-0.228,
KIML,03,21,40.51225,-101.619,45.985,5.69,10.294,5.053,1975.63
KIML,13,31,40.50925,-101.6205,142.891,5.691,7.2,1.959,2005.13
KIMM,09,27,26.43725,-81.3978,87.906,-6.73,4.635,-1.203,
KIMM,18,36,26.43035,-81.40495,178.133,-6.724,4.858,-0.981,
KIMS,03,21,38.75985,-85.46475,31.628,-5.386,7.015,2.355,1996.54
KIMT,01,19,45.81935,-88.1134,7.637,-4.264,1.901,-2.092,
KIMT,13,31,45.8167,-88.11645,132.041,-4.261,6.302,2.307,1998.23
KIND,05L,23R,39.71735,-86.30685,44.53,-4.893,-0.577,-5.23,
KIND,05R,23L,39.71,-86.29195,44.443,-4.903,-0.654,-5.306,
KIND,14,32,39.7269,-86.2792,134.548,-4.914,-0.539,-5.186,
KINF,01,19,28.8036,-82.3183,5.924,-6.422,2.346,-3.294,
KINJ,16,34,32.0835,-97.0972,164.71,2.732,1.978,-3.057,
KINK,04,22,31.78275,-103.2005,51.568,5.952,5.615,1.323,2019.45
KINK,13,31,31.7777,-103.203,141.129,5.953,5.176,0.884,2024.47
KINL,04,22,48.56565,-93.40255,42.086,-0.279,2.364,-2.658,
KINL,13,31,48.5664,-93.40335,135.873,-0.278,6.151,1.128,2005.59
KINS,08,26,36.584,-115.6805,92.28,11.194,1.086,-2.683,
KINS,13,31,36.5894,-115.673,143.74,11.193,2.548,-1.223,
KINT,04,22,36.13775,-80.2257,30.69,-8.511,-0.8,-4.867,
KINT,15,33,36.13135,-80.21975,144.5,-8.514,3.014,-1.053,
KINW,04,22,35.01965,-110.7275,58.216,9.402,8.814,4.948,1976.58
KINW,11,29,35.0243,-110.7175,119.055,9.399,-0.345,-4.212,
KIOB,03,21,38.0581,-83.97955,27.093,-6.331,3.424,-1.084,
KIOW,07,25,41.6409,-91.5475,70.433,-1.206,1.639,-3.501,
KIOW,12,30,41.63885,-91.54685,124.805,-1.206,6.011,0.871,2010.74
KIPJ,05,23,35.48335,-81.1612,47.19,-7.861,5.051,0.628,2024.81
KIPL,08,26,32.8321,-115.5825,89.996,10.511,-0.515,-3.702,
KIPL,14,32,32.83605,-115.575,152.349,10.51,1.839,-1.349,
KIPT,09,27,41.2407,-76.92295,76.972,-11.123,-1.906,-3.448,
KIPT,12,30,41.2434,-76.919,105.781,-11.125,-3.094,-4.634,
KIRK,09,27,40.0978,-92.5476,89.998,-0.386,0.384,-4.905,
KIRK,18,36,40.0925,-92.5443,180.553,-0.388,0.941,-4.348,
KIRS,01,19,41.8131,-85.44085,359.701,-5.756,-4.542,-8.647,
KIRS,06,24,41.81365,-85.43605,58.506,-5.76,4.266,0.162,
KISB,17,35,43.3695,-95.7598,180.0,1.845,8.155,2.726,1994.51
KISM,06,24,28.29045,-81.4375,58.0,-6.907,4.907,-0.714,
KISM,15,33,28.2892,-81.43675,147.946,-6.907,4.853,-0.769,
KISO,05,23,35.3314,-77.60885,41.052,-9.915,0.966,-2.584,
KISP,06,24,40.7954,-73.1035,44.841,-12.871,-2.287,-2.444,
KISP,15L,33R,40.79595,-73.09435,134.754,-12.875,-2.371,-2.523,
KISP,15R,33L,40.7972,-73.1007,134.915,-12.873,-2.213,-2.367,
KISQ,01,19,45.974,-86.17065,359.418,-5.804,-4.779,-8.149,
KISQ,10,28,45.97495,-86.17245,90.407,-5.802,-3.791,-7.161,
KISW,02,20,44.36045,-89.83825,19.849,-2.735,2.584,-2.052,
KISW,11,29,44.36095,-89.83795,115.615,-2.736,8.35,3.714,1984.45
KISW,18,36,44.3585,-89.8422,175.791,-2.732,-1.477,-6.114,
KITH,14,32,42.491,-76.45845,133.88,-11.587,5.467,4.571,1981.11
KITR,15,33,39.2425,-102.2855,157.875,5.998,1.878,-3.196,
KIWA,12C,30C,33.3076,-111.6545,135.993,9.466,6.527,2.971,2009.76
KIWA,12L,30R,33.30845,-111.6505,136.051,9.465,6.587,3.03,2009.19
KIWA,12R,30L,33.3075,-111.661,135.352,9.468,5.884,2.328,2016.19
KIWD,09,27,46.52755,-90.13135,90.308,-2.743,3.052,-1.36,
KIWH,09,27,40.7611,-85.79995,89.055,-5.371,4.426,0.042,
KIWH,18,36,40.76395,-85.7959,178.371,-5.374,3.745,-0.638,
KIWI,07,25,43.9614,-69.71255,51.523,-14.697,-3.781,-1.123,
KIWS,15,33,29.8182,-95.6726,154.328,1.91,2.418,-2.693,
KIXA,02,20,36.3298,-77.63525,8.911,-10.025,-1.064,-4.363,
KIXD,04,22,38.833,-94.8885,47.099,1.308,5.791,0.44,2016.22
KIXD,18,36,38.82945,-94.8916,180.0,1.31,-1.31,-6.661,
KIYK,02,20,35.65535,-117.828,30.068,11.557,-1.49,-4.992,
KIYK,10,28,35.6655,-117.8285,114.335,11.559,2.776,-0.728,
KIYK,15,33,35.6573,-117.831,165.698,11.558,4.139,0.637,
KIZA,08,26,34.60685,-120.0755,98.393,11.82,6.573,3.342,2008.02
KIZG,14,32,43.99105,-70.9484,125.511,-14.298,-0.191,1.943,
KJAC,01,19,43.60735,-110.738,19.615,10.669,-1.054,-6.445,
KJAN,16L,34R,32.31735,-90.07255,158.047,-1.704,-0.249,-5.809,
KJAN,16R,34L,32.305,-90.07925,157.95,-1.699,-0.352,-5.912,
KJAS,18,36,30.8857,-94.03495,180.992,0.904,0.089,-5.226,
KJAU,05,23,36.33405,-84.16295,45.564,-6.019,1.584,-3.249,
KJAX,08,26,30.5008,-81.685,70.492,-6.992,-2.516,-7.871,
KJAX,14,32,30.4853,-81.69155,130.735,-6.986,-2.279,-7.637,
KJBR,05,23,35.83425,-90.6432,50.081,-1.519,1.6,-3.812,
KJBR,13,31,35.82785,-90.6513,134.718,-1.513,6.231,0.819,2011.3
KJCT,08,26,30.51185,-99.76015,92.786,4.18,8.605,3.973,1988.0
KJCT,17,35,30.5103,-99.76445,180.384,4.183,6.201,1.569,2013.98
KJDD,18,36,32.7422,-95.49645,182.182,1.769,0.412,-4.804,
KJDN,10,28,47.3333,-106.934,114.687,9.33,5.358,-0.973,2022.5
KJEF,09,27,38.59095,-92.15815,90.605,-0.597,1.201,-4.127,
KJEF,12,30,38.5913,-92.15495,122.349,-0.599,2.948,-2.38,
KJER,09,27,42.7267,-114.4565,99.726,11.913,-2.187,-7.259,
KJES,11,29,31.55395,-81.8825,99.525,-6.982,-3.493,-8.722,
KJFK,04L,22R,40.6354,-73.77515,30.706,-12.557,3.263,2.766,
KJFK,04R,22L,40.6353,-73.7626,30.651,-12.562,3.213,2.721,
KJFK,13L,31R,40.65075,-73.77475,120.916,-12.56,3.475,2.984,
KJFK,13R,31L,40.63815,-73.79415,120.806,-12.549,3.355,2.851,
KJFX,09,27,33.90205,-87.3138,92.105,-3.667,5.772,0.327,2015.71
KJFZ,07,25,37.06375,-81.7983,65.456,-7.647,3.103,-1.138,
KJGG,13,31,37.23915,-76.71605,120.654,-10.635,1.288,-1.462,
KJHW,07,25,42.15195,-79.25975,58.872,-9.946,-1.182,-3.299,
KJHW,13,31,42.15515,-79.256,118.515,-9.948,-1.536,-3.65,
KJKA,09,27,30.2903,-87.6692,89.994,-3.141,3.136,-2.563,
KJKA,17,35,30.28835,-87.67675,175.488,-3.136,8.624,2.925,1991.73
KJKJ,12,30,46.8393,-96.66375,116.334,2.438,-6.104,-11.727,
KJKL,01,19,37.59385,-83.31725,7.984,-6.721,4.706,0.243,
KJLN,13,31,37.15115,-94.49985,138.107,1.072,7.035,1.687,2005.19
KJLN,18,36,37.15515,-94.4978,182.051,1.07,0.981,-4.366,
KJMS,04,22,46.9301,-98.6786,44.726,3.952,0.774,-5.077,
KJMS,13,31,46.9294,-98.67785,134.825,3.952,0.873,-4.978,
KJNX,03,21,35.54085,-78.3903,29.857,-9.508,9.365,5.643,1970.22
KJOT,13,31,41.5175,-88.1754,126.592,-3.715,0.307,-4.4,
KJQF,02,20,35.3878,-80.70915,10.441,-8.128,-1.431,-5.773,
KJSO,14,32,31.8693,-95.2174,140.039,1.608,-1.57,-6.791,
KJST,05,23,40.31505,-78.83435,39.18,-9.904,-0.916,-3.469,
KJST,15,33,40.3159,-78.83485,144.185,-9.903,4.089,1.536,
KJSV,17,35,35.4382,-94.80285,180.423,1.299,9.123,3.803,1985.67
KJVL,04,22,42.6187,-89.04155,41.437,-3.173,4.61,-0.1,
KJVL,14,32,42.6212,-89.04535,133.484,-3.171,-3.345,-8.055,
KJVL,18,36,42.62095,-89.0361,179.387,-3.178,2.565,-2.143,
KJVY,14,32,38.3668,-85.73865,138.143,-5.154,3.297,-1.47,
KJWG,17,35,35.8647,-98.4208,180.0,3.578,6.422,1.335,2011.47
KJWN,02,20,36.18235,-86.8867,14.821,-4.15,-1.03,-6.224,
KJXI,18,36,32.698,-94.94885,180.437,1.431,-0.994,-6.258,
KJXN,07,25,42.2607,-84.459,51.177,-6.52,-12.303,-16.063,
KJXN,14,32,42.25835,-84.4599,132.949,-6.519,-0.532,-4.293,
KJYG,15,33,43.9863,-94.5579,149.078,0.933,-1.855,-7.197,
KJYL,05,23,32.64465,-81.59465,47.271,-7.277,4.548,-0.469,
KJYL,15,33,32.6462,-81.6003,145.467,-7.273,2.74,-2.277,
KJYO,17,35,39.07795,-77.5575,161.315,-10.442,1.757,-0.732,
KJYR,05,23,40.896,-97.62575,53.835,3.167,0.668,-4.718,
KJYR,17,35,40.89675,-97.6228,174.618,3.165,1.453,-3.933,
KJZI,04,22,32.6961,-80.0021,32.039,-8.246,0.285,-4.437,
KJZI,09,27,32.70495,-80.00365,89.567,-8.246,7.814,3.093,1989.89
KJZP,16,34,34.45335,-84.45735,159.258,-5.632,4.89,-0.258,
KK02,02,20,37.86865,-89.8621,17.326,-2.19,-0.484,-5.75,
KK06,18,36,39.97285,-90.40365,177.163,-1.94,-0.897,-6.047,
KK09,04,22,43.45335,-74.5177,32.43,-12.733,5.162,5.484,1926.86
KK15,14,32,38.11045,-92.6806,142.104,-0.208,2.311,-3.042,
KK16,06,24,43.2587,-75.6033,46.945,-12.17,-0.885,-1.115,
KK19,01,19,40.26195,-94.33985,12.156,0.894,1.262,-4.088,
KK20,06,24,37.39175,-83.265,59.55,-6.733,6.283,1.793,2002.6
KK20,14,32,37.3853,-83.26015,139.07,-6.735,5.806,1.315,2008.95
KK22,03,21,37.751,-82.6367,31.177,-7.188,8.365,4.077,1982.47
KK24,17,35,37.0097,-85.1027,175.267,-5.455,10.722,5.849,1969.55
KK32,16,34,37.74735,-97.4065,165.339,2.983,2.356,-2.89,
KK33,17,35,37.61525,-91.60445,167.294,-0.942,-1.764,-7.115,
KK38,17,35,39.7335,-97.0477,180.0,2.769,7.231,1.89,2003.79
KK49,03,21,36.5049,-101.8115,46.896,5.557,11.338,6.491,1950.65
KK49,17,35,36.5096,-101.8135,187.188,5.559,11.63,6.782,
KK51,01,19,37.2635,-98.54735,23.12,3.691,9.429,4.274,1981.67
KK51,13,31,37.2601,-98.54615,139.073,3.69,5.383,0.227,2021.84
KK51,16,34,37.2626,-98.54625,169.985,3.69,6.295,1.139,2012.42
KK52,09,27,39.63445,-91.727,91.797,-0.957,2.754,-2.512,
KK57,18,36,40.4462,-95.3673,180.835,1.615,-0.78,-6.149,
KK58,02,20,37.1667,-99.77515,28.543,4.43,4.113,-0.951,
KK58,14,32,37.16665,-99.77515,151.731,4.43,7.301,2.237,2004.2
KK59,16,34,39.5705,-95.1803,173.551,1.498,12.053,6.696,1950.47
KK61,04,22,39.4703,-98.13045,44.813,3.479,1.334,-3.965,
KK61,08,26,39.46865,-98.1304,91.262,3.479,7.784,2.485,1999.78
KK61,17,35,39.47285,-98.1269,179.11,3.476,5.634,0.334,2018.6
KK62,03,21,38.7041,-84.3917,27.102,-6.123,3.225,-1.246,
KK74,12,30,46.64875,-96.9986,118.296,2.698,-4.402,-10.055,
KK75,02,20,39.4292,-98.6795,26.142,3.831,2.311,-2.965,
KK75,12,30,39.42915,-98.67955,126.129,3.831,2.298,-2.978,
KK77,12,30,36.7575,-99.10195,133.625,4.013,9.612,4.525,1979.48
KK79,17,35,37.98445,-99.89435,181.173,4.534,6.639,1.525,2009.48
KK81,03,21,38.54115,-94.91955,38.143,1.334,6.81,1.461,2006.77
KK82,14,32,39.76335,-98.795,150.172,3.914,6.258,0.965,2012.35
KK83,01,19,39.90415,-95.77945,14.073,1.908,2.166,-3.196,
KK83,12,30,39.9021,-95.7769,124.21,1.906,2.304,-3.057,
KK94,17,35,38.54835,-99.2886,176.955,4.187,2.769,-2.422,
KKIC,11,29,36.22805,-121.122,130.484,12.329,8.155,4.666,1981.57
KKLS,12,30,46.118,-122.8985,140.252,14.673,5.579,-0.365,2020.96
KKNB,01,19,37.01055,-112.5315,19.454,10.32,-0.866,-4.896,
KL00,08,26,34.8708,-118.209,89.997,11.495,-1.498,-4.85,
KL04,08,26,32.8403,-115.2675,92.134,10.433,1.701,-1.509,
KL05,17,35,35.72835,-118.42,189.734,11.703,8.031,4.542,1983.89
KL06,15,33,36.4639,-116.881,169.079,11.482,7.596,3.908,1998.81
KL08,08,26,33.25905,-116.321,88.711,10.767,-2.056,-5.257,
KL09,05,23,36.60405,-117.159,56.671,11.576,-4.905,-8.605,
KL17,07,25,35.14165,-119.435,83.637,11.801,1.836,-1.51,
KL19,12,30,35.6196,-119.3535,140.75,11.877,8.873,5.44,1965.51
KL22,06,24,34.12775,-116.408,71.482,10.943,0.539,-2.788,
KL23,18,36,37.1021,-116.313,191.921,11.454,0.467,-3.362,
KL26,03,21,34.3772,-117.316,49.039,11.204,7.836,4.52,1985.0
KL31,18,36,30.445,-89.9889,180.0,-1.642,1.642,-3.978,
KL33,16,34,31.9975,-91.2472,180.0,-0.913,20.913,15.391,
KL35,8,26,34.26365,-116.8545,89.631,11.075,-1.444,-4.766,
KL39,18,36,31.1682,-93.34245,180.47,0.464,0.005,-5.376,
KL41,03,21,36.8125,-111.647,39.531,9.989,-0.458,-4.518,
KL45,16,34,35.32485,-118.996,171.451,11.748,-0.297,-3.692,
KL62,11,29,35.35265,-119.478,131.968,11.85,10.117,6.736,
KL64,05,23,33.7486,-115.323,66.29,10.603,5.687,2.35,2018.08
KL65,15,33,33.76481,-117.21901,166.544,11.069,5.475,2.25,2020.51
KL65,18,36,33.75897,-117.21915,179.474,11.068,-11.594,-14.818,
KL66,18,36,31.47515,-92.4583,180.0,-0.107,0.107,-5.346,
KL70,04,22,34.50355,-118.313,52.213,11.448,0.765,-2.521,
KL71,06,24,35.15125,-118.0165,75.269,11.505,3.763,0.356,
KL72,17,35,35.81015,-117.327,180.0,11.47,-1.47,-5.022,
KL73,16,34,35.59655,-119.128,180.0,11.827,8.173,4.735,1979.94
KL83,08,26,29.74775,-90.8329,83.734,-1.057,4.791,-0.792,
KL88,10,28,34.9375,-119.6885,116.918,11.811,5.107,1.806,2025.28
KL94,09L,27R,35.10115,-118.423,106.511,11.585,4.926,1.545,
KL94,09R,27L,35.1007,-118.4225,106.728,11.584,5.144,1.763,2024.83
KLAA,08,26,38.07395,-102.685,89.58,6.139,3.441,-1.484,
KLAA,18,36,38.06635,-102.6915,187.893,6.142,1.751,-3.173,
KLAF,05,23,40.41195,-86.93325,49.539,-4.515,4.054,-0.601,
KLAF,10,28,40.41255,-86.9392,99.212,-4.511,3.722,-0.934,
KLAL,05,23,27.9883,-82.0149,44.898,-6.522,1.42,-4.29,
KLAL,10,28,27.98925,-82.0207,89.751,-6.518,-3.73,-9.44,
KLAM,09,27,35.8798,-106.2695,101.69,7.726,3.964,-0.41,
KLAN,06,24,42.7773,-84.5936,53.057,-6.496,-0.447,-4.124,
KLAN,10L,28R,42.78185,-84.5783,90.571,-6.507,-2.922,-6.593,
KLAN,10R,28L,42.7781,-84.5876,90.562,-6.5,-2.938,-6.613,
KLAR,03,21,41.31085,-105.676,45.488,8.008,7.48,2.328,2003.58
KLAR,12,30,41.31365,-105.673,135.084,8.007,7.077,1.925,2006.63
KLAS,01L,19R,36.0865,-115.164,23.499,10.966,2.534,-1.18,
KLAS,01R,19L,36.08633,-115.1605,25.029,10.965,4.064,0.35,
KLAS,08L,26R,36.07633,-115.14617,89.985,10.959,-0.974,-4.687,
KLAS,08R,26L,36.07365,-115.1435,89.79,10.958,-1.168,-4.881,
KLAW,17,35,34.5668,-98.4164,176.801,3.543,3.257,-1.762,
KLAX,6L,24R,33.95062,-118.41657,82.988,11.366,11.622,8.43,
KLAX,6R,24L,33.94864,-118.41688,82.982,11.366,11.616,8.425,
KLAX,7L,25R,33.93772,-118.40094,82.994,11.36,1.633,-1.557,
KLAX,7R,25L,33.93551,-118.40089,83.01,11.36,1.65,-1.541,
KLBB,08,26,33.66225,-101.816,89.731,5.388,4.343,-0.266,
KLBB,17L,35R,33.65585,-101.817,180.0,5.388,4.612,0.003,
KLBB,17R,35L,33.6666,-101.829,180.0,5.395,4.605,-0.003,
KLBE,06,24,40.27485,-79.408,45.594,-9.558,-4.848,-7.608,
KLBF,12,30,41.1258,-100.6785,126.339,5.152,1.187,-4.151,
KLBF,17,35,41.12695,-100.693,180.0,5.161,4.839,-0.499,
KLBL,04,22,37.04425,-100.964,45.308,5.115,0.192,-4.771,
KLBL,17,35,37.04415,-100.956,180.0,5.111,4.889,-0.075,
KLBO,18,36,37.64835,-92.65245,181.674,-0.21,1.883,-3.481,
KLBR,17,35,33.5932,-95.06355,173.603,1.491,2.113,-3.16,
KLBT,05,23,34.6096,-79.06085,45.184,-9.015,4.198,0.081,
KLBT,13,31,34.61005,-79.0581,125.081,-9.016,4.098,-0.019,
KLBX,17,35,29.10865,-95.4621,180.0,1.799,8.201,3.087,1996.39
KLCG,05,23,42.24025,-96.9828,54.027,2.733,1.295,-4.149,
KLCG,13,31,42.2399,-96.9846,136.025,2.734,3.291,-2.153,
KLCG,18,36,42.24325,-96.9803,181.466,2.731,-1.265,-6.709,
KLCH,05,23,30.1329,-93.22325,51.873,0.427,1.446,-3.936,
KLCH,15,33,30.12065,-93.2235,154.591,0.428,4.163,-1.219,
KLCI,08,26,43.57275,-71.4189,67.644,-14.044,1.688,3.424,
KLCK,05L,23R,39.81485,-82.929,45.219,-7.251,2.47,-1.448,
KLCK,05R,23L,39.81275,-82.9267,45.356,-7.252,2.608,-1.31,
KLCQ,05,23,30.1807,-82.5755,51.933,-6.407,8.34,2.843,1991.17
KLCQ,10,28,30.18275,-82.57755,97.049,-6.406,3.454,-2.042,
KLDJ,9,27,40.61746,-74.2446,75.686,-12.344,-1.969,-2.667,
KLDM,01,19,43.964,-86.4128,1.743,-5.321,-2.936,-6.843,
KLDM,08,26,43.9615,-86.4045,71.301,-5.327,-3.371,-7.276,
KLEB,07,25,43.62965,-72.30315,59.374,-13.721,3.095,4.468,
KLEB,18,36,43.62235,-72.30535,167.892,-13.718,1.61,2.978,
KLEE,04,22,28.82175,-81.80735,35.215,-6.738,1.953,-3.638,
KLEM,11,29,45.9191,-102.105,126.374,6.302,10.072,4.145,1981.46
KLEM,17,35,45.917,-102.1085,187.636,6.304,11.332,5.405,1972.83
KLEW,04,22,44.04845,-70.28415,24.512,-14.534,-0.954,1.497,
KLEW,17,35,44.0484,-70.28235,148.207,-14.535,-7.258,-4.807,2001.17
KLEX,04,22,38.0349,-84.60705,41.477,-5.901,7.378,2.749,1992.99
KLEX,09,27,38.04,-84.61139,82.947,-5.899,-1.154,-5.783,
KLFI,08,26,37.08285,-76.36055,67.526,-10.798,-1.677,-4.352,
KLFK,07,25,31.2362,-94.74905,75.166,1.333,3.833,-1.419,
KLFK,16,34,31.23135,-94.75115,160.005,1.335,-1.33,-6.581,
KLFT,04L,22R,30.2058,-91.98835,38.652,-0.348,-0.999,-6.491,
KLFT,04R,22L,30.2047,-91.98525,38.645,-0.35,-1.005,-6.496,
KLFT,11,29,30.2051,-91.9901,109.782,-0.347,0.129,-5.362,
KLGA,04,22,40.7773,-73.8774,32.165,-12.535,4.7,4.214,
KLGA,13,31,40.7772,-73.8678,122.082,-12.54,4.621,4.139,
KLGB,08L,26R,33.82274,-118.15335,90.203,11.286,-1.083,-4.268,
KLGB,08R,26L,33.81391,-118.15488,89.975,11.285,-1.31,-4.493,
KLGB,12,30,33.81654,-118.14986,134.718,11.285,3.433,0.25,
KLGC,03,21,33.01055,-85.07345,24.297,-5.086,-0.618,-6.005,
KLGC,13,31,33.0073,-85.07185,126.6,-5.087,1.687,-3.701,
KLGD,12,30,45.2901,-118.0045,135.572,13.452,2.12,-3.575,
KLGD,17,35,45.29035,-118.011,180.0,13.454,-3.454,-9.149,
KLGF,06,24,32.8618,-114.3915,75.981,10.206,5.775,2.5,2017.06
KLGF,18,36,32.8672,-114.395,191.648,10.208,1.44,-1.836,
KLGU,17,35,41.79335,-111.8485,181.721,10.832,0.888,-4.066,
KLHB,18,36,30.8718,-96.6222,180.0,2.453,-2.453,-7.492,
KLHM,15,33,38.90915,-121.3515,166.201,12.906,3.295,-0.731,
KLHQ,10,28,39.75565,-82.6571,93.744,-7.425,1.168,-2.694,
KLHV,09L,27R,41.136,-77.42235,82.299,-10.835,3.134,1.362,
KLHV,09R,27L,41.1355,-77.42225,82.398,-10.835,3.233,1.461,
KLHW,06R,24L,31.8874,-81.56445,49.13,-7.214,-3.657,-8.789,
KLHW,15L,33R,31.8891,-81.5585,140.608,-7.218,-2.175,-7.306,
KLHW,15R,33L,31.8869,-81.55815,141.164,-7.218,-1.618,-6.75,
KLHX,08,26,38.04815,-103.5115,89.681,6.581,3.1,-1.76,
KLHX,12,30,38.05155,-103.507,135.591,6.579,9.013,4.152,1984.1
KLHZ,05,23,36.0233,-78.3303,41.001,-9.602,0.603,-2.982,
KLIC,16,34,39.27475,-103.6655,169.603,6.762,2.841,-2.148,
KLIT,04L,22R,34.73035,-92.228,46.431,-0.387,6.818,1.386,2007.08
KLIT,04R,22L,34.7272,-92.21125,46.471,-0.398,6.869,1.437,2006.64
KLIT,18,36,34.73124,-92.23838,181.457,-0.38,1.837,-3.594,
KLIU,01,19,33.92525,-102.3865,13.387,5.697,-2.31,-6.878,
KLIU,13,31,33.92185,-102.387,134.435,5.697,-1.262,-5.829,
KLJF,13,31,45.0971,-94.50725,138.344,0.845,7.499,2.172,1998.12
KLKP,14,32,44.26665,-73.9619,126.871,-13.154,0.025,0.95,
KLKR,06,24,34.7229,-80.8546,58.502,-7.962,6.464,1.956,2000.09
KLKU,09,27,38.0098,-77.9701,82.205,-10.063,2.268,-0.676,
KLKV,17,35,42.1611,-120.399,180.0,13.382,-3.382,-8.186,
KLLJ,17,35,44.52295,-114.2175,183.272,12.151,1.122,-4.411,
KLLN,08,26,33.5605,-102.3715,91.973,5.666,6.307,1.768,2012.83
KLLN,17,35,33.5498,-102.3725,182.852,5.666,7.186,2.648,2005.21
KLLQ,03,21,33.63855,-91.751,31.6,-0.66,2.26,-3.209,
KLLR,11,29,39.26195,-123.7535,127.348,13.357,3.99,-0.088,
KLLU,03,21,37.4895,-94.3115,32.32,0.938,1.383,-3.971,
KLMO,11,29,40.16425,-105.164,123.457,7.63,5.827,0.816,2017.2
KLMS,17,35,33.1462,-89.0625,169.861,-2.431,2.292,-3.245,
KLMT,07,25,42.15625,-121.733,90.375,13.637,6.738,1.948,2009.61
KLMT,14,32,42.1561,-121.733,158.312,13.637,4.676,-0.115,
KLNA,04,22,26.5939,-80.08665,32.091,-7.531,-0.378,-6.079,
KLNA,10,28,26.59105,-80.08565,91.783,-7.531,-0.686,-6.386,
KLNA,16,34,26.59415,-80.08295,152.021,-7.533,-0.446,-6.146,
KLND,04,22,42.81525,-108.73,41.172,9.674,-8.502,-13.79,
KLNK,14,32,40.8576,-96.76075,144.98,2.579,2.401,-2.986,
KLNK,17,35,40.8539,-96.7508,180.0,2.572,7.428,2.041,2001.85
KLNK,18,36,40.8453,-96.7618,180.244,2.579,-2.336,-7.722,
KLNL,05,23,46.15375,-89.2124,46.373,-3.435,-0.192,-4.423,
KLNL,14,32,46.1543,-89.21165,143.124,-3.436,6.559,2.328,1997.45
KLNN,05,23,41.68535,-81.39095,44.328,-8.532,2.86,-0.14,
KLNN,10,28,41.68245,-81.3883,90.481,-8.534,-0.986,-3.986,
KLNP,06,24,36.98755,-82.53,56.053,-7.168,3.221,-1.196,
KLNR,09,27,43.21265,-90.1778,89.58,-2.363,1.943,-2.888,
KLNR,18,36,43.21005,-90.18545,179.187,-2.357,1.543,-3.289,
KLNS,08,26,40.1235,-76.2926,67.804,-11.272,-0.924,-2.611,
KLNS,13,31,40.12045,-76.2974,119.231,-11.269,0.501,-1.19,
KLOL,02,20,40.06845,-118.568,30.373,12.567,-2.194,-6.534,
KLOL,08,26,40.06425,-118.5625,90.433,12.565,-2.131,-6.471,
KLOM,06,24,40.13755,-75.2651,53.129,-11.788,4.916,3.633,
KLOT,09,27,41.6087,-88.09405,89.993,-3.784,3.778,-0.903,
KLOU,06,24,38.22845,-85.6629,59.252,-5.193,4.444,-0.331,
KLOU,15,33,38.22745,-85.6648,143.536,-5.191,-1.273,-6.049,
KLOZ,06,24,37.0869,-84.0774,52.452,-6.157,-1.391,-6.086,
KLPC,07,25,34.6656,-120.4675,90.913,11.904,9.009,5.782,1953.13
KLPR,07,25,41.3443,-82.17765,64.987,-7.963,2.951,-0.388,
KLQK,05,23,34.80995,-82.7029,44.031,-6.813,0.844,-3.998,
KLQR,04,22,38.2072,-99.0863,44.81,4.051,0.759,-4.42,
KLQR,12,30,38.2072,-99.0869,135.02,4.051,10.969,5.789,1969.21
KLQR,17,35,38.21065,-99.0851,180.0,4.05,5.95,0.77,2015.53
KLRD,14,32,27.5426,-99.46175,147.411,3.962,3.449,-1.042,
KLRD,18L,36R,27.54505,-99.4599,182.712,3.961,-1.25,-5.741,
KLRD,18R,36L,27.54325,-99.46305,182.606,3.963,-1.357,-5.847,
KLRF,07,25,34.91675,-92.14655,71.067,-0.45,1.517,-3.913,
KLRG,17,35,45.36215,-68.53475,147.395,-15.345,-7.26,-3.427,2006.83
KLRO,17,35,32.898,-79.78285,167.408,-8.398,5.806,1.167,2010.38
KLRU,04,22,32.29055,-106.922,54.974,7.622,7.352,3.447,2002.63
KLRU,08,26,32.285,-106.9225,89.995,7.622,2.373,-1.532,
KLRU,12,30,32.2919,-106.9215,135.312,7.622,7.69,3.784,1998.92
KLRY,17,35,38.6102,-94.34355,177.134,0.936,6.198,0.844,2011.95
KLSB,01,19,32.33495,-108.6915,17.049,8.31,-1.261,-4.982,
KLSB,12,30,32.33275,-108.691,131.132,8.31,2.823,-0.898,
KLSE,04,22,43.87585,-91.25385,36.344,-1.591,-2.065,-7.004,
KLSE,13,31,43.879,-91.2567,134.349,-1.589,5.937,0.999,2009.48
KLSE,18,36,43.8815,-91.25875,179.459,-1.587,1.047,-3.892,
KLSF,15,33,32.3318,-84.98715,144.667,-5.079,-0.255,-5.71,
KLSK,10,28,42.7538,-104.4045,115.589,7.463,8.126,2.7,1998.89
KLSV,03L,21R,36.23715,-115.0355,41.703,10.956,0.747,-2.999,
KLSV,03R,21L,36.23525,-115.033,40.713,10.955,-0.242,-3.988,
KLTS,18L,36R,34.67015,-99.25955,179.81,4.037,-4.227,-9.173,
KLTS,18R,36L,34.664,-99.2738,180.0,4.045,-4.045,-8.989,
KLTY,07,25,48.52085,-110.9845,85.02,11.535,3.484,-3.252,
KLTY,16,34,48.51825,-110.987,180.0,11.536,8.464,1.728,2001.22
KLUD,17,35,33.25465,-97.58055,172.39,3.027,-0.636,-5.671,
KLUF,03L,21R,33.5331,-112.3875,43.631,9.731,3.9,0.375,
KLUF,03R,21L,33.53685,-112.379,42.501,9.729,2.772,-0.754,
KLUG,02,20,35.5069,-86.8039,17.865,-4.148,2.013,-3.247,
KLUK,03L,21R,39.1044,-84.4216,22.898,-6.149,-0.954,-5.358,
KLUK,03R,21L,39.10055,-84.41565,20.929,-6.152,-2.919,-7.322,
KLUK,07,25,39.1059,-84.41995,61.949,-6.15,-1.901,-6.304,
KLUL,13,31,31.67305,-89.17275,135.013,-2.257,7.271,1.664,2003.29
KLUM,09,27,44.89075,-91.8673,90.401,-1.196,1.597,-3.359,
KLUM,18,36,44.89495,-91.87035,182.974,-1.194,4.168,-0.788,
KLUX,08,26,34.50705,-81.9472,72.173,-7.26,-0.567,-5.329,
KLVJ,14,32,29.5213,-95.24215,144.239,1.663,2.577,-2.576,
KLVK,07L,25R,37.69385,-121.82,90.392,12.742,7.65,3.888,1998.13
KLVK,07R,25L,37.6925,-121.8205,89.997,12.742,7.256,3.494,2002.46
KLVL,18,36,36.7746,-77.7938,172.16,-9.995,2.155,-1.074,
KLVM,04,22,45.69785,-110.446,54.187,10.857,3.33,-2.578,
KLVM,08,26,45.7012,-110.4495,94.333,10.859,3.473,-2.436,
KLVM,13,31,45.7001,-110.4515,151.281,10.86,10.421,4.512,1979.44
KLVN,12,30,44.62785,-93.2281,117.023,-0.116,-2.86,-8.037,
KLVS,02,20,35.6539,-105.1425,33.264,7.185,6.079,1.625,2014.75
KLVS,14,32,35.6544,-105.1425,151.808,7.185,4.623,0.169,
KLWA,05,23,42.35265,-86.2539,43.604,-5.231,-1.165,-5.355,
KLWA,14,32,42.34915,-86.2582,132.406,-5.227,-2.367,-6.558,
KLWB,04,22,37.85835,-80.3995,35.254,-8.621,3.874,0.162,
KLWC,01,19,39.01035,-95.21775,19.17,1.531,7.638,2.288,1999.93
KLWC,15,33,39.0117,-95.2156,153.354,1.53,1.825,-3.525,
KLWL,01,19,41.1197,-114.9215,29.833,11.777,8.056,3.367,1998.65
KLWL,09,27,41.1159,-114.9225,101.022,11.777,-0.755,-5.442,
KLWM,05,23,42.7163,-71.12315,38.13,-13.98,2.111,3.595,
KLWM,14,32,42.7184,-71.1238,121.486,-13.981,-4.533,-3.048,
KLWS,08,26,46.3724,-117.015,98.834,13.391,5.442,-0.595,2022.16
KLWS,12,30,46.37725,-117.0165,131.237,13.393,-2.156,-8.194,
KLWT,03,21,47.04645,-109.474,38.332,10.604,-2.272,-8.55,
KLWT,08,26,47.053,-109.4575,89.991,10.597,-0.606,-6.886,
KLWT,13,31,47.0475,-109.4705,138.825,10.603,-1.778,-8.055,
KLWV,09,27,38.7677,-87.61,89.197,-3.869,3.066,-1.91,
KLWV,18,36,38.76085,-87.60105,179.689,-3.875,3.563,-1.412,
KLXL,13,31,45.94905,-94.3451,130.312,0.675,-0.363,-5.658,
KLXL,18,36,45.94945,-94.34705,181.432,0.677,0.756,-4.54,
KLXN,01,19,40.78945,-99.7736,18.255,4.57,3.686,-1.651,
KLXN,14,32,40.791,-99.77725,142.989,4.572,-1.583,-6.919,
KLXV,16,34,39.21945,-106.3165,172.321,8.106,4.215,-0.59,
KLYH,17,35,37.3297,-79.19905,161.439,-9.271,0.71,-2.796,
KLYV,18,36,43.61685,-96.2177,178.537,2.174,-3.638,-9.101,
KLZD,13,31,41.81975,-71.901,119.909,-13.529,3.438,4.204,
KLZU,07,25,33.97805,-83.96235,63.653,-5.91,-0.437,-5.589,
KLZZ,16,34,31.1062,-98.1959,170.583,3.349,7.234,2.371,2005.13
KM01,17,35,35.2007,-90.054,166.434,-1.889,-1.677,-7.113,
KM02,17,35,36.12795,-87.42985,172.255,-3.769,6.024,0.777,2011.57
KM04,01,19,35.5834,-89.5872,8.881,-2.234,1.115,-4.29,
KM05,18,36,36.1691,-89.6765,179.162,-2.21,1.372,-4.0,
KM11,17,35,31.90295,-90.3687,178.832,-1.484,10.316,4.753,1977.7
KM12,18,36,36.0943,-89.8586,180.0,-2.078,2.078,-3.304,
KM13,16,34,30.78605,-89.5045,159.748,-1.98,1.728,-3.903,
KM15,18,36,35.5959,-87.8767,180.0,-3.417,3.417,-1.912,
KM17,18,36,37.5961,-93.3477,182.496,0.275,2.222,-3.144,
KM18,04,22,33.71995,-93.66275,47.609,0.593,7.016,1.644,2006.15
KM18,16,34,33.7203,-93.6549,167.28,0.588,6.692,1.32,2008.83
KM19,04,22,35.6349,-91.17735,44.251,-1.141,5.392,-0.031,2021.01
KM19,18,36,35.64055,-91.17545,181.016,-1.143,2.159,-3.264,
KM20,02,20,37.39825,-86.2609,23.103,-4.694,7.797,2.818,1992.25
KM21,05,23,37.22625,-87.1564,55.858,-4.053,9.911,4.806,1977.25
KM22,02,20,34.44505,-87.71165,16.257,-3.44,-0.303,-5.721,
KM23,13,31,32.31195,-89.13585,131.576,-2.325,3.902,-1.677,
KM24,17,35,30.8433,-89.15975,171.014,-2.209,3.223,-2.418,
KM25,18,36,36.76915,-88.5847,184.339,-3.015,7.353,2.081,1999.02
KM27,09,27,34.87605,-94.1093,91.56,0.856,0.704,-4.648,
KM29,02,20,35.38515,-87.9675,19.001,-3.338,2.339,-3.013,
KM30,18,36,37.1829,-88.75065,180.413,-2.929,3.342,-1.906,
KM31,18,36,35.9033,-89.39725,176.005,-2.386,-1.609,-6.988,
KM32,01,19,33.346,-91.3157,14.202,-0.935,5.137,-0.353,2024.7
KM34,10,28,37.0095,-88.29585,88.941,-3.236,-7.823,-13.053,
KM36,02,20,34.88025,-91.1764,25.765,-1.104,6.869,1.419,2006.18
KM37,18,36,33.7764,-90.525,180.0,-1.486,1.486,-4.011,
KM40,18,36,33.87375,-88.4897,186.257,-2.868,9.126,3.639,1985.72
KM41,18,36,34.8044,-89.5211,178.935,-2.229,1.164,-4.285,
KM43,12,30,31.5953,-89.90645,122.815,-1.769,4.584,-1.006,
KM44,03,21,33.8872,-89.0225,29.86,-2.508,2.369,-3.127,
KM45,17,35,38.73475,-119.7675,183.702,12.568,1.134,-2.888,
KM46,06,24,45.85285,-106.7095,74.439,9.04,5.399,-0.575,2021.98
KM48,16,34,37.3292,-91.97515,169.893,-0.669,10.561,5.194,1974.7
KM50,04,22,45.8148,-119.8205,62.746,14.006,8.74,2.894,1998.1
KM51,13,31,33.49775,-88.6815,137.555,-2.712,10.267,4.753,1977.63
KM51,18,36,33.4973,-88.68115,183.961,-2.712,6.673,1.159,2007.44
KM52,02,20,35.65175,-88.38165,21.837,-3.073,4.91,-0.443,
KM52,15,33,35.6502,-88.3771,148.684,-3.076,1.76,-3.593,
KM53,04,22,35.8022,-88.87495,46.108,-2.742,8.85,3.485,1986.91
KM54,01,19,36.1905,-86.31645,6.46,-4.543,1.003,-4.134,
KM54,04,22,36.19025,-86.3136,45.538,-4.545,10.083,4.946,1976.35
KM55,17,35,33.8467,-88.11545,165.858,-3.12,-1.022,-6.501,
KM59,18,36,31.3174,-88.935,180.0,-2.389,2.389,-3.238,
KM60,09,27,35.2719,-91.27035,91.087,-1.059,2.147,-3.289,
KM66,17,35,38.34305,-97.21325,175.445,2.866,2.579,-2.701,
KM70,18,36,36.2455,-90.9552,180.837,-1.326,2.163,-3.234,
KM71,09,27,38.90175,-90.96035,91.95,-1.469,3.419,-1.843,
KM72,18,36,34.54905,-89.0244,176.455,-2.552,-0.993,-6.448,
KM73,10,28,34.4143,-91.4628,105.465,-0.888,6.353,0.894,2011.02
KM73,18,36,34.4109,-91.46755,180.491,-0.885,1.375,-4.083,
KM75,08,26,48.36645,-107.9195,85.016,9.989,-4.974,-11.607,
KM77,01,19,33.99675,-93.83815,11.885,0.699,1.186,-4.177,
KM79,09,27,32.4855,-91.7687,91.859,-0.596,2.455,-3.032,
KM79,18,36,32.4853,-91.77235,182.189,-0.594,2.782,-2.705,
KM83,18,36,33.584,-88.66665,180.449,-2.728,3.177,-2.332,
KM85,15,33,36.44375,-89.90385,149.83,-2.069,1.899,-3.464,
KM89,04,22,34.09985,-93.06615,42.43,0.192,2.238,-3.167,
KM90,15,33,36.7587,-120.3715,164.991,12.298,2.693,-0.916,
KM91,04,22,36.53715,-86.92065,33.123,-4.157,-2.72,-7.878,
KM93,08,26,36.3167,-87.91665,71.669,-3.446,-4.884,-10.15,
KM94,10,28,46.68725,-119.9195,115.662,14.211,1.451,-4.678,
KM95,18,36,33.71215,-87.815,182.137,-3.313,5.45,-0.03,2020.0
KMAC,10,28,32.8223,-83.5634,96.222,-6.052,2.274,-2.987,
KMAE,07,25,36.9834,-120.113,89.996,12.293,7.704,4.043,1996.97
KMAE,12,30,36.9886,-120.1125,135.996,12.294,3.702,0.041,
KMAF,04,22,31.93545,-102.198,53.762,5.48,8.282,3.855,1991.61
KMAF,10,28,31.94305,-102.204,113.965,5.483,8.482,4.055,1987.87
KMAF,16L,34R,31.94055,-102.197,180.0,5.48,14.52,10.093,
KMAF,16R,34L,31.9464,-102.2045,174.384,5.484,8.9,4.473,1981.4
KMAI,08,26,30.84155,-85.1781,81.85,-4.814,6.663,1.049,2007.22
KMAL,05,23,44.8518,-74.33055,38.157,-13.112,1.269,2.298,
KMAL,14,32,44.8511,-74.3239,128.202,-13.115,1.316,2.348,
KMAO,04,22,34.1812,-79.3347,34.395,-8.806,3.201,-1.077,
KMAW,14,32,36.59585,-89.99165,135.903,-2.017,-2.081,-7.437,
KMAW,18,36,36.60055,-89.9935,180.669,-2.016,2.685,-2.671,
KMBG,12,30,45.5465,-100.408,126.19,5.155,1.036,-4.778,
KMBG,17,35,45.5461,-100.403,180.0,5.151,4.849,-0.964,
KMBL,10,28,44.2726,-86.2443,91.512,-5.491,-2.997,-6.792,
KMBO,17,35,32.4387,-90.1031,175.241,-1.691,6.932,1.378,2006.27
KMBS,05,23,43.5345,-84.0784,45.581,-6.977,2.557,-0.781,
KMBS,14,32,43.53095,-84.08105,135.469,-6.974,2.443,-0.897,
KMBY,05,23,39.46475,-92.42775,53.273,-0.444,3.717,-1.589,
KMBY,13,31,39.46315,-92.42645,129.595,-0.444,0.04,-5.266,
KMCB,16,34,31.17845,-90.4719,155.584,-1.374,-3.043,-8.62,
KMCC,16,34,38.66765,-121.401,180.0,12.867,7.133,3.161,2004.44
KMCD,08,26,45.86495,-84.63735,74.942,-6.949,1.891,-0.986,
KMCE,12,30,37.28475,-120.514,137.234,12.429,4.806,1.098,
KMCF,04,22,27.84935,-82.5212,40.542,-6.195,6.737,0.974,2006.94
KMCI,01L,19R,39.30775,-94.72505,12.867,1.186,1.681,-3.674,
KMCI,01R,19L,39.2942,-94.70525,12.92,1.173,1.747,-3.607,
KMCI,09,27,39.2895,-94.7099,96.146,1.176,4.97,-0.384,
KMCK,04,22,40.2066,-100.5945,47.982,5.057,2.926,-2.331,
KMCK,12,30,40.20665,-100.5905,131.909,5.054,6.855,1.598,2007.65
KMCK,17,35,40.20365,-100.592,180.0,5.055,4.945,-0.311,
KMCN,05,23,32.692,-83.65275,47.886,-5.981,3.867,-1.422,
KMCN,14,32,32.69395,-83.64455,130.083,-5.987,-3.93,-9.217,
KMCO,17L,35R,28.4313,-81.28245,179.392,-7.016,16.408,10.821,
KMCO,17R,35L,28.42185,-81.29575,179.452,-7.007,16.459,10.868,
KMCO,18L,36R,28.4318,-81.32215,179.532,-6.992,6.524,0.932,2007.78
KMCO,18R,36L,28.4318,-81.3268,179.379,-6.989,6.368,0.776,2009.44
KMCW,12,30,43.1555,-93.33545,124.805,0.049,4.756,-0.486,
KMCW,18,36,43.1597,-93.3277,180.0,0.043,-0.043,-5.284,
KMCZ,03,21,35.8622,-77.1782,23.731,-10.212,3.944,0.661,
KMDD,07,25,32.0391,-102.101,75.194,5.438,-0.244,-4.691,
KMDD,16,34,32.03325,-102.101,162.032,5.438,-3.405,-7.852,
KMDF,17,35,36.4848,-99.1942,180.0,4.06,5.94,0.878,2015.91
KMDH,06,24,37.7783,-89.2525,60.742,-2.617,3.359,-1.874,
KMDH,18L,36R,37.7816,-89.24815,181.267,-2.62,3.887,-1.345,
KMDH,18R,36L,37.7749,-89.2586,180.94,-2.612,3.552,-1.682,
KMDS,03,21,44.0145,-97.0845,33.958,2.798,1.16,-4.367,
KMDS,15,33,44.01675,-97.0867,153.759,2.8,0.959,-4.568,
KMDT,13,31,40.1932,-76.7626,116.796,-11.038,-2.166,-4.008,
KMDW,04L,22R,41.78685,-87.75425,43.654,-4.055,7.71,3.115,1989.92
KMDW,04R,22L,41.7856,-87.7512,43.441,-4.058,7.499,2.904,1991.85
KMDW,13L,31R,41.7854,-87.7524,133.579,-4.057,7.636,3.041,1990.59
KMDW,13R,31L,41.78445,-87.7537,133.718,-4.056,7.774,3.179,1989.35
KMDZ,16,34,45.09825,-90.30685,155.913,-2.444,-1.643,-6.284,
KMEB,05,23,34.7966,-79.36425,45.885,-8.861,4.746,0.594,
KMEB,13,31,34.78395,-79.3687,135.169,-8.857,14.026,9.871,
KMEI,01,19,32.33125,-88.7538,9.257,-2.581,1.838,-3.742,
KMEI,04,22,32.33555,-88.7477,44.136,-2.585,6.721,1.141,2007.63
KMEJ,08,26,37.2818,-100.358,89.998,4.778,5.22,0.19,2023.91
KMEJ,17,35,37.2773,-100.3555,176.538,4.776,1.762,-3.267,
KMEM,09,27,35.0582,-89.9708,91.864,-1.937,3.801,-1.641,
KMEM,18C,36C,35.03935,-89.97585,178.927,-1.932,0.86,-4.583,
KMEM,18L,36R,35.03645,-89.9727,178.85,-1.934,0.785,-4.659,
KMEM,18R,36L,35.0367,-89.98715,179.087,-1.925,1.012,-4.432,
KMER,13,31,37.3805,-120.568,140.525,12.458,-1.933,-5.658,
KMEV,12,30,39.00035,-119.752,133.31,12.617,0.692,-3.386,
KMEV,16,34,39.00135,-119.752,180.0,12.618,7.382,3.304,2002.52
KMEY,02,20,42.1783,-95.79365,24.57,1.891,2.679,-2.729,
KMEZ,09,27,34.5427,-94.19815,92.078,0.921,1.157,-4.188,
KMEZ,17,35,34.54865,-94.20805,173.454,0.927,2.526,-2.818,
KMFD,05,23,40.8179,-82.51585,46.741,-7.662,4.403,0.832,
KMFD,14,32,40.82405,-82.5172,137.026,-7.662,4.689,1.119,
KMFE,13,31,26.17535,-98.2394,140.481,3.343,7.138,2.545,2006.1
KMFE,18,36,26.1771,-98.23635,189.232,3.341,5.891,1.297,2017.12
KMFI,04,22,44.6354,-90.18745,46.654,-2.49,9.145,4.473,1979.21
KMFI,16,34,44.63795,-90.1906,158.525,-2.488,1.014,-3.659,
KMFR,14,32,42.37497,-122.8733,158.764,13.875,4.89,0.047,
KMFV,03,21,37.6469,-75.76105,22.913,-11.177,4.09,1.794,
KMGC,02,20,41.7033,-86.82125,20.526,-4.736,5.262,0.834,2017.93
KMGE,11,29,33.91525,-84.51635,106.238,-5.54,1.778,-3.447,
KMGG,10,28,45.236,-93.9856,102.074,0.435,1.639,-3.619,
KMGJ,04,22,41.5144,-74.26475,22.064,-12.487,-5.449,-5.812,2017.35
KMGJ,08,26,41.5083,-74.26195,66.61,-12.488,-0.902,-1.267,
KMGM,03,21,32.2996,-86.3906,32.853,-4.151,7.003,1.464,2003.78
KMGM,10,28,32.3011,-86.3955,96.012,-4.148,0.159,-5.38,
KMGN,10,28,45.4255,-84.91365,96.045,-6.668,2.713,-0.385,
KMGR,04,22,31.086,-83.80435,38.861,-5.723,4.584,-0.916,
KMGR,16,34,31.0835,-83.8018,159.245,-5.724,4.969,-0.531,
KMGW,18,36,39.6436,-79.91755,172.24,-9.158,1.398,-1.709,
KMGY,02,20,39.58895,-84.22485,22.222,-6.341,8.564,4.293,1980.85
KMHE,13,31,43.7745,-98.04245,134.297,3.48,0.816,-4.74,
KMHE,18,36,43.7752,-98.03395,179.727,3.474,-3.748,-9.304,
KMHK,03,21,39.13975,-96.6714,39.93,2.515,7.415,2.087,2002.31
KMHL,09,27,39.09615,-93.2067,95.32,0.126,5.193,-0.146,2023.57
KMHL,18,36,39.09545,-93.20045,181.03,0.122,0.908,-4.432,
KMHR,04L,22R,38.55785,-121.2965,53.995,12.826,1.17,-2.782,
KMHR,04R,22L,38.5539,-121.298,53.783,12.825,0.958,-2.992,
KMHT,06,24,42.93585,-71.43965,42.448,-13.909,-3.643,-2.2,
KMHT,17,35,42.93015,-71.4327,156.473,-13.911,0.384,1.828,
KMHV,04,22,35.06365,-118.158,50.619,11.52,-0.901,-4.287,
KMHV,08,26,35.0592,-118.1545,89.993,11.518,-1.525,-4.911,
KMIA,08L,26R,25.80345,-80.28845,87.327,-7.325,14.652,8.831,
KMIA,08R,26L,25.80135,-80.28545,87.414,-7.326,14.74,8.919,
KMIA,09,27,25.7869,-80.2951,87.421,-7.319,4.74,-1.083,
KMIA,12,30,25.79295,-80.2899,119.484,-7.322,6.807,0.984,2006.26
KMIB,11,29,48.4158,-101.358,125.366,5.91,9.456,3.157,1988.4
KMIC,06L,24R,45.06335,-93.3549,53.445,-0.045,-6.51,-11.687,
KMIC,14,32,45.0615,-93.35295,141.329,-0.046,1.375,-3.801,
KMIE,03,21,40.24235,-85.39585,15.756,-5.599,-8.645,-13.039,
KMIE,14,32,40.24225,-85.39785,136.269,-5.598,1.867,-2.528,
KMIO,17,35,36.9092,-94.8875,180.687,1.335,9.352,4.018,1983.41
KMIT,12,30,35.50645,-119.1955,133.39,11.823,1.567,-1.852,
KMIT,17,35,35.5052,-119.186,180.0,11.821,-1.821,-5.24,
KMIV,10,28,39.367,-75.0718,89.993,-11.761,1.754,0.278,
KMIV,14,32,39.3687,-75.0727,135.046,-11.761,6.807,5.33,1970.72
KMIW,13,31,42.11285,-92.91665,127.168,-0.212,-2.62,-7.86,
KMIW,18,36,42.11245,-92.9198,183.294,-0.21,3.504,-1.736,
KMJD,18,36,30.4875,-89.6512,180.0,-1.864,1.864,-3.77,
KMJQ,04,22,43.64925,-94.98565,48.159,1.266,6.894,1.514,2004.07
KMJQ,13,31,43.65055,-94.9871,138.158,1.267,6.892,1.512,2004.09
KMJX,06,24,39.9275,-74.2924,49.627,-12.211,1.838,0.867,
KMJX,14,32,39.92364,-74.30075,128.263,-12.207,0.47,-0.505,
KMKA,15,33,44.52525,-98.9581,157.755,4.13,3.626,-2.023,
KMKC,01,19,39.12435,-94.5926,12.68,1.098,1.582,-3.772,
KMKC,04,22,39.12175,-94.59295,38.417,1.098,-2.681,-8.035,
KMKE,01L,19R,42.9445,-87.89525,7.139,-4.075,1.214,-3.231,
KMKE,01R,19L,42.9451,-87.8914,7.338,-4.078,1.417,-3.028,
KMKE,07L,25R,42.9548,-87.8968,71.402,-4.075,5.478,1.034,2012.93
KMKE,07R,25L,42.943,-87.9016,71.447,-4.07,5.517,1.071,2012.28
KMKE,13,31,42.9527,-87.8953,132.224,-4.076,6.3,1.856,2002.17
KMKG,06,24,43.16655,-86.24075,56.314,-5.344,1.658,-2.369,
KMKJ,08,26,36.89485,-81.3499,73.459,-7.911,1.369,-2.804,
KMKL,02,20,35.5981,-88.9159,22.206,-2.699,4.906,-0.476,
KMKL,11,29,35.60295,-88.9151,112.38,-2.7,5.08,-0.301,2025.2
KMKN,17,35,31.91795,-98.6003,180.0,3.589,6.411,1.553,2012.03
KMKO,04,22,35.66125,-95.3656,46.567,1.663,4.905,-0.388,
KMKO,13,31,35.65355,-95.35835,136.37,1.658,4.712,-0.58,
KMKO,18,36,35.6633,-95.3625,180.0,1.661,-1.661,-6.953,
KMKS,05,23,33.1855,-80.03625,42.813,-8.281,1.093,-3.542,
KMKT,04,22,44.2191,-93.9194,47.419,0.438,6.981,1.708,2002.19
KMKV,04,22,31.09475,-92.0692,36.745,-0.339,-2.916,-8.398,
KMKY,17,35,25.99505,-81.6725,167.893,-6.514,4.407,-1.498,
KMLB,05,23,28.09895,-80.63425,42.458,-7.37,-0.172,-5.732,
KMLB,09L,27R,28.10585,-80.6506,86.871,-7.361,4.232,-1.329,
KMLB,09R,27L,28.10205,-80.64535,86.917,-7.364,4.28,-1.281,
KMLC,02,20,34.8824,-95.78345,20.402,1.935,-1.533,-6.781,
KMLD,17,35,42.1665,-112.297,180.0,11.061,-1.061,-6.077,
KMLE,12,30,41.196,-96.11225,129.239,2.128,7.111,1.718,2003.95
KMLF,16,34,38.42655,-113.013,180.0,10.707,9.293,5.05,1975.47
KMLI,09,27,41.44885,-90.5088,91.033,-1.968,3.001,-2.042,
KMLI,13,31,41.449,-90.5053,128.286,-1.971,0.256,-4.787,
KMLJ,10,28,33.15415,-83.24135,91.142,-6.293,-2.565,-7.742,
KMLS,04,22,46.4265,-105.888,52.355,8.647,3.708,-2.391,
KMLS,13,31,46.42945,-105.885,134.565,8.646,-4.081,-10.181,
KMLT,11,29,45.64935,-68.6836,90.434,-15.373,-4.194,-0.28,
KMLT,16,34,45.64605,-68.68785,138.964,-15.371,-5.666,-1.756,2020.92
KMLU,04,22,32.511,-92.0369,44.954,-0.422,5.376,-0.096,2021.86
KMM,13,31,-7.9787,138.853,132.094,3.198,-1.105,-2.358,
KMMH,09,27,37.62405,-118.8385,109.005,12.156,6.849,3.025,2006.78
KMMK,18,36,41.50875,-72.8295,161.517,-13.107,-5.376,-5.134,2020.02
KMML,02,20,44.45085,-95.8189,28.002,1.863,6.139,0.683,2010.72
KMMS,02,20,34.2315,-90.28955,17.278,-1.671,-1.051,-6.533,
KMMT,05,23,33.92915,-80.8038,44.527,-7.903,2.43,-2.22,
KMMT,14,32,33.9188,-80.8006,133.947,-7.904,1.851,-2.801,
KMMU,05,23,40.79975,-74.41285,35.948,-12.298,-1.754,-2.452,
KMMU,13,31,40.7987,-74.4179,113.674,-12.295,-4.031,-4.732,
KMMV,04,22,45.1958,-123.1395,56.358,14.514,1.845,-3.806,
KMMV,17,35,45.1929,-123.132,186.326,14.512,1.814,-3.836,
KMNF,10,28,36.9928,-91.71445,99.218,-0.835,0.053,-5.323,
KMNI,02,20,33.5871,-80.20865,12.305,-8.223,0.528,-4.066,
KMNM,03,21,45.13025,-87.63845,30.856,-4.542,5.398,1.401,2010.04
KMNM,14,32,45.12245,-87.63865,139.967,-4.541,4.507,0.508,
KMNN,07,25,40.61485,-83.0635,59.852,-7.266,-2.883,-6.652,
KMNN,13,31,40.6183,-83.06335,120.029,-7.266,-2.705,-6.474,
KMNV,05,23,35.5453,-84.3803,43.756,-5.793,-0.451,-5.436,
KMNZ,18,36,31.6659,-98.14865,188.943,3.331,5.612,0.715,2019.53
KMO1,14,32,37.87485,-92.4085,146.333,-0.389,6.722,1.366,2006.67
KMO3,01,19,37.66025,-93.8168,16.4,0.596,5.804,0.443,2016.12
KMO6,15,33,38.5876,-90.9938,154.307,-1.427,5.734,0.452,2015.46
KMOB,15,33,30.6928,-88.24605,144.12,-2.796,-3.084,-8.754,
KMOB,18,36,30.6886,-88.2365,180.0,-2.802,2.802,-2.868,
KMOD,10L,28R,37.62515,-120.9515,123.933,12.577,11.356,7.591,
KMOD,10R,28L,37.62685,-120.959,123.702,12.579,11.123,7.358,
KMOP,05,23,43.62215,-84.7427,57.498,-6.51,14.008,10.492,
KMOP,09,27,43.6214,-84.73485,90.821,-6.516,7.337,3.823,1984.55
KMOR,05,23,36.1793,-83.37555,49.424,-6.525,5.948,1.222,2008.72
KMOT,08,26,48.258,-101.278,89.99,5.848,4.142,-2.122,
KMOT,13,31,48.2574,-101.2785,138.397,5.849,2.549,-3.715,
KMOX,04,22,45.5681,-95.96895,48.407,1.944,6.462,0.965,2007.48
KMPE,18,36,32.79945,-89.12595,185.293,-2.365,7.658,2.103,1999.24
KMPG,06,24,39.8808,-80.7358,51.689,-8.686,0.375,-2.919,
KMPI,08,26,37.51085,-120.0395,99.704,12.382,7.322,3.556,2001.94
KMPJ,03,21,35.13885,-92.90915,28.958,0.054,-1.096,-6.5,
KMPO,05,23,41.1384,-75.3772,36.448,-11.897,-1.655,-2.62,
KMPR,08,26,38.35495,-97.6944,89.177,3.177,6.0,0.74,2014.77
KMPR,18,36,38.3513,-97.68995,185.696,3.174,2.522,-2.738,
KMPV,17,35,44.20055,-72.56325,151.578,-13.736,-4.686,-3.169,
KMPZ,03,21,40.94755,-91.51165,30.783,-1.189,1.972,-3.208,
KMPZ,15,33,40.94615,-91.51075,152.362,-1.19,3.552,-1.628,
KMQB,09,27,40.5197,-90.65185,89.994,-1.796,1.79,-3.342,
KMQI,05,23,35.91865,-75.6963,38.191,-10.981,-0.828,-3.616,
KMQI,17,35,35.9195,-75.6946,157.849,-10.982,-1.169,-3.956,
KMQJ,07,25,39.83965,-85.9003,70.219,-5.196,5.415,0.854,2015.48
KMQJ,16,34,39.8489,-85.8925,159.703,-5.202,4.906,0.347,
KMQS,11,29,39.979,-75.86545,101.647,-11.467,3.114,1.54,
KMQY,01,19,36.0082,-86.52045,3.988,-4.387,-1.625,-6.804,
KMQY,14,32,36.00945,-86.5198,139.104,-4.387,3.492,-1.687,
KMRB,08,26,39.40191,-77.98468,70.645,-10.253,0.898,-1.641,
KMRC,06,24,35.5552,-87.179,53.492,-3.895,-2.613,-7.898,
KMRC,17,35,35.5525,-87.178,169.721,-3.895,3.616,-1.669,
KMRF,04,22,30.37085,-104.014,45.277,6.223,-0.947,-5.017,
KMRF,09,27,30.3696,-104.0215,89.998,6.226,-6.229,-10.298,
KMRF,13,31,30.372,-104.0185,137.256,6.225,1.031,-3.039,
KMRH,03,21,34.7327,-76.65895,25.116,-10.347,5.463,2.042,2006.78
KMRH,08,26,34.7354,-76.6622,68.014,-10.346,-1.64,-5.061,
KMRH,14,32,34.7325,-76.6606,132.443,-10.346,2.79,-0.632,
KMRJ,04,22,42.88535,-90.23175,40.455,-2.293,2.748,-2.125,
KMRJ,11,29,42.8879,-90.23945,110.444,-2.287,2.731,-2.144,
KMRN,03,21,35.82025,-81.6114,23.439,-7.619,1.059,-3.393,
KMRT,09,27,40.2247,-83.3516,83.053,-7.019,0.071,-3.862,
KMRY,10L,28R,36.58675,-121.8395,112.636,12.522,0.114,-3.427,
KMRY,10R,28L,36.58715,-121.845,112.707,12.523,0.184,-3.357,
KMSL,11,29,34.74525,-87.60685,114.112,-3.535,7.648,2.26,1997.11
KMSL,18,36,34.7454,-87.6159,181.705,-3.529,5.234,-0.154,2022.82
KMSN,03,21,43.14185,-89.33525,29.004,-3.001,2.005,-2.69,
KMSN,14,32,43.1421,-89.33405,136.371,-3.002,-0.627,-5.322,
KMSN,18,36,43.13675,-89.3416,182.034,-2.996,5.03,0.333,2025.46
KMSO,12,30,46.91635,-114.0925,130.369,12.536,-2.167,-8.394,
KMSP,04,22,44.88295,-93.2233,45.025,-0.136,5.161,-0.005,2022.93
KMSP,12L,30R,44.8871,-93.2075,121.129,-0.148,1.278,-3.885,
KMSP,12R,30L,44.88065,-93.21765,121.425,-0.14,1.565,-3.6,
KMSP,17,35,44.877,-93.2394,169.553,-0.123,-0.324,-5.492,
KMSS,05,23,44.9359,-74.8444,31.049,-12.888,-6.063,-5.226,2011.59
KMSS,09,27,44.9357,-74.847,76.272,-12.886,-0.842,-0.006,
KMSV,15,33,41.70165,-74.79505,142.743,-12.275,5.017,4.506,1982.52
KMSY,02,20,29.9938,-90.24845,15.448,-1.446,-3.106,-8.722,
KMSY,11,29,29.9929,-90.26635,105.467,-1.435,-3.098,-8.713,
KMTC,01,19,42.61385,-82.8369,1.372,-7.707,-0.921,-4.121,
KMTH,07,25,24.72615,-81.05135,67.326,-6.748,4.075,-1.925,
KMTJ,13,31,38.5014,-107.8965,139.426,8.749,0.678,-3.912,
KMTJ,17,35,38.5161,-107.893,180.0,8.749,1.251,-3.341,
KMTN,15,33,39.32565,-76.4138,135.378,-11.087,-3.534,-5.534,
KMTO,06,24,39.4781,-88.2794,59.872,-3.45,3.322,-1.654,
KMTO,11,29,39.4778,-88.2791,113.068,-3.45,6.518,1.543,2004.35
KMTP,06,24,41.07645,-71.9208,46.964,-13.391,0.355,0.81,
KMTV,13,31,36.63075,-80.0183,118.26,-8.696,-3.044,-6.946,
KMTW,07,25,44.13075,-87.6783,70.258,-4.381,4.639,0.443,
KMTW,17,35,44.12745,-87.68215,170.003,-4.378,4.381,0.183,
KMUI,07,25,40.43525,-76.56895,59.669,-11.178,0.847,-0.839,
KMUL,14,32,31.1377,-83.70405,135.358,-5.792,1.15,-4.336,
KMUO,12,30,43.0435,-115.8725,135.575,12.416,3.159,-1.953,
KMUT,06,24,41.36625,-91.1459,58.334,-1.487,-0.179,-5.297,
KMUT,12,30,41.37015,-91.15145,125.083,-1.483,6.566,1.447,2005.14
KMVC,03,21,31.458,-87.35105,29.482,-3.445,2.927,-2.702,
KMVE,03,21,44.97035,-95.71105,39.378,1.767,7.61,2.153,1998.49
KMVE,14,32,44.96825,-95.70975,142.795,1.767,1.029,-4.428,
KMVI,02,20,37.5273,-106.048,29.285,7.798,1.487,-3.109,
KMVI,16,34,37.5314,-106.0425,173.122,7.796,5.327,0.729,2022.78
KMVL,01,19,44.5346,-72.614,358.407,-13.787,2.194,3.844,
KMVM,18,36,44.7031,-67.4786,157.035,-15.458,-7.506,-3.555,2004.71
KMVN,05,23,38.32355,-88.8581,49.988,-2.939,2.926,-2.228,
KMVN,15,33,38.32295,-88.85935,149.978,-2.938,2.916,-2.239,
KMVY,06,24,41.39175,-70.61355,40.625,-13.914,-5.461,-4.318,2020.0
KMVY,15,33,41.39515,-70.61565,130.726,-13.914,-5.36,-4.216,2021.47
KMWA,02,20,37.75855,-89.0127,22.511,-2.786,5.297,0.079,2021.32
KMWA,11,29,37.7492,-89.00855,107.767,-2.788,0.555,-4.663,
KMWC,04L,22R,43.11065,-88.03455,36.241,-3.989,0.23,-4.218,
KMWC,04R,22L,43.10955,-88.0329,36.654,-3.99,0.644,-3.803,
KMWC,15L,33R,43.11115,-88.03425,145.579,-3.989,-0.432,-4.879,
KMWC,15R,33L,43.10985,-88.03575,145.297,-3.988,-0.715,-5.164,
KMWH,04,22,47.20475,-119.3165,54.39,14.177,0.213,-6.092,
KMWH,09,27,47.2162,-119.3105,108.718,14.178,4.54,-1.769,
KMWH,14L,32R,47.20805,-119.3175,161.827,14.178,7.649,1.343,2006.17
KMWH,14R,32L,47.22015,-119.328,160.48,14.183,6.297,-0.013,2014.32
KMWH,18,36,47.20395,-119.332,197.388,14.181,3.207,-3.098,
KMWL,13,31,32.7815,-98.05745,135.545,3.297,2.247,-2.716,
KMWL,17,35,32.7817,-98.06405,180.414,3.301,7.113,2.15,2006.02
KMWM,17,35,43.9134,-95.1094,180.0,1.349,8.651,3.26,1988.55
KMWO,05,23,39.53105,-84.3953,49.365,-6.217,5.582,1.263,2010.97
KMWO,08,26,39.53335,-84.39895,85.088,-6.214,11.303,6.984,1923.83
KMXA,18,36,35.89445,-90.15455,180.402,-1.861,2.263,-3.138,
KMXF,15,33,32.382,-86.3663,148.445,-4.174,2.619,-2.912,
KMXO,09,27,42.2189,-91.1617,89.997,-1.534,1.532,-3.527,
KMXO,15,33,42.2211,-91.16415,153.953,-1.533,5.485,0.427,2016.99
KMYF,05,23,32.81683,-117.14101,64.969,10.879,4.09,1.004,
KMYF,10L,28R,32.8155,-117.13792,115.001,10.878,4.122,1.036,
KMYF,10R,28L,32.81495,-117.14037,114.972,10.879,4.093,1.007,
KMYJ,06,24,39.1574,-91.8167,65.654,-0.867,6.522,1.229,2007.48
KMYJ,18,36,39.1577,-91.82095,181.508,-0.864,2.372,-2.92,
KMYL,16,34,44.8897,-116.1015,177.578,12.831,4.747,-0.855,
KMYR,18,36,33.67975,-78.9283,168.147,-8.982,-2.871,-7.159,
KMYV,05,23,39.0986,-121.5685,67.218,12.983,4.235,0.172,
KMYV,14,32,39.09735,-121.5705,155.095,12.983,2.112,-1.951,
KMYZ,16,34,39.85645,-96.6307,160.507,2.489,-1.982,-7.335,
KMZH,04,22,46.4186,-92.8048,40.66,-0.578,1.237,-3.781,
KMZJ,12,30,32.5099,-111.325,134.23,9.243,4.987,1.503,
KMZZ,04,22,40.49,-85.68035,37.575,-5.425,3.001,-1.407,
KMZZ,15,33,40.48965,-85.6787,150.098,-5.426,5.525,1.117,2012.46
KN03,06,24,42.59265,-76.21485,45.971,-11.733,-2.296,-3.052,
KN06,15,33,38.54235,-75.5941,136.557,-11.385,-2.058,-4.009,
KN12,06,24,40.0668,-74.1777,47.251,-12.285,-0.463,-1.337,
KN13,09,27,40.99775,-76.43605,72.627,-11.339,-6.034,-7.473,
KN14,01,19,39.93335,-74.80665,7.85,-11.974,9.825,8.65,
KN19,04,22,36.8332,-108.0305,49.501,8.602,0.899,-3.443,
KN19,08,26,36.8346,-108.0285,93.779,8.601,5.178,0.836,2024.53
KN23,07,25,42.30255,-75.41595,58.283,-12.083,0.366,-0.17,
KN24,17,35,36.8003,-105.5975,182.448,7.511,4.937,0.393,
KN27,05,23,41.74,-76.44715,35.371,-11.459,-3.169,-4.343,
KN35,01,19,40.9664,-78.92625,357.694,-9.951,-2.356,-4.737,
KN35,06,24,40.96675,-78.93295,56.875,-9.947,6.821,4.438,1980.97
KN37,01,19,41.62145,-74.7023,0.0,-12.304,2.304,1.8,
KN37,15,33,41.6237,-74.70005,137.681,-12.305,-0.014,-0.516,
KN38,10,28,41.7279,-77.3946,91.167,-10.949,2.116,0.562,
KN47,08,26,40.26035,-75.67125,66.952,-11.608,-1.439,-2.839,
KN51,04,22,40.57985,-74.7362,29.481,-12.111,1.592,0.68,
KN51,13,31,40.5863,-74.7368,119.183,-12.112,1.295,0.386,
KN52,04,22,34.8638,-80.748,37.911,-8.043,5.954,1.497,2006.7
KN57,06,24,39.83055,-75.76975,45.888,-11.491,-2.621,-4.208,
KN58,05,23,39.5619,-119.2465,65.328,12.621,2.707,-1.504,
KN58,15,33,39.55835,-119.24,163.575,12.618,0.956,-3.255,
KN59,07,25,38.8394,-119.3455,89.995,12.501,7.494,3.439,2001.4
KN59,17,35,38.84445,-119.3375,184.427,12.5,1.927,-2.129,
KN66,06,24,42.52475,-75.06445,44.169,-12.295,-3.536,-3.836,
KN68,06,24,39.97295,-77.64325,47.629,-10.528,-1.843,-4.082,
KN71,10,28,40.0922,-76.5744,84.857,-11.121,-4.022,-5.828,
KN73,05,23,39.90415,-74.74955,38.507,-11.997,0.503,-0.659,
KN79,08,26,40.83695,-76.55245,72.55,-11.252,3.802,2.261,
KN81,03,21,39.66745,-74.75775,15.902,-11.956,-2.142,-3.391,
KN82,05,23,41.59685,-74.4591,37.926,-12.413,0.339,-0.073,
KN82,09,27,41.5986,-74.45695,78.433,-12.414,0.847,0.436,
KN82,14,32,41.59635,-74.4563,127.849,-12.414,0.263,-0.149,
KN82,18,36,41.5957,-74.4586,174.897,-12.413,7.309,6.897,1913.89
KN87,11,29,40.21395,-74.6018,95.382,-12.115,-2.504,-3.495,
KN89,04,22,41.72785,-74.37735,34.895,-12.474,7.369,7.042,1911.87
KN94,10,28,40.18795,-77.17425,91.55,-10.818,2.367,0.369,
KN96,07,25,40.88545,-77.8163,56.156,-10.575,-3.268,-5.273,
KN98,09,27,45.20875,-84.9902,92.731,-6.575,9.305,6.122,1931.11
KNBC,05,23,32.48305,-80.7173,41.937,-7.795,-0.268,-5.164,
KNBC,14,32,32.4768,-80.72225,135.149,-7.791,2.941,-1.957,
KNBG,04,22,29.83335,-90.0263,44.233,-1.579,5.811,0.179,2017.4
KNBG,14,32,29.81675,-90.0271,140.523,-1.577,2.1,-3.533,
KNCA,01,19,34.7072,-77.4367,0.0,-9.932,-0.068,-3.725,
KNCA,05,23,34.7096,-77.44245,44.979,-9.929,4.909,1.251,
KNDY,16,34,38.331,-77.03705,158.854,-10.615,9.47,6.934,1924.94
KNDZ,05,23,30.7002,-87.01235,47.0,-3.605,0.605,-5.071,
KNDZ,14,32,30.69695,-87.0165,137.117,-3.602,0.718,-4.958,
KNEL,06,24,40.03585,-74.3497,50.649,-12.202,2.852,1.897,
KNEL,15,33,40.0343,-74.3546,140.423,-12.2,2.623,1.666,
KNEN,12,30,30.3539,-81.87195,107.658,-6.861,-5.481,-10.879,
KNEW,09,27,30.03715,-90.0257,89.319,-1.592,0.911,-4.717,
KNEW,18L,36R,30.0451,-90.0276,178.993,-1.592,0.585,-5.043,
KNEW,18R,36L,30.04335,-90.02975,179.215,-1.59,0.805,-4.823,
KNFE,05,23,36.695,-76.1358,47.027,-10.861,7.888,5.176,1974.29
KNFG,03,21,33.30135,-117.355,45.134,11.015,4.119,0.973,
KNFJ,18,36,30.5097,-86.9578,180.0,-3.624,3.624,-2.064,
KNFL,07,25,39.41345,-118.7035,87.931,12.471,5.46,1.266,2021.23
KNFL,13L,31R,39.4181,-118.694,145.671,12.47,3.201,-0.994,
KNFL,13R,31L,39.4198,-118.7,145.493,12.471,3.021,-1.174,
KNFW,18,36,32.7692,-97.44155,180.447,2.939,-2.492,-7.519,
KNGP,04,22,27.69495,-97.29195,45.008,2.84,2.168,-2.644,
KNGP,13L,31R,27.69045,-97.28675,135.0,2.838,2.163,-2.65,
KNGP,13R,31L,27.69295,-97.29285,134.865,2.841,2.024,-2.788,
KNGP,17,35,27.69235,-97.2885,180.0,2.838,7.162,2.349,2006.01
KNGS,05,23,30.61125,-86.94015,45.672,-3.644,-0.684,-6.365,
KNGS,09,27,30.61515,-86.9396,91.393,-3.645,5.038,-0.643,2026.07
KNGS,14,32,30.61115,-86.9411,135.808,-3.644,-0.548,-6.229,
KNGS,18,36,30.6108,-86.9436,180.0,-3.642,3.642,-2.039,
KNGU,10,28,36.9375,-76.2893,89.991,-10.815,0.806,-1.887,
KNGW,13,31,27.7014,-97.4374,132.818,2.918,-0.1,-4.892,
KNGW,17,35,27.7039,-97.44015,178.868,2.92,5.948,1.156,2016.57
KNHK,02,20,38.2834,-76.4198,7.904,-10.932,-1.164,-3.497,
KNHK,06,24,38.2875,-76.40605,49.134,-10.94,0.074,-2.253,
KNHK,14,32,38.28645,-76.4096,126.005,-10.938,-3.057,-5.386,
KNID,03,21,35.6858,-117.697,41.338,11.533,-0.195,-3.708,
KNID,14,32,35.68765,-117.6865,154.561,11.531,3.03,-0.485,
KNIP,10,28,30.23165,-81.6787,89.76,-6.967,-3.273,-8.665,
KNIP,14,32,30.2368,-81.67215,134.685,-6.972,1.656,-3.734,
KNJK,08,26,32.82915,-115.6715,89.774,10.533,-0.758,-3.939,
KNJK,12,30,32.82315,-115.664,134.546,10.53,4.016,0.836,
KNJM,05,23,34.69015,-77.02905,40.897,-10.148,1.045,-2.497,
KNJW,13,31,32.79615,-88.8317,134.232,-2.562,6.793,1.237,2006.8
KNKT,05L,23R,34.9112,-76.8715,45.437,-10.257,5.694,2.256,2001.61
KNKT,05R,23L,34.8959,-76.88795,45.473,-10.247,5.72,2.273,2001.16
KNKT,14L,32R,34.9109,-76.8895,135.485,-10.248,5.733,2.289,2000.86
KNKT,14R,32L,34.8948,-76.8727,135.435,-10.255,5.69,2.247,2001.75
KNKX,06L,24R,32.86872,-117.14594,75.396,10.89,4.507,1.413,
KNKX,06R,24L,32.86824,-117.13907,75.406,10.888,4.518,1.424,
KNLC,14L,32R,36.34725,-119.9515,155.609,12.137,3.472,-0.073,
KNLC,14R,32L,36.31905,-119.953,156.743,12.132,4.611,1.072,
KNMM,01L,19R,32.5413,-88.56905,9.043,-2.719,1.763,-3.807,
KNMM,01R,19L,32.5706,-88.55035,9.041,-2.734,1.774,-3.794,
KNMM,10,28,32.5475,-88.5442,99.112,-2.736,1.848,-3.721,
KNOG,01,19,27.89545,-98.0456,14.488,3.24,1.247,-3.468,
KNOG,13,31,27.89815,-98.0415,134.742,3.238,1.503,-3.213,
KNOW,07,25,48.1413,-123.414,93.798,15.196,8.602,1.949,2001.96
KNPA,01,19,30.35175,-87.32035,6.35,-3.374,-0.276,-5.974,
KNPA,07L,25R,30.35485,-87.3173,68.406,-3.376,1.782,-3.916,
KNPA,07R,25L,30.35305,-87.3165,68.404,-3.377,1.781,-3.917,
KNQA,04,22,35.35665,-89.87045,38.987,-2.024,1.011,-4.414,
KNQB,05,23,30.56285,-87.8076,43.273,-3.073,-3.654,-9.337,
KNQB,09,27,30.56475,-87.8088,90.667,-3.072,3.739,-1.943,
KNQB,16,34,30.561,-87.81175,156.59,-3.07,-0.34,-6.023,
KNQI,13L,31R,27.50625,-97.80645,134.108,3.115,0.993,-3.736,
KNQI,13R,31L,27.5049,-97.80795,134.292,3.116,1.177,-3.552,
KNQI,17L,35R,27.5034,-97.80835,179.291,3.116,6.176,1.447,2014.47
KNQI,17R,35L,27.5034,-97.8105,179.539,3.117,6.422,1.694,2012.29
KNQX,04,22,24.57395,-81.6904,31.375,-6.345,-2.281,-8.328,
KNQX,08,26,24.5765,-81.6857,73.098,-6.348,-0.554,-6.6,
KNQX,14,32,24.5727,-81.6843,130.729,-6.348,-2.923,-8.97,
KNRA,14,32,48.18835,-122.632,158.075,15.078,2.997,-3.669,
KNRB,05,23,30.39135,-81.42455,42.959,-7.14,0.098,-5.239,
KNRN,08,26,39.84575,-99.89415,90.979,4.609,6.369,1.113,2011.56
KNRN,16,34,39.8525,-99.8949,164.697,4.61,0.087,-5.169,
KNRQ,04L,22R,30.62695,-87.1418,38.603,-3.514,2.117,-3.564,
KNRQ,04R,22L,30.62365,-87.1382,38.604,-3.516,2.12,-3.561,
KNRQ,09L,27R,30.6275,-87.14,89.999,-3.515,3.513,-2.168,
KNRQ,09R,27L,30.6231,-87.14,89.999,-3.515,3.513,-2.168,
KNRQ,13L,31R,30.6268,-87.1382,134.764,-3.516,8.28,2.599,1994.13
KNRQ,13R,31L,30.62375,-87.1418,135.556,-3.513,9.07,3.388,1987.77
KNRQ,18L,36R,30.6253,-87.1375,180.0,-3.516,3.516,-2.165,
KNRQ,18R,36L,30.6253,-87.1425,180.0,-3.513,3.513,-2.168,
KNRS,08,26,32.5662,-117.1105,105.131,10.827,14.304,11.253,
KNRS,09,27,32.56615,-117.115,104.488,10.828,3.661,0.61,
KNSE,05,23,30.7209,-87.026,47.197,-3.597,0.795,-4.88,
KNSE,14,32,30.7242,-87.0219,136.906,-3.6,0.507,-5.167,
KNSI,12,30,33.2398,-119.458,132.676,11.44,1.236,-1.796,
KNTD,03,21,34.11946,-119.12181,43.821,11.543,2.278,-0.909,
KNTD,09,27,34.11892,-119.11512,105.016,11.541,3.474,0.287,
KNTU,05L,23R,36.82305,-76.03335,42.068,-10.93,2.998,0.358,
KNTU,05R,23L,36.8177,-76.0362,42.068,-10.928,2.995,0.353,
KNTU,14L,32R,36.82695,-76.0273,133.573,-10.933,4.506,1.869,
KNTU,14R,32L,36.8256,-76.02875,133.815,-10.932,4.747,2.11,
KNUC,06,24,33.02275,-118.588,67.224,11.227,-4.003,-7.041,
KNUI,08,26,38.1452,-76.42655,65.959,-10.909,-3.132,-5.511,
KNUI,15,33,38.1471,-76.4304,141.708,-10.907,2.616,0.236,
KNUQ,14L,32R,37.4172,-122.049,157.751,12.724,5.028,1.326,2026.29
KNUQ,14R,32L,37.41567,-122.05012,157.783,12.723,5.06,1.359,2025.91
KNUW,07,25,48.35185,-122.6565,87.118,15.118,2.0,-4.727,
KNUW,14,32,48.3518,-122.6555,153.202,15.118,-1.916,-8.643,
KNVD,13,31,37.85285,-94.30415,135.62,0.925,4.695,-0.659,
KNWL,17,35,27.63475,-97.3067,180.0,2.849,7.151,2.344,2006.1
KNXP,10,28,34.2961,-116.162,112.857,10.913,1.945,-1.422,
KNY0,10,28,42.9982,-74.3296,88.963,-12.731,1.693,1.903,
KNY2,10,28,43.0834,-76.283,97.348,-11.789,9.137,8.547,
KNYG,02,20,38.5036,-77.305,14.672,-10.496,5.168,2.592,2002.65
KNYL,03L,21R,32.6499,-114.614,44.081,10.23,3.851,0.621,
KNYL,03R,21L,32.65785,-114.6025,44.14,10.229,3.911,0.68,
KNYL,08,26,32.66605,-114.596,88.986,10.228,-1.243,-4.476,
KNZX,09,27,30.6806,-86.8929,89.996,-3.681,3.677,-1.999,
KNZY,11,29,32.69685,-117.211,122.798,10.873,1.925,-1.139,
KNZY,18,36,32.6994,-117.2155,195.61,10.875,4.736,1.671,
KO02,07,25,39.8185,-120.353,89.995,12.901,7.094,2.849,2005.61
KO05,05,23,40.2879,-121.2385,68.978,13.165,5.813,1.476,2017.13
KO05,16,34,40.28225,-121.241,173.715,13.164,0.551,-3.785,
KO08,13,31,39.179,-121.9935,151.578,13.072,8.506,4.431,1984.55
KO09,10,28,39.78985,-123.266,113.886,13.397,0.489,-3.713,
KO11,17,35,35.75695,-94.65,177.595,1.195,6.401,1.069,2011.03
KO15,12,30,37.4874,-120.6965,136.123,12.503,3.62,-0.123,
KO16,18,36,40.0857,-123.8135,196.1,13.537,2.564,-1.705,
KO20,12,30,38.09155,-121.359,133.491,12.743,0.748,-3.105,
KO22,11,29,38.03053,-120.41735,135.876,12.558,13.318,9.458,
KO22,17,35,38.03044,-120.41297,189.621,12.557,7.064,3.204,2004.81
KO24,16,34,37.95835,-119.106,163.196,12.278,-9.082,-12.964,
KO26,13,31,36.58947,-118.05455,143.468,11.784,1.684,-1.974,
KO26,16,34,36.58835,-118.052,180.0,11.783,8.217,4.559,1982.95
KO27,10,28,37.75635,-120.8,111.33,12.575,-1.246,-5.041,
KO28,16,34,39.4511,-123.37,180.0,13.342,6.658,2.534,2009.0
KO32,15,33,36.66635,-119.45,169.743,12.099,7.644,4.023,1997.54
KO35,17,35,34.70525,-99.9085,180.0,4.408,5.592,0.707,2019.64
KO37,15,33,39.72035,-122.146,165.426,13.208,2.218,-1.977,
KO41,18,36,38.67385,-121.872,197.905,12.949,4.956,0.989,
KO43,01,19,39.0046,-119.1575,26.0,12.492,3.507,-0.587,
KO46,14,32,41.475,-122.453,154.81,13.62,1.19,-3.422,
KO52,17,35,39.12365,-121.6055,185.358,12.995,2.364,-1.705,
KO53,17,35,36.7906,-97.749,180.0,3.185,6.815,1.632,2007.91
KO54,18,36,40.7457,-122.922,201.332,13.543,7.788,3.358,2000.13
KO57,16,34,38.26235,-119.226,180.0,12.363,7.637,3.698,1999.5
KO59,01,19,41.5528,-120.1665,32.509,13.211,9.298,4.643,1980.0
KO60,14,32,38.776,-122.9925,153.332,13.148,0.185,-3.791,
KO61,13,31,38.684,-120.9875,141.919,12.795,-0.876,-4.86,
KO65,17,35,36.11035,-98.3087,180.0,3.516,6.484,1.375,2010.86
KO69,11,29,38.2578,-122.605,126.321,12.983,3.338,-0.53,
KO70,01,19,38.3768,-120.794,20.102,12.698,-2.596,-6.52,
KO79,03,21,39.581,-120.3545,50.207,12.854,7.353,3.161,2003.15
KO81,11,29,41.88725,-121.3595,126.571,13.513,3.058,-1.667,
KO86,14,32,40.9829,-122.694,159.256,13.557,5.699,1.21,2018.62
KO88,07,25,38.19385,-121.7025,85.646,12.823,2.823,-1.044,
KO88,15,33,38.19245,-121.7065,157.451,12.823,-5.373,-9.24,
KOAJ,05,23,34.82915,-77.61215,44.385,-9.852,4.237,0.56,
KOAK,10L,28R,37.72765,-122.2135,112.881,12.813,0.068,-3.695,
KOAK,10R,28L,37.7255,-122.216,111.932,12.813,-0.881,-4.643,
KOAK,12,30,37.7103,-122.2275,129.362,12.812,-3.45,-7.208,
KOAK,15,33,37.73585,-122.2215,165.02,12.816,2.204,-1.56,
KOAR,11,29,36.6819,-121.7625,121.281,12.528,-1.248,-4.809,
KOBE,05,23,27.2639,-80.84875,44.251,-7.151,1.401,-4.291,
KOBE,14,32,27.2628,-80.8499,135.406,-7.15,2.556,-3.137,
KOBI,01,19,39.2185,-74.7972,0.0,-11.869,1.869,0.448,
KOBI,13,31,39.21975,-74.7925,120.453,-11.871,2.324,0.905,
KOCF,08,26,29.1801,-82.22675,80.264,-6.518,6.783,1.196,2005.16
KOCF,18,36,29.1693,-82.22305,179.737,-6.519,6.257,0.669,2010.66
KOCH,18,36,31.57775,-94.71015,184.634,1.303,3.331,-1.932,
KOCQ,04,22,44.87525,-87.9106,39.969,-4.297,4.266,0.148,
KOCQ,11,29,44.87355,-87.90905,109.203,-4.298,3.501,-0.617,
KOCW,05,23,35.5722,-77.05135,36.852,-10.244,-2.905,-6.225,
KOCW,17,35,35.57165,-77.04815,155.119,-10.245,-4.636,-7.955,
KODO,02,20,31.9209,-102.3885,29.426,5.572,3.854,-0.549,
KODO,16,34,31.92135,-102.389,165.62,5.572,0.047,-4.356,
KODX,13,31,41.62425,-98.95235,135.888,4.064,1.823,-3.594,
KODX,17,35,41.6218,-98.95005,179.208,4.063,5.145,-0.272,2024.63
KOEA,03,21,38.6904,-87.553,25.953,-3.903,-0.144,-5.123,
KOEA,09,27,38.6878,-87.553,89.996,-3.902,3.899,-1.08,
KOEA,14,32,38.69115,-87.54955,141.911,-3.905,5.816,0.839,2012.17
KOEB,04,22,41.935,-85.04815,33.514,-6.055,-0.432,-4.416,
KOEB,07,25,41.93275,-85.0553,63.678,-6.049,-0.273,-4.26,
KOEB,16,34,41.93325,-85.05165,162.254,-6.052,8.306,4.32,1980.69
KOEL,08,26,39.1158,-100.817,89.997,5.137,4.86,-0.289,
KOEL,16,34,39.10995,-100.8165,170.182,5.137,5.046,-0.103,2026.05
KOEO,04,22,45.3124,-92.6947,44.831,-0.579,5.409,0.345,2017.12
KOFK,02,20,41.9851,-97.43395,19.457,3.045,-3.588,-9.028,
KOFK,14,32,41.9858,-97.43625,142.196,3.047,-0.851,-6.29,
KOFP,16,34,37.7089,-77.43665,149.48,-10.315,-0.206,-3.061,
KOGA,08,26,41.1178,-101.772,89.994,5.818,4.177,-1.123,
KOGA,13,31,41.1218,-101.767,143.574,5.815,7.759,2.459,2000.92
KOGB,05,23,33.46095,-80.85895,42.372,-7.817,0.19,-4.558,
KOGB,17,35,33.45335,-80.85995,167.301,-7.816,5.117,0.368,2023.81
KOGD,03,21,41.1959,-112.0105,45.109,10.799,4.31,-0.512,
KOGD,17,35,41.19375,-112.015,180.0,10.8,-0.8,-5.623,
KOGM,17,35,46.8455,-89.3671,163.368,-3.401,-3.23,-7.387,
KOIC,01,19,42.56655,-75.5241,2.628,-12.078,4.706,4.229,
KOIN,12,30,39.8333,-100.5395,136.072,5.005,11.067,5.841,1968.27
KOIN,17,35,39.8349,-100.54,180.0,5.006,4.994,-0.232,
KOJA,17,35,35.54485,-98.6685,180.0,3.718,6.282,1.232,2012.8
KOJC,18,36,38.8476,-94.7376,180.0,1.203,-1.203,-6.556,
KOKB,07,25,33.21799,-117.35153,79.931,10.999,-1.068,-4.202,
KOKC,13,31,35.397,-97.60665,135.087,3.074,2.013,-3.116,
KOKC,17L,35R,35.3917,-97.5889,180.0,3.063,6.937,1.807,2007.11
KOKC,17R,35L,35.39245,-97.6057,180.0,3.073,6.927,1.798,2007.2
KOKC,18,36,35.38945,-97.6077,180.0,3.074,-3.074,-8.203,
KOKH,07,25,48.2515,-122.6735,89.995,15.099,4.896,-1.794,
KOKK,05,23,40.52765,-86.0607,44.911,-5.157,0.068,-4.409,
KOKK,14,32,40.5288,-86.0568,135.062,-5.16,0.222,-4.254,
KOKM,18,36,35.66815,-95.9486,179.342,2.038,-2.696,-7.953,
KOKS,12,30,41.40195,-102.3565,132.273,6.182,6.09,0.78,2014.21
KOKV,14,32,39.14355,-78.1444,133.914,-10.125,4.04,1.368,
KOKZ,13,31,32.9667,-82.83815,120.492,-6.531,-2.977,-8.128,
KOLD,04,22,44.95185,-68.67335,22.394,-15.213,-2.393,1.18,
KOLD,12,30,44.95305,-68.6751,96.777,-15.213,-8.01,-4.437,1998.17
KOLE,04,22,42.2403,-78.3716,31.945,-10.486,2.43,0.679,
KOLE,16,34,42.24325,-78.3708,147.493,-10.487,-2.021,-3.771,
KOLF,11,29,48.0945,-105.575,120.132,8.631,1.501,-4.987,
KOLG,01,19,46.31475,-91.8164,7.441,-1.362,-1.197,-6.024,
KOLM,08,26,46.96725,-122.884,103.847,14.854,8.993,2.763,1998.05
KOLM,17,35,46.969,-122.9045,193.019,14.858,8.161,1.93,2003.35
KOLS,04,22,31.4177,-110.848,45.263,8.936,-3.673,-7.07,
KOLU,02,20,41.44775,-97.3365,29.997,2.975,7.022,1.609,2005.15
KOLU,14,32,41.44935,-97.34365,149.714,2.98,6.733,1.32,2007.47
KOLV,18,36,34.97875,-89.78685,179.695,-2.058,1.753,-3.691,
KOLY,04,22,38.7206,-88.1751,35.916,-3.46,-0.624,-5.671,
KOLY,11,29,38.72295,-88.1776,106.986,-3.458,0.444,-4.603,
KOLZ,13,31,42.68025,-91.9747,134.544,-0.952,5.496,0.374,2017.08
KOLZ,18,36,42.68205,-91.97395,182.675,-0.952,3.627,-1.494,
KOMA,14L,32R,41.30405,-95.8914,144.31,1.972,2.338,-3.054,
KOMA,14R,32L,41.3032,-95.896,144.305,1.975,2.33,-3.062,
KOMA,18,36,41.3022,-95.89455,180.191,1.974,-1.783,-7.175,
KOMH,08,26,38.2472,-78.0456,65.881,-10.053,-4.066,-6.966,
KOMK,17,35,48.4644,-119.5185,188.994,14.492,4.502,-2.255,
KOMN,09,27,29.30185,-81.11405,78.973,-7.212,-3.815,-9.268,
KOMN,17,35,29.30035,-81.1135,167.986,-7.212,5.198,-0.254,2023.59
KONA,12,30,44.0793,-91.7108,119.446,-1.253,0.699,-4.293,
KONL,04,22,42.46885,-98.68625,43.054,3.906,-0.852,-6.332,
KONL,13,31,42.4699,-98.68805,139.267,3.907,5.36,-0.119,2021.64
KONM,06,24,34.0234,-106.907,72.829,7.803,5.027,0.93,2026.3
KONM,15,33,34.0217,-106.9,162.034,7.799,4.234,0.137,
KONP,02,20,44.582,-124.0565,37.147,14.519,2.628,-2.839,
KONP,16,34,44.57945,-124.0585,177.217,14.518,2.699,-2.768,
KONT,08L,26R,34.0569,-117.603,89.989,11.21,-1.221,-4.47,
KONT,08R,26L,34.055,-117.5995,89.991,11.209,-1.218,-4.467,
KONY,04,22,33.3532,-98.8186,45.302,3.746,1.557,-3.356,
KONY,13,31,33.34855,-98.81865,135.22,3.746,1.474,-3.439,
KONY,17,35,33.3509,-98.82025,180.341,3.747,6.594,1.681,2010.27
KONZ,04,22,42.0991,-83.1579,30.453,-7.409,-2.138,-5.571,
KONZ,17,35,42.0991,-83.16545,166.853,-7.404,4.256,0.821,
KOOA,04,22,41.2287,-92.49395,44.222,-0.48,4.702,-0.54,
KOOA,13,31,41.22485,-92.4938,134.433,-0.48,4.913,-0.33,
KOPF,09L,27R,25.9132,-80.27655,86.87,-7.344,4.214,-1.593,
KOPF,09R,27L,25.89935,-80.27865,86.616,-7.341,3.957,-1.851,
KOPF,12,30,25.90565,-80.28,121.877,-7.341,9.218,3.41,1986.61
KOPL,06,24,30.55585,-92.1001,60.43,-0.294,0.725,-4.757,
KOPL,18,36,30.55995,-92.0989,180.0,-0.295,0.295,-5.187,
KOPN,12,30,32.95455,-84.26315,117.673,-5.612,3.285,-2.035,
KOQN,09,27,39.99015,-75.5819,76.76,-11.61,-1.63,-3.09,
KOQU,05,23,41.5931,-71.40905,34.698,-13.671,-1.631,-0.746,
KOQU,16,34,41.5993,-71.4138,144.774,-13.67,-1.556,-0.671,
KOQW,15,33,42.0501,-90.7388,154.681,-1.841,6.522,1.501,2004.62
KORB,13,31,48.0159,-92.85605,138.267,-0.678,8.945,4.021,1981.76
KORD,04L,22R,41.9896,-87.90515,39.563,-3.964,3.528,-1.065,
KORD,04R,22L,41.9616,-87.8896,41.385,-3.973,5.358,0.764,2016.54
KORD,09C,27C,41.98832,-87.9109,89.956,-3.96,3.916,-0.678,
KORD,09L,27R,42.00283,-87.91288,89.991,-3.96,3.951,-0.642,
KORD,10C,28C,41.9657,-87.91165,89.987,-3.957,-6.056,-10.654,
KORD,10L,28R,41.96905,-87.9076,89.825,-3.96,-6.215,-10.811,
KORD,10R,28L,41.95722,-87.9141,89.864,-3.954,-6.182,-10.781,
KORE,01,19,42.5681,-72.2902,0.609,-13.517,4.125,5.039,
KORE,14,32,42.572,-72.2867,127.312,-13.519,0.831,1.748,
KORF,05,23,36.89565,-76.19885,37.89,-10.855,-1.255,-3.93,
KORF,14,32,36.8927,-76.2056,127.723,-10.852,-1.426,-4.104,
KORH,11,29,42.26665,-71.8779,93.874,-13.619,-2.507,-1.543,
KORH,15,33,42.26775,-71.87245,137.416,-13.621,1.038,2.004,
KORK,05,23,34.8325,-92.25215,55.386,-0.375,5.761,0.332,2017.05
KORK,17,35,34.8342,-92.2574,180.0,-0.372,10.372,4.943,1976.39
KORL,07,25,28.5461,-81.3307,66.515,-6.999,3.514,-2.064,
KORL,13,31,28.54465,-81.33585,130.76,-6.996,7.756,2.177,1995.69
KORS,16,34,48.70835,-122.911,180.0,15.24,4.76,-2.104,
KOSC,7,25,44.45155,-83.39405,58.187,-7.612,-4.201,-7.061,
KOSH,05,23,43.99,-88.5537,45.144,-3.691,-1.164,-5.585,
KOSH,09,27,43.99155,-88.5604,90.328,-3.686,4.014,-0.408,
KOSH,13,31,43.98855,-88.5552,129.184,-3.69,2.873,-1.548,
KOSH,18,36,43.9748,-88.55655,180.574,-3.687,4.261,-0.162,
KOSU,05,23,40.0795,-83.07365,48.754,-7.188,5.942,2.047,2001.96
KOSU,09L,27R,40.0829,-83.07355,87.208,-7.189,4.396,0.502,
KOSU,09R,27L,40.0775,-83.07265,86.66,-7.188,3.848,-0.047,
KOSX,14,32,33.09025,-89.542,137.472,-2.105,-0.423,-5.961,
KOTG,11,29,43.65445,-95.57595,114.653,1.703,2.95,-2.473,
KOTG,17,35,43.65585,-95.5835,180.0,1.708,8.292,2.868,1992.74
KOTH,05,23,43.4183,-124.252,61.238,14.297,-3.059,-8.188,
KOTH,13,31,43.41455,-124.242,150.934,14.295,6.639,1.511,2011.0
KOTM,04,22,41.10815,-92.44755,44.873,-0.508,5.381,0.137,2019.93
KOTM,13,31,41.10525,-92.44825,135.183,-0.507,5.69,0.446,2015.43
KOUN,03,21,35.24145,-97.4711,36.286,2.988,3.298,-1.835,
KOUN,17,35,35.2493,-97.47305,179.672,2.99,6.682,1.549,2009.2
KOVE,02,20,39.48575,-121.626,33.785,13.072,0.714,-3.435,
KOVE,13,31,39.4913,-121.615,141.517,13.071,-1.554,-5.704,
KOVL,11,29,44.77855,-95.03275,117.98,1.261,6.719,1.331,2004.97
KOVO,05,23,39.0449,-85.604,47.753,-5.319,3.072,-1.566,
KOVO,15,33,39.0461,-85.6086,152.517,-5.316,7.833,3.194,1989.26
KOVS,02,20,43.1577,-90.6789,16.957,-1.974,-1.069,-5.983,
KOVS,07,25,43.16305,-90.6704,67.176,-1.981,-0.843,-5.755,
KOWA,12,30,44.1234,-93.2606,123.819,-0.061,3.88,-1.32,
KOWB,06,24,37.74025,-87.1662,51.787,-4.092,-4.121,-9.167,
KOWD,10,28,42.1922,-71.17115,88.955,-13.865,2.82,4.058,
KOWD,17,35,42.1888,-71.17475,154.892,-13.863,-1.245,-0.01,
KOWI,17,35,38.53945,-95.2521,180.0,1.56,8.44,3.096,1992.27
KOWK,03,21,44.7143,-69.8675,9.718,-14.811,-5.471,-2.523,2022.01
KOWK,15,33,44.7167,-69.86545,129.514,-14.813,-5.673,-2.724,2020.01
KOWP,17,35,36.17525,-96.1518,175.329,2.168,3.161,-2.098,
KOWX,09,27,41.03555,-83.98205,89.529,-6.691,6.219,2.307,1998.61
KOXB,02,20,38.3108,-75.12675,9.87,-11.579,1.449,-0.402,
KOXB,14,32,38.3102,-75.1218,132.841,-11.581,4.422,2.572,
KOXC,18,36,41.47825,-73.1352,170.74,-12.975,3.715,3.814,
KOXD,05,23,39.50225,-84.7844,45.747,-5.943,1.69,-2.714,
KOXI,09,27,41.3299,-86.6683,89.996,-4.807,4.803,0.342,
KOXI,18,36,41.3304,-86.6622,180.0,-4.811,4.811,0.352,
KOXR,07,25,34.20082,-119.20726,90.509,11.575,8.934,5.737,1954.54
KOXV,15,33,41.2991,-93.11375,156.017,-0.028,6.045,0.764,2011.7
KOYM,10,28,41.4125,-78.50265,89.995,-10.27,0.265,-1.818,
KOZA,16,34,30.7352,-101.202,167.942,4.925,3.017,-1.444,
KOZR,06,24,31.27365,-85.71405,60.774,-4.505,5.279,-0.321,2022.64
KOZR,18,36,31.2777,-85.71275,181.061,-4.506,5.567,-0.033,2018.87
KOZW,13,31,42.62945,-83.9822,127.198,-6.91,4.109,0.569,
KP-0059,09,27,38.13015,125.84882,78.828,-9.045,-2.128,-4.098,
KP01,12,30,32.45,-112.8675,135.62,9.709,5.91,2.57,2015.67
KP03,05,23,31.3711,-109.6895,62.848,8.544,4.303,0.795,
KP04,02,20,31.36475,-109.8805,32.663,8.609,4.054,0.567,
KP04,17,35,31.36375,-109.8825,183.012,8.609,4.403,0.915,
KP08,05,23,32.9374,-111.4275,58.999,9.338,-0.339,-3.867,
KP08,17,35,32.934,-111.425,180.0,9.337,0.663,-2.865,
KP10,04,22,35.79225,-110.424,55.567,9.403,6.163,2.164,2013.68
KP13,09,27,33.35315,-110.6675,101.85,9.145,2.704,-0.946,
KP14,03,21,34.94175,-110.138,39.267,9.18,0.087,-3.818,
KP14,11,29,34.9389,-110.1395,120.721,9.181,1.54,-2.365,
KP19,17,35,33.29895,-111.915,180.0,9.548,0.452,-3.08,
KP23,04,22,35.335,-112.8875,53.782,10.169,3.613,-0.13,
KP29,06,24,31.6708,-110.023,67.334,8.697,-1.363,-4.871,
KP33,3,21,32.2454,-109.895,45.226,8.729,6.497,2.909,2010.21
KP52,14,32,34.73,-112.0355,158.697,9.803,8.895,5.176,1973.73
KPAE,16L,34R,47.90231,-122.27166,179.583,14.952,4.632,-1.927,
KPAE,16R,34L,47.90899,-122.2856,179.142,14.956,4.186,-2.375,
KPAH,04,22,37.05995,-88.7738,43.742,-2.903,6.645,1.385,2005.56
KPAH,14,32,37.0607,-88.772,139.375,-2.905,2.28,-2.98,
KPAM,14L,32R,30.0704,-85.5731,134.322,-4.486,-1.193,-6.89,
KPAM,14R,32L,30.0686,-85.5779,134.474,-4.482,-1.043,-6.74,
KPAN,06,24,34.2527,-111.3565,71.943,9.507,2.436,-1.272,
KPAO,13,31,37.46115,-122.115,137.943,12.743,-4.8,-8.51,
KPBF,18,36,34.17455,-91.9356,180.0,-0.56,0.56,-4.891,
KPBG,17,35,44.6509,-73.46815,157.487,-13.454,0.942,2.264,
KPBH,01,19,45.7117,-90.4022,7.034,-2.433,-0.533,-5.119,
KPBH,06,24,45.7055,-90.4029,58.798,-2.432,1.23,-3.357,
KPBI,10L,28R,26.68255,-80.0931,92.702,-7.537,0.239,-5.45,
KPBI,10R,28L,26.681,-80.1014,92.602,-7.532,0.134,-5.557,
KPBI,14,32,26.68505,-80.09655,135.253,-7.535,2.788,-2.901,
KPBX,02,20,37.56335,-82.5609,15.915,-7.216,3.131,-1.179,
KPBX,09,27,37.5611,-82.5701,83.753,-7.209,0.962,-3.35,
KPCM,10,28,28.0002,-82.1633,94.228,-6.432,0.66,-5.06,
KPCW,09,27,41.51715,-82.8703,82.905,-7.522,0.427,-3.07,
KPCW,18,36,41.5152,-82.8667,177.671,-7.524,5.195,1.698,2012.27
KPCZ,10,28,44.33295,-89.023,93.618,-3.367,-3.015,-7.486,
KPCZ,13,31,44.3337,-89.0155,123.989,-3.373,-2.639,-7.108,
KPDC,11,29,43.0218,-91.1246,110.294,-1.622,1.916,-3.075,
KPDC,14,32,43.01725,-91.123,140.005,-1.623,1.628,-3.363,
KPDK,16,34,33.87765,-84.303,157.576,-5.677,3.253,-1.954,
KPDK,3L,21R,33.87375,-84.30345,20.303,-5.676,-4.021,-9.228,
KPDK,3R,21L,33.8763,-84.30055,20.502,-5.678,-3.819,-9.026,
KPDT,08,26,45.69535,-118.841,89.654,13.749,-4.094,-9.908,
KPDX,10L,28R,45.58998,-122.58325,119.035,14.507,4.528,-1.245,
KPDX,10R,28L,45.58783,-122.60271,118.991,14.51,4.481,-1.291,
KPDX,3,21,45.58823,-122.60856,44.986,14.511,0.475,-5.297,
KPEA,16,34,41.40125,-92.94585,167.426,-0.156,7.582,2.314,1997.83
KPEO,01,19,42.6334,-77.05215,356.905,-11.296,-1.799,-2.884,
KPEO,10,28,42.6428,-77.054,88.829,-11.297,0.126,-0.956,
KPEQ,09,27,31.38025,-103.51,101.346,6.068,5.277,1.057,2023.29
KPEQ,14,32,31.3844,-103.5115,146.387,6.069,0.318,-3.903,
KPEZ,16,34,28.9542,-98.52,163.395,3.497,-0.102,-4.808,
KPGA,07,25,36.9296,-111.45,82.891,9.937,2.953,-1.139,
KPGA,15,33,36.92475,-111.448,168.725,9.936,8.789,4.698,1979.17
KPGD,04,22,26.91945,-81.9864,29.111,-6.424,-4.465,-10.291,
KPGR,04,22,36.0629,-90.5078,46.089,-1.626,7.715,2.316,1997.8
KPGR,08,26,36.0654,-90.5115,91.486,-1.623,13.109,7.711,
KPGV,02,20,35.63475,-77.38435,7.635,-10.073,-2.292,-5.697,
KPGV,08,26,35.6358,-77.3839,66.749,-10.074,-3.177,-6.582,
KPHD,12,30,40.46865,-81.4204,107.18,-8.333,-4.487,-7.83,
KPHD,15,33,40.4709,-81.41975,139.089,-8.334,-2.577,-5.919,
KPHF,02,20,37.13315,-76.49695,12.631,-10.734,3.365,0.658,
KPHF,07,25,37.13085,-76.4898,57.79,-10.738,-1.473,-4.178,
KPHG,13,31,39.7348,-99.31615,142.618,4.244,8.375,3.103,1994.64
KPHH,18,36,33.4517,-79.52615,172.401,-8.611,1.012,-3.462,
KPHK,17,35,26.78505,-80.69335,173.193,-7.192,10.384,4.647,1978.28
KPHL,08,26,39.88005,-75.2214,75.195,-11.768,6.963,5.606,1965.35
KPHL,09L,27R,39.87195,-75.2393,75.565,-11.758,-2.676,-4.043,
KPHL,09R,27L,39.8644,-75.2571,75.521,-11.749,-2.731,-4.107,
KPHN,04,22,42.91025,-82.5297,36.065,-7.963,4.028,1.009,
KPHN,10,28,42.91185,-82.52775,94.694,-7.965,2.659,-0.359,
KPHP,05,23,44.04945,-101.598,62.504,5.875,6.629,0.978,2009.23
KPHP,12,30,44.0479,-101.6,128.155,5.876,2.279,-3.372,
KPHT,02,20,36.33595,-88.3844,16.508,-3.122,-0.37,-5.666,
KPHX,07L,25R,33.43105,-112.01,90.19,9.598,10.592,7.05,
KPHX,07R,25L,33.42885,-112.0145,90.275,9.599,10.676,7.134,
KPHX,08,26,33.44085,-112.011,90.168,9.599,0.569,-2.975,
KPIA,04,22,40.6626,-89.6857,38.554,-2.519,1.073,-3.946,
KPIA,13,31,40.66545,-89.69925,126.476,-2.509,-1.015,-6.035,
KPIB,18,36,31.46715,-89.33705,179.728,-2.135,1.863,-3.748,
KPIE,04,22,27.90665,-82.6829,39.36,-6.101,5.461,-0.305,2020.69
KPIH,03,21,42.9105,-112.589,45.051,11.291,3.76,-1.413,
KPIH,17,35,42.9089,-112.605,180.0,11.296,-1.296,-6.469,
KPIL,03,21,26.16765,-97.35065,34.806,2.887,1.919,-2.808,
KPIL,08,26,26.1636,-97.346,89.996,2.884,7.112,2.384,2006.49
KPIL,13,31,26.16525,-97.34125,134.8,2.882,1.918,-2.811,
KPIL,17,35,26.16965,-97.34895,179.554,2.886,6.668,1.94,2010.24
KPIM,09,27,32.8407,-84.88245,88.329,-5.195,3.524,-1.866,
KPIR,07,25,44.3878,-100.2865,76.806,5.033,1.773,-3.902,
KPIR,13,31,44.3776,-100.2855,140.129,5.032,5.097,-0.577,2025.29
KPIT,10C,28C,40.48945,-80.22885,91.924,-9.09,1.014,-1.953,
KPIT,10L,28R,40.50185,-80.2523,91.775,-9.077,0.852,-2.119,
KPIT,10R,28L,40.48615,-80.23125,91.982,-9.088,1.07,-1.899,
KPIT,14,32,40.48795,-80.21485,136.369,-9.099,5.467,2.504,2000.0
KPJY,18,36,37.9779,-89.36045,181.258,-2.554,3.813,-1.412,
KPKB,03,21,39.34645,-81.4389,21.982,-8.166,0.148,-3.486,
KPKB,10,28,39.3428,-81.43965,95.212,-8.165,3.377,-0.258,
KPKD,13,31,46.90135,-95.07335,135.194,1.196,3.998,-1.401,
KPKD,18,36,46.89925,-95.0727,180.0,1.196,-1.196,-6.595,
KPKF,18,36,45.955,-90.4243,179.099,-2.442,1.541,-3.019,
KPKV,05,23,28.6511,-96.68605,55.379,2.501,2.878,-2.061,
KPKV,14,32,28.654,-96.68135,144.386,2.499,1.887,-3.053,
KPLK,12,30,36.6259,-93.22885,119.178,0.223,-1.044,-6.423,
KPLN,05,23,45.57265,-84.79535,44.903,-6.781,1.684,-1.332,
KPLN,14,32,45.5695,-84.79785,134.743,-6.778,1.522,-1.496,
KPLR,03,21,33.55885,-86.249,22.215,-4.355,-3.431,-8.847,
KPLU,17,35,47.1039,-122.287,180.0,14.781,-4.781,-11.056,
KPMB,15,33,48.94255,-97.24075,161.238,2.822,8.416,2.585,1992.74
KPMD,04,22,34.6271,-118.076,52.36,11.42,0.939,-2.378,
KPMD,07,25,34.6317,-118.093,86.18,11.425,4.755,1.438,
KPMH,18,36,38.84045,-82.8473,178.03,-7.182,5.212,1.101,2018.11
KPMP,06,24,26.2473,-80.11165,52.969,-7.478,0.447,-5.301,
KPMP,10,28,26.2453,-80.1113,97.153,-7.478,4.631,-1.117,
KPMP,15,33,26.24845,-80.1103,142.67,-7.479,0.149,-5.599,
KPMU,01,19,34.3635,-89.8926,11.89,-1.948,3.838,-1.639,
KPNC,17,35,36.73195,-97.0998,179.536,2.776,6.76,1.539,2008.26
KPNE,06,24,40.0839,-75.0109,48.434,-11.901,0.336,-0.866,
KPNE,15,33,40.0792,-75.01015,140.687,-11.901,2.588,1.385,
KPNM,16,34,45.55985,-93.6082,157.633,0.122,-2.488,-7.684,
KPNN,06,24,45.20095,-67.5611,38.622,-15.552,-5.827,-1.669,2019.68
KPNN,15,33,45.2004,-67.5677,132.54,-15.55,-1.91,2.244,
KPNS,08,26,30.4733,-87.18505,77.98,-3.473,1.453,-4.238,
KPNS,17,35,30.4735,-87.1882,167.033,-3.47,0.504,-5.187,
KPNT,06,24,40.9244,-88.6239,59.39,-3.326,2.716,-2.137,
KPOB,05,23,35.1709,-79.0145,41.497,-9.108,0.605,-3.373,
KPOC,08L,26R,34.0921,-117.781,93.429,11.256,2.174,-1.072,
KPOC,08R,26L,34.09135,-117.7825,93.215,11.256,1.959,-1.286,
KPOE,15,33,31.0448,-93.1916,160.325,0.374,9.951,4.558,1979.25
KPOF,18,36,36.77395,-90.32485,181.694,-1.794,3.488,-1.868,
KPOH,12,30,42.74275,-94.64805,121.431,1.045,0.386,-4.969,
KPOH,18,36,42.74235,-94.6461,184.793,1.044,3.749,-1.605,
KPOU,06,24,41.62625,-73.8849,50.754,-12.678,3.432,3.272,
KPOU,07,25,41.62615,-73.88625,51.818,-12.677,-5.504,-5.664,2016.89
KPOU,15,33,41.6274,-73.88185,138.09,-12.679,0.769,0.612,
KPOV,09,27,41.2102,-81.25165,85.222,-8.551,3.773,0.683,
KPOY,13,31,44.86905,-108.792,144.385,9.977,4.409,-1.32,
KPOY,16,34,44.86515,-108.794,180.0,9.977,10.023,4.295,1981.34
KPPA,05,23,35.6163,-100.9995,59.714,5.06,4.654,-0.193,
KPPA,17,35,35.61045,-100.994,180.0,5.057,4.943,0.097,
KPPF,17,35,37.3299,-95.50615,179.709,1.742,7.967,2.65,1997.54
KPPO,02,20,41.57195,-86.7345,19.85,-4.785,4.635,0.202,
KPPO,14,32,41.57335,-86.73455,134.049,-4.785,-1.166,-5.598,
KPPQ,13,31,39.6389,-90.77855,134.964,-1.645,6.609,1.405,2005.65
KPQI,01,19,46.6911,-68.04925,345.766,-15.797,-8.437,-3.725,1999.91
KPQI,10,28,46.68635,-68.03925,75.523,-15.798,-8.679,-3.965,1997.48
KPQL,17,35,30.4628,-88.5292,166.028,-2.593,-1.379,-7.053,
KPQN,09,27,43.98415,-96.3009,97.393,2.229,5.164,-0.316,2023.89
KPQN,18,36,43.981,-96.3001,183.501,2.228,1.272,-4.207,
KPRB,01,19,35.67335,-120.631,29.371,12.131,7.239,3.839,2001.26
KPRB,13,31,35.6723,-120.6225,144.769,12.13,2.639,-0.761,
KPRC,03L,21R,34.6615,-112.415,39.553,9.914,-0.362,-4.041,
KPRC,03R,21L,34.65355,-112.4205,42.181,9.915,2.266,-1.412,
KPRC,12,30,34.64835,-112.423,136.455,9.915,6.54,2.863,2009.74
KPRG,09,27,39.70005,-87.6696,89.535,-3.911,3.446,-1.422,
KPRN,14,32,31.8457,-86.61075,139.765,-3.966,3.731,-1.854,
KPRO,04,22,41.8276,-94.15855,51.725,0.716,11.009,5.677,1970.96
KPRS,17,35,29.634,-104.3615,176.481,6.32,0.161,-3.801,
KPRX,03,21,33.63535,-95.4484,37.302,1.732,5.57,0.327,2019.7
KPRX,14,32,33.63795,-95.44845,141.247,1.732,-0.485,-5.728,
KPRX,17,35,33.63655,-95.45425,179.136,1.735,7.4,2.158,2003.28
KPRZ,01,19,34.1453,-103.4115,22.015,6.224,5.791,1.314,2017.7
KPRZ,08,26,34.1457,-103.4085,89.996,6.223,3.773,-0.705,
KPSB,06,24,40.88225,-78.0874,49.644,-10.422,0.066,-2.04,
KPSB,16,34,40.88625,-78.0873,155.966,-10.423,6.389,4.285,1982.59
KPSC,03L,21R,46.26335,-119.1225,44.737,13.934,0.803,-5.189,
KPSC,03R,21L,46.2649,-119.1155,47.023,13.933,3.09,-2.902,
KPSC,12,30,46.2659,-119.1175,136.217,13.934,2.283,-3.709,
KPSF,08,26,42.42675,-73.29405,64.509,-13.08,-2.411,-1.992,
KPSF,14,32,42.427,-73.29125,122.767,-13.081,-4.152,-3.732,
KPSK,06,24,37.13735,-80.6785,52.012,-8.358,0.37,-3.585,
KPSM,16,34,43.07795,-70.82325,149.209,-14.155,3.364,5.138,
KPSN,09,27,31.77705,-95.70625,90.512,1.906,-1.394,-6.563,
KPSN,18,36,31.78185,-95.70635,180.354,1.906,-1.552,-6.722,
KPSO,01,19,37.28625,-107.056,25.269,8.233,7.036,2.553,2006.45
KPSP,13L,31R,33.82971,-116.50482,143.386,10.913,2.473,-0.802,
KPSP,13R,31L,33.82966,-116.50764,143.385,10.914,2.471,-0.804,
KPSX,08,26,28.73035,-96.2543,90.409,2.259,8.151,3.152,1996.72
KPSX,13,31,28.72585,-96.25185,135.261,2.257,3.003,-1.996,
KPSX,18,36,28.7263,-96.24675,180.392,2.254,-1.863,-6.863,
KPTB,05,23,37.1843,-77.50615,43.109,-10.206,3.315,0.29,
KPTB,14,32,37.18285,-77.50935,132.775,-10.204,2.98,-0.048,
KPTD,06,24,44.67665,-74.94845,44.058,-12.781,-3.161,-2.49,
KPTK,09L,27R,42.6665,-83.4226,87.483,-7.309,4.792,1.426,
KPTK,09R,27L,42.665,-83.4216,87.974,-7.31,5.284,1.918,2008.21
KPTN,06,24,29.7108,-91.3397,59.197,-0.733,-0.07,-5.616,
KPTS,04,22,37.4473,-94.7319,39.857,1.223,-1.366,-6.709,
KPTS,16,34,37.451,-94.73055,169.909,1.222,8.687,3.344,1989.59
KPTT,17,35,37.70165,-98.74685,180.299,3.826,6.473,1.305,2010.77
KPTV,12,30,36.0296,-119.063,135.566,11.897,3.669,0.152,
KPTW,10,28,40.23955,-75.5567,84.405,-11.662,-3.933,-5.295,
KPUB,17,35,38.2928,-104.5035,178.021,7.117,0.905,-3.908,
KPUC,07,25,39.61505,-110.7505,90.561,10.079,10.482,5.896,1960.75
KPUC,14,32,39.6096,-110.754,158.173,10.079,8.093,3.509,1997.5
KPUC,18,36,39.61575,-110.7505,197.78,10.079,7.701,3.115,2001.22
KPUJ,13,31,33.912,-84.9406,127.468,-5.259,2.727,-2.543,
KPUW,05,23,46.74385,-117.1095,69.849,13.493,6.356,0.2,2013.68
KPVB,07,25,42.68765,-90.44495,68.14,-2.113,0.253,-4.671,
KPVB,15,33,42.6909,-90.4439,144.818,-2.115,-3.067,-7.991,
KPVC,07,25,42.07225,-70.22075,59.361,-14.165,3.527,5.124,
KPVD,16,34,41.72515,-71.42525,141.512,-13.688,-4.8,-3.867,
KPVE,01,19,35.65635,-88.19535,11.754,-3.202,4.956,-0.386,
KPVF,05,23,38.7242,-120.7535,62.95,12.76,0.19,-3.807,
KPVG,10,28,36.77925,-76.45345,99.73,-10.71,10.44,7.645,1916.89
KPVJ,17,35,34.70755,-97.2242,180.0,2.831,7.169,2.038,2005.27
KPVU,13,31,40.22045,-111.7235,146.232,10.539,5.692,1.048,2018.72
KPVU,18,36,40.21755,-111.7225,192.214,10.539,1.675,-2.968,
KPVW,04,22,34.1676,-101.7185,50.166,5.367,4.799,0.139,
KPVW,13,31,34.16895,-101.716,140.598,5.366,5.232,0.571,2023.83
KPWA,13,31,35.531,-97.6472,135.073,3.101,1.972,-3.16,
KPWA,17L,35R,35.53445,-97.6455,180.0,3.1,6.9,1.768,2007.4
KPWA,17R,35L,35.53645,-97.6492,180.0,3.102,6.898,1.766,2007.42
KPWC,16,34,46.7248,-94.3817,162.379,0.659,1.72,-3.568,
KPWD,08,26,48.79295,-104.523,86.389,8.048,-1.659,-8.27,
KPWD,12,30,48.7886,-104.523,132.227,8.047,4.18,-2.431,
KPWG,04,22,31.48285,-97.31385,43.745,2.854,0.891,-4.093,
KPWG,17,35,31.48625,-97.31815,179.032,2.856,6.176,1.192,2014.15
KPWK,06,24,42.11275,-87.90035,63.448,-3.981,7.429,2.856,1992.31
KPWK,12,30,42.11255,-87.89995,118.158,-3.981,2.139,-2.435,
KPWK,16,34,42.11695,-87.90375,158.556,-3.979,2.535,-2.039,
KPWM,11,29,43.64495,-70.31255,95.505,-14.441,-0.055,2.197,
KPWT,02,20,47.49025,-122.7645,32.366,14.948,-2.582,-8.995,
KPXE,18,36,32.51055,-83.76735,179.648,-5.889,5.537,0.213,2018.03
KPYG,06,24,34.74215,-80.34515,50.626,-8.273,-1.1,-5.494,
KPYM,06,24,41.9088,-70.7314,39.639,-13.966,-6.395,-5.087,2006.69
KPYN,03,21,37.12655,-90.71265,30.244,-1.543,1.787,-3.562,
KPYP,07,25,34.08995,-85.6101,62.89,-4.83,-2.28,-7.592,
KPYX,04,22,36.40945,-100.7545,51.93,4.964,6.966,2.036,2007.05
KPYX,17,35,36.4149,-100.75,180.0,4.961,5.039,0.108,2026.14
KPZQ,09,27,45.4071,-83.8129,87.959,-7.476,5.435,2.715,1997.95
KR-1080,05,23,38.1426,128.5985,38.297,-9.294,-2.41,-4.298,
KR-1085,14,32,36.1123,127.1035,129.926,-8.593,-1.48,-3.492,
KR-1086,08,26,36.18025,127.833,71.213,-8.67,-0.117,-2.106,
KR-1087,17,35,37.64365,127.149,159.726,-9.039,-1.235,-3.189,
KR-1088,05,23,38.0189,126.9765,47.14,-9.132,6.272,4.327,2004.18
KR-1089,12,30,38.02415,127.107,120.993,-9.146,10.138,8.197,
KR-1090,16,34,38.1985,127.2225,150.604,-9.207,-0.19,-2.121,
KR-1091,14,32,35.8566,129.21201,132.689,-8.652,1.342,-0.615,
KR-1092,04,22,35.25815,128.6255,42.433,-8.45,10.883,8.883,
KR47,09,27,41.1031,-84.05185,84.377,-6.651,1.028,-2.887,
KR49,17,35,48.7182,-118.6565,183.942,14.327,-0.385,-7.235,
KRAC,04,22,42.7616,-87.813,36.748,-4.117,0.865,-3.592,
KRAC,14,32,42.76075,-87.81505,131.795,-4.115,-4.09,-8.547,
KRAL,09,27,33.95222,-117.44331,103.032,11.155,1.877,-1.364,
KRAL,16,34,33.95125,-117.44854,178.542,11.156,7.386,4.145,1998.99
KRAP,05,23,44.0502,-103.058,62.005,6.782,5.222,-0.427,2023.86
KRAP,14,32,44.0433,-103.057,151.204,6.781,4.423,-1.226,
KRAS,12,30,27.8118,-97.08875,125.884,2.73,3.154,-1.693,
KRBD,13,31,32.68105,-96.869,134.958,2.6,2.358,-2.725,
KRBD,17,35,32.6806,-96.8668,180.0,2.599,7.401,2.318,2003.55
KRBE,02,20,42.5742,-99.572,35.364,4.5,10.864,5.375,1973.15
KRBE,13,31,42.5697,-99.5684,140.874,4.497,6.377,0.888,2010.9
KRBG,16,34,43.2388,-123.356,180.0,14.131,5.869,0.792,2017.27
KRBL,15,33,40.15065,-122.252,168.659,13.314,5.345,1.052,2022.66
KRBM,04,22,34.85015,-92.3001,39.227,-0.344,-0.43,-5.857,
KRBO,13,31,27.77855,-97.69055,134.576,3.053,1.523,-3.237,
KRBW,05,23,32.92165,-80.6385,43.945,-7.891,1.836,-2.967,
KRBW,17,35,32.9204,-80.64275,165.384,-7.888,3.273,-1.532,
KRCA,13,31,44.1454,-103.104,138.41,6.817,1.593,-4.071,
KRCK,17,35,30.63165,-96.9897,180.0,2.665,7.335,2.35,2004.34
KRCM,14,32,38.7812,-93.80345,136.881,0.556,-3.676,-9.028,
KRCP,18,36,39.34713,-99.30465,181.101,4.224,-3.123,-8.368,
KRCR,11,29,41.06555,-86.18175,104.787,-5.131,-0.082,-4.49,
KRCT,17,35,43.9,-85.5167,180.0,-5.982,15.982,12.308,
KRCX,01,19,45.49595,-91.0,6.473,-1.935,-1.592,-6.331,
KRCX,14,32,45.4816,-91.00185,139.788,-1.932,1.721,-3.02,
KRCZ,04,22,34.89105,-79.76455,40.376,-8.637,9.014,4.786,1977.51
KRCZ,14,32,34.8916,-79.75755,130.174,-8.641,-1.184,-5.41,
KRDD,12,30,40.50655,-122.291,139.448,13.393,6.055,1.678,2014.51
KRDD,16,34,40.5107,-122.295,180.0,13.395,6.605,2.228,2009.94
KRDG,13,31,40.37905,-75.96835,121.38,-11.478,2.858,1.384,
KRDG,18,36,40.3778,-75.9614,171.911,-11.482,3.392,1.92,
KRDK,14,32,41.0117,-95.25705,141.037,1.528,-0.491,-5.865,
KRDK,17,35,41.01035,-95.26005,173.986,1.53,2.456,-2.918,
KRDM,05,23,44.2543,-121.15,60.892,13.963,-3.071,-8.439,
KRDM,11,29,44.25385,-121.1495,121.418,13.963,-2.545,-7.913,
KRDR,17,35,47.9613,-97.4008,180.0,2.976,7.024,1.237,2003.37
KRDU,05L,23R,35.88415,-78.79,45.338,-9.324,4.662,0.913,
KRDU,05R,23L,35.8719,-78.78835,44.934,-9.323,4.257,0.505,
KRDU,14,32,35.87155,-78.77845,134.928,-9.329,4.257,0.507,
KRED,16,34,45.18735,-109.2675,176.289,10.245,6.044,0.248,2015.14
KREI,08,26,34.08525,-117.1465,89.54,11.111,-1.571,-4.849,
KREO,03,21,42.5776,-117.8855,44.188,12.887,1.301,-3.649,
KRFD,01,19,42.1947,-89.09,5.31,-3.096,-1.595,-6.365,
KRFD,07,25,42.1959,-89.10315,65.402,-3.086,-1.512,-6.285,
KRFG,14,32,28.29545,-97.32415,153.21,2.854,10.356,5.519,1971.0
KRFI,12,30,32.14095,-94.8516,126.437,1.38,5.057,-0.204,2025.88
KRFI,16,34,32.1423,-94.8518,170.178,1.38,8.799,3.537,1989.27
KRGK,09,27,44.58935,-92.485,92.907,-0.69,3.597,-1.477,
KRHI,09,27,45.6306,-89.4733,88.141,-3.163,1.304,-3.077,
KRHI,15,33,45.6321,-89.4586,147.616,-3.175,0.791,-3.586,
KRHP,08,26,35.19525,-83.86305,71.155,-6.099,-2.745,-7.708,
KRHV,13L,31R,37.3331,-121.8195,140.584,12.669,-2.085,-5.773,
KRHV,13R,31L,37.3326,-121.82,144.837,12.669,2.168,-1.521,
KRIC,02,20,37.5077,-77.32705,13.478,-10.346,3.824,0.948,
KRIC,16,34,37.50615,-77.31525,147.515,-10.353,-2.132,-5.005,
KRID,06,24,39.756,-84.8421,55.145,-5.933,1.078,-3.292,
KRID,15,33,39.75625,-84.8434,145.138,-5.932,1.069,-3.3,
KRIF,01,19,38.73645,-112.099,25.374,10.444,4.931,0.58,
KRIL,08,26,39.5263,-107.727,93.07,8.799,4.271,-0.485,
KRIR,06,24,33.98878,-117.4099,76.762,11.154,5.608,2.359,2018.87
KRIU,04,22,38.48675,-121.1025,53.929,12.777,1.152,-2.788,
KRIV,14,32,33.88071,-117.25946,149.314,11.1,-1.786,-5.026,
KRIW,01,19,43.0631,-108.462,26.055,9.582,6.473,1.125,2011.64
KRIW,10,28,43.06495,-108.459,114.362,9.581,4.781,-0.567,
KRJD,12,30,38.97065,-75.8685,109.297,-11.312,0.609,-1.304,
KRK1,8,26,69.67678,-146.90005,102.138,14.714,7.424,-10.318,2021.08
KRKD,03,21,44.0615,-69.09895,13.648,-14.9,-1.452,1.516,
KRKD,13,31,44.05905,-69.0995,110.896,-14.899,-4.205,-1.239,
KRKP,14,32,28.08635,-97.04665,145.351,2.705,2.646,-2.219,
KRKP,18,36,28.0861,-97.04005,190.28,2.701,7.579,2.713,2002.27
KRKR,18,36,35.0216,-94.62125,189.923,1.187,8.736,3.411,1989.58
KRKS,03,21,41.59365,-109.0665,44.009,9.662,4.347,-0.69,
KRKS,09,27,41.59455,-109.0645,103.467,9.661,3.806,-1.231,
KRKW,04,22,35.9223,-84.68975,39.373,-5.624,4.997,0.024,
KRLD,01,19,46.30495,-119.305,22.772,13.987,-1.215,-7.22,
KRLD,08,26,46.30635,-119.303,95.653,13.987,1.666,-4.339,
KRME,15,33,43.2338,-75.40705,134.085,-12.262,-3.653,-3.809,
KRMG,01,19,34.351,-85.1586,5.203,-5.156,0.359,-4.88,
KRMG,07,25,34.3505,-85.1588,70.11,-5.156,5.267,0.028,2021.86
KRMY,10,28,42.25115,-84.95545,96.557,-6.163,2.72,-1.173,
KRNC,05,23,35.6987,-85.8438,50.32,-4.821,5.141,-0.005,2023.79
KRND,15L,33R,29.5328,-98.2694,150.132,3.37,-3.238,-8.009,
KRND,15R,33L,29.52505,-98.28665,150.066,3.379,-3.312,-8.081,
KRNH,04,22,45.14205,-92.5373,45.017,-0.69,5.707,0.658,2012.51
KRNM,09,27,33.03915,-116.915,99.683,10.868,-1.185,-4.317,
KRNO,08,26,39.49625,-119.768,90.326,12.719,-2.393,-6.578,
KRNO,17L,35R,39.50145,-119.767,180.0,12.719,-2.719,-6.906,
KRNO,17R,35L,39.4987,-119.769,180.0,12.719,-2.719,-6.905,
KRNP,06,24,42.9938,-84.13975,58.147,-6.852,4.998,1.503,
KRNP,11,29,42.993,-84.13895,102.723,-6.852,-0.425,-3.92,
KRNP,18,36,42.99215,-84.13655,175.848,-6.854,2.702,-0.793,
KRNT,16,34,47.49314,-122.21576,174.131,14.853,-0.722,-7.133,
KROA,06,24,37.32825,-79.9751,49.587,-8.81,-1.603,-5.327,
KROA,16,34,37.3222,-79.9758,148.084,-8.809,-3.107,-6.833,
KROC,04,22,43.11625,-77.67985,31.591,-11.038,2.629,1.473,
KROC,07,25,43.11835,-77.66585,61.808,-11.046,2.854,1.704,
KROC,10,28,43.1231,-77.6662,87.706,-11.047,-1.248,-2.396,
KROG,02,20,36.3724,-94.10695,19.15,0.823,-1.673,-7.03,
KROS,16,34,45.69845,-92.95325,159.914,-0.403,0.318,-4.767,
KROW,03,21,33.2987,-104.522,44.982,6.684,8.299,4.023,1989.43
KROW,17,35,33.3014,-104.539,180.0,6.692,3.308,-0.966,
KROX,16,34,48.8576,-95.698,167.396,1.587,5.809,0.274,2011.37
KRPB,18,36,39.8185,-97.66035,181.37,3.177,-1.807,-7.139,
KRPD,13,31,45.4145,-91.7738,130.24,-1.314,1.554,-3.343,
KRPH,18,36,33.11035,-98.55535,182.667,3.59,-0.923,-5.85,
KRPX,07,25,46.4751,-108.5415,77.11,10.068,-2.958,-9.081,
KRPX,16,34,46.4748,-108.547,168.181,10.071,-1.89,-8.013,
KRQB,09,27,43.7245,-85.5084,89.994,-5.963,5.957,2.245,1999.89
KRQB,14,32,43.71965,-85.49715,143.14,-5.971,9.111,5.401,1972.56
KRQE,03,21,35.65205,-109.0675,33.712,8.873,-5.16,-9.254,
KRQO,17,35,35.4735,-98.0043,180.0,3.317,6.683,1.582,2009.22
KRRL,07,25,45.1983,-89.716,68.202,-2.921,1.123,-3.377,
KRRL,16,34,45.19995,-89.7076,156.553,-2.928,-0.52,-5.018,
KRRQ,16,34,43.4522,-96.17975,171.606,2.149,9.456,4.0,1982.56
KRRT,04,22,48.9414,-95.3484,43.345,1.297,2.048,-3.415,
KRRT,13,31,48.94045,-95.34675,138.511,1.295,7.215,1.752,1999.41
KRSL,03,21,38.8737,-98.8144,29.945,3.901,-3.957,-9.193,
KRSL,17,35,38.87075,-98.8108,173.493,3.899,-0.405,-5.642,
KRST,03,21,43.90385,-92.50075,26.415,-0.631,-2.955,-8.069,
KRST,13,31,43.91185,-92.4994,132.28,-0.632,2.912,-2.202,
KRSV,09,27,39.0164,-87.652,91.628,-3.861,5.489,0.538,2016.73
KRSV,17,35,39.01545,-87.64645,166.009,-3.865,-0.126,-5.077,
KRSW,06,24,26.53615,-81.75515,54.143,-6.523,0.667,-5.186,
KRTN,07,25,36.7418,-104.498,77.012,6.974,0.038,-4.596,
KRUE,07,25,35.25915,-93.09325,74.706,0.174,4.532,-0.864,
KRUG,12,30,48.3904,-100.024,127.807,4.952,2.856,-3.307,
KRUQ,02,20,35.64585,-80.52025,16.007,-8.273,4.28,0.035,
KRUT,01,19,43.53175,-72.94975,358.492,-13.439,1.931,2.975,
KRUT,13,31,43.527,-72.94945,118.8,-13.439,2.239,3.281,
KRVL,06,24,40.6774,-77.6268,48.992,-10.647,-0.36,-2.364,
KRVN,07,25,36.4576,-82.88505,64.09,-6.877,0.966,-3.621,
KRVS,01L,19R,36.0398,-95.9859,13.427,2.061,1.366,-3.899,
KRVS,01R,19L,36.03965,-95.9835,12.94,2.06,0.88,-4.385,
KRVS,13,31,36.03915,-95.98405,133.395,2.06,1.335,-3.93,
KRWF,05,23,44.5462,-95.08155,55.482,1.306,4.175,-1.216,
KRWF,12,30,44.54775,-95.08265,127.757,1.307,6.449,1.058,2007.44
KRWI,04,22,35.85625,-77.89195,33.19,-9.825,3.015,-0.485,
KRWL,04,22,41.80575,-107.1995,54.258,8.825,5.433,0.271,2021.6
KRWL,11,29,41.8054,-107.2,114.61,8.825,-4.215,-9.376,
KRWN,09,27,41.09225,-86.61285,90.486,-4.821,5.307,0.818,2017.32
KRWV,15,33,30.51545,-96.7041,152.258,2.501,-0.243,-5.258,
KRXE,17,35,43.8339,-111.805,187.235,11.139,6.096,0.682,2014.77
KRYM,13,31,46.0912,-94.36055,135.081,0.68,4.401,-0.893,
KRYN,06L,24R,32.1435,-111.175,68.878,9.143,-0.264,-3.717,
KRYN,06R,24L,32.14265,-111.171,69.456,9.141,0.314,-3.138,
KRYN,15,33,32.14,-111.179,171.05,9.143,11.906,8.455,
KRYV,05,23,43.16885,-88.72415,53.121,-3.47,6.592,2.014,2000.13
KRYV,11,29,43.17085,-88.72175,113.6,-3.473,7.073,2.496,1995.66
KRYW,15,33,30.49855,-97.96945,161.167,3.216,7.952,3.092,1998.47
KRYY,09,27,34.0132,-84.597,88.669,-5.496,4.166,-1.056,
KRZL,18,36,40.9479,-87.18145,179.578,-4.39,3.968,-0.649,
KRZN,04,22,45.82365,-92.37265,45.441,-0.873,6.314,1.339,2005.18
KRZN,13,31,45.8217,-92.3723,136.803,-0.874,7.677,2.701,1993.19
KRZT,05,23,39.4404,-83.02305,42.276,-7.14,-0.584,-4.608,
KS01,06,24,48.1684,-111.977,70.762,11.917,-1.155,-7.785,
KS01,15,33,48.1678,-111.9755,164.834,11.916,2.918,-3.711,
KS03,12,30,42.19025,-122.6605,138.984,13.802,5.182,0.387,2024.73
KS05,16,34,43.08645,-124.408,180.0,14.247,5.753,0.716,2018.54
KS10,02,20,47.86605,-119.943,44.258,14.465,9.793,3.255,1992.81
KS12,16,34,44.6378,-123.059,180.0,14.382,5.618,0.138,2020.28
KS19,18,36,33.90805,-82.2669,177.13,-6.993,4.123,-0.796,
KS20,07,25,45.8321,-120.845,88.834,14.232,4.602,-1.247,
KS21,18,36,43.8763,-121.453,196.786,13.942,2.844,-2.415,
KS23,15,33,48.70805,-117.413,166.357,13.977,2.38,-4.462,
KS24,06,24,41.2957,-83.03725,59.771,-7.377,7.148,3.548,1987.2
KS27,13,31,48.1786,-114.3035,142.345,12.845,-0.5,-7.143,
KS32,13,31,47.42275,-98.10585,134.35,3.524,0.826,-5.01,
KS33,04,22,44.67605,-121.1585,56.203,14.052,2.151,-3.342,
KS33,16,34,44.66705,-121.153,180.0,14.05,5.95,0.461,2016.71
KS36,15,33,47.33705,-122.1035,167.068,14.799,2.269,-4.086,
KS39,11,29,44.28865,-120.9035,119.458,13.921,-4.463,-9.843,
KS39,15,33,44.2849,-120.9045,168.922,13.92,5.001,-0.377,2026.61
KS40,07,25,46.21335,-119.7915,90.65,14.083,6.567,0.593,2012.34
KS42,01,19,36.32695,-104.62,20.634,6.997,3.637,-0.94,
KS45,17,35,44.87695,-124.0285,193.472,14.578,8.894,3.338,1995.84
KS48,07,25,45.3539,-122.268,89.996,14.402,5.594,-0.105,2020.64
KS50,16,34,47.32765,-122.227,180.0,14.819,5.181,-1.171,2025.05
KS52,13,31,48.42495,-120.146,145.207,14.631,0.576,-6.168,
KS59,15,33,48.28385,-115.4905,165.922,13.284,2.638,-4.045,
KS64,07,25,47.1446,-110.229,87.917,10.976,6.941,0.634,2009.21
KS64,11,29,47.148,-110.231,128.866,10.977,7.889,1.581,2003.5
KS67,11,29,43.5813,-116.523,124.515,12.708,1.806,-3.43,
KS69,04,22,46.9544,-112.6505,55.143,11.991,3.152,-3.094,
KS70,07,25,46.79485,-119.0795,91.454,14.034,7.42,1.254,2007.25
KS71,08,26,48.59215,-109.2505,99.552,10.712,8.84,2.109,1998.64
KS73,14,32,46.21935,-116.0135,155.177,13.058,2.119,-3.877,
KS78,10,28,43.85,-116.5425,115.523,12.765,2.758,-2.549,
KS83,07,25,47.54765,-116.1885,86.682,13.37,3.312,-3.115,
KS84,07,25,46.0389,-116.332,89.996,13.122,6.874,0.936,2009.98
KS85,08,26,48.1533,-104.504,89.994,7.984,2.01,-4.446,
KS87,12,30,44.20685,-116.9625,133.473,12.954,0.519,-4.878,
KS94,07,25,46.8587,-117.414,89.996,13.603,6.392,0.2,2013.49
KS95,05,23,46.0469,-118.417,65.711,13.713,1.998,-3.927,
KS97,07,25,48.105,-119.721,86.775,14.464,2.311,-4.314,
KSAA,05,23,41.4435,-106.8275,65.805,8.601,7.203,2.086,2005.77
KSAC,02,20,38.51155,-121.4955,34.239,12.852,1.387,-2.551,
KSAC,12,30,38.5148,-121.49,132.487,12.851,-0.365,-4.303,
KSAC,16,34,38.51165,-121.494,180.0,12.851,7.149,3.211,2004.18
KSAD,08,26,32.8548,-109.635,90.853,8.718,2.135,-1.551,
KSAD,12,30,32.85355,-109.636,134.72,8.718,6.002,2.316,2015.11
KSAF,02,20,35.61775,-106.088,34.928,7.617,7.312,2.952,2003.9
KSAF,10,28,35.6174,-106.0915,112.418,7.618,4.8,0.44,
KSAF,15,33,35.616,-106.0895,166.326,7.617,8.709,4.349,1983.35
KSAN,09,27,32.73357,-117.18968,106.001,10.875,5.126,2.055,2024.97
KSAR,18,36,38.1499,-89.6995,180.0,-2.325,2.325,-2.91,
KSAT,04,22,29.53105,-98.4622,40.624,3.473,-2.849,-7.594,
KSAT,13L,31R,29.53525,-98.4712,131.618,3.478,-1.86,-6.604,
KSAT,13R,31L,29.53495,-98.47555,131.688,3.48,-1.792,-6.537,
KSAV,01,19,32.1262,-81.20005,359.729,-7.463,-2.808,-7.846,
KSAV,10,28,32.12865,-81.2037,90.655,-7.461,-1.884,-6.922,
KSAZ,14,32,46.3809,-94.8066,144.599,1.014,3.585,-1.774,
KSBA,07,25,34.42772,-119.84463,88.557,11.742,6.815,3.606,2005.44
KSBA,15L,33R,34.42523,-119.83868,165.662,11.741,3.921,0.712,
KSBA,15R,33L,34.42498,-119.83984,165.653,11.741,3.912,0.703,
KSBD,06,24,34.0954,-117.2345,70.363,11.133,-0.77,-4.045,
KSBM,13,31,43.76845,-87.85185,129.234,-4.204,3.438,-0.862,
KSBN,09L,27R,41.71405,-86.3209,88.554,-5.105,3.659,-0.663,
KSBN,09R,27L,41.70455,-86.314,88.749,-5.109,3.858,-0.465,
KSBO,13,31,32.60915,-82.36995,129.384,-6.79,6.174,1.035,2008.74
KSBS,14,32,40.51625,-106.8665,153.88,8.515,5.366,0.401,2022.37
KSBU,03,21,43.59535,-94.09285,34.912,0.599,4.314,-0.989,
KSBU,16,34,43.5939,-94.0925,160.885,0.599,0.286,-5.017,
KSBX,05,23,48.54125,-111.872,64.483,11.934,2.549,-4.204,
KSBX,11,29,48.5399,-111.87,128.751,11.933,6.818,0.065,2010.62
KSBY,05,23,38.3394,-75.5117,36.672,-11.397,-1.931,-3.917,
KSBY,14,32,38.3415,-75.509,126.562,-11.398,-2.04,-4.024,
KSCB,12,30,41.6061,-96.6351,134.513,2.491,12.022,6.609,1949.87
KSCB,17,35,41.61355,-96.62585,179.629,2.484,7.145,1.732,2003.82
KSCD,09,27,33.17185,-86.3055,90.394,-4.283,4.677,-0.78,
KSCH,04,22,42.85555,-73.9281,25.858,-12.885,-1.257,-0.933,
KSCH,10,28,42.84865,-73.93175,87.846,-12.882,0.727,1.047,
KSCK,11L,29R,37.8934,-121.2365,127.756,12.682,5.074,1.26,2025.76
KSCK,11R,29L,37.8959,-121.243,127.886,12.683,5.202,1.388,2024.22
KSCX,05,23,36.4557,-84.58575,46.351,-5.748,2.099,-2.78,
KSDA,04,22,40.7504,-95.41225,43.093,1.642,1.451,-3.923,
KSDA,12,30,40.7534,-95.4158,124.889,1.644,3.245,-2.129,
KSDC,10,28,43.2347,-77.12015,88.908,-11.37,0.279,-0.602,
KSDF,11,29,38.17665,-85.7356,110.855,-5.137,5.992,1.197,2008.65
KSDF,17L,35R,38.17595,-85.72745,165.012,-5.142,0.154,-4.64,
KSDF,17R,35L,38.1726,-85.74405,165.404,-5.13,0.534,-4.263,
KSDL,03,21,33.62285,-111.9105,44.27,9.595,4.675,1.099,
KSDM,08L,26R,32.57275,-116.9805,95.655,10.799,4.856,1.796,
KSDM,08R,26L,32.57115,-116.979,96.065,10.798,5.267,2.207,2023.14
KSDY,01,19,47.70475,-104.1965,23.006,7.756,5.25,-1.09,2023.52
KSDY,11,29,47.7098,-104.187,117.885,7.75,0.135,-6.206,
KSEA,16C,34C,47.4509,-122.311,180.0,14.861,5.139,-1.257,2025.42
KSEA,16L,34R,47.4475,-122.308,180.0,14.86,5.14,-1.255,2025.41
KSEA,16R,34L,47.45215,-122.318,180.0,14.862,5.138,-1.259,2025.43
KSEE,09L,27R,32.82793,-116.97277,102.08,10.843,1.237,-1.86,
KSEE,09R,27L,32.8266,-116.9719,102.09,10.843,1.248,-1.85,
KSEE,17,35,32.82384,-116.97246,179.609,10.842,-1.234,-4.331,
KSEF,14,32,27.4574,-81.34175,134.644,-6.875,1.519,-4.196,
KSEF,18,36,27.45545,-81.34305,179.646,-6.874,6.519,0.804,2008.64
KSEM,15,33,32.34395,-86.9878,145.591,-3.758,-0.651,-6.209,
KSEP,14,32,32.21535,-98.1777,149.0,3.357,5.643,0.721,2019.21
KSEQ,13,31,29.56585,-97.90835,132.274,3.174,-0.9,-5.721,
KSER,05,23,38.9236,-85.9007,44.112,-5.098,-0.79,-5.498,
KSER,14,32,38.92345,-85.91405,134.028,-5.089,-0.883,-5.593,
KSET,09,27,38.93235,-90.4282,91.037,-1.854,2.89,-2.337,
KSET,18,36,38.9283,-90.4309,180.854,-1.852,2.705,-2.522,
KSEZ,03,21,34.8486,-111.7885,47.557,9.74,7.817,4.062,1996.37
KSFB,09C,27C,28.7785,-81.2399,89.997,-7.079,7.076,1.539,2001.49
KSFB,09L,27R,28.78175,-81.241,89.778,-7.079,6.857,1.319,2003.83
KSFB,18,36,28.77505,-81.23475,179.697,-7.082,6.778,1.241,2004.66
KSFF,4L,22R,47.6828,-117.324,52.695,13.743,-1.048,-7.52,
KSFM,07,25,43.3912,-70.7096,58.444,-14.257,2.701,4.665,
KSFM,14,32,43.397,-70.70605,118.736,-14.259,-7.005,-5.037,2001.58
KSFO,10L,28R,37.62114,-122.37528,117.792,12.817,4.975,1.237,
KSFO,10R,28L,37.61901,-122.37575,117.792,12.817,4.975,1.238,
KSFO,1L,19R,37.61719,-122.37679,27.808,12.816,4.992,1.255,
KSFO,1R,19L,37.61684,-122.37409,27.812,12.816,4.996,1.259,
KSFQ,04,22,36.6806,-76.5991,29.41,-10.622,0.032,-2.84,
KSFY,13,31,42.04585,-90.10795,135.817,-2.316,8.133,3.194,1989.07
KSFZ,05,23,41.92245,-71.49095,31.754,-13.7,-4.546,-3.56,
KSFZ,15,33,41.91815,-71.49205,139.346,-13.699,3.044,4.028,
KSGF,02,20,37.24455,-93.38475,21.663,0.311,1.353,-4.017,
KSGF,14,32,37.2466,-93.392,141.685,0.316,1.369,-4.0,
KSGH,06,24,39.8423,-83.8384,54.295,-6.638,0.933,-3.199,
KSGH,15,33,39.837,-83.84305,144.004,-6.634,0.638,-3.497,
KSGJ,02,20,29.95785,-81.3396,21.337,-7.145,8.482,3.094,1989.28
KSGJ,06,24,29.95575,-81.33755,61.81,-7.146,8.956,3.568,1985.66
KSGJ,13,31,29.9609,-81.34055,126.326,-7.145,3.471,-1.917,
KSGR,17,35,29.62225,-95.65655,175.215,1.903,3.312,-1.795,
KSGS,16,34,44.85715,-93.03285,162.342,-0.282,2.624,-2.515,
KSGT,09,27,34.60375,-91.5704,92.081,-0.824,2.905,-2.546,
KSGT,18,36,34.59595,-91.5788,181.731,-0.818,2.549,-2.903,
KSGU,1,19,37.03635,-113.5103,22.936,10.64,2.296,-1.676,
KSHD,05,23,38.26385,-78.89645,38.249,-9.571,-2.179,-5.347,
KSHL,15,33,43.2084,-95.83345,155.426,1.902,3.524,-1.906,
KSHN,05,23,47.23355,-123.1475,68.48,14.955,3.525,-2.799,
KSHR,06,24,44.7735,-106.979,67.919,9.06,-1.14,-6.877,
KSHR,15,33,44.7666,-106.9815,155.994,9.06,-3.066,-8.802,
KSHV,06,24,32.4492,-93.82415,61.067,0.73,0.338,-5.015,
KSHV,14,32,32.4447,-93.8267,142.607,0.731,1.875,-3.477,
KSIF,13,31,36.43725,-79.851,124.46,-8.772,3.232,-0.671,
KSIK,03,21,36.8989,-89.56175,24.13,-2.338,-3.532,-8.85,
KSIV,18,36,39.1147,-87.4483,180.766,-4.016,4.782,-0.13,
KSIY,17,35,41.78145,-122.468,192.606,13.686,8.92,4.23,1986.33
KSJC,12L,30R,37.36365,-121.9275,138.675,12.693,5.982,2.289,2014.48
KSJC,12R,30L,37.36235,-121.9295,138.67,12.693,5.977,2.284,2014.53
KSJN,03,21,34.5164,-109.3795,38.072,8.843,-0.771,-4.688,
KSJN,14,32,34.51995,-109.378,146.482,8.843,-2.361,-6.278,
KSJT,03,21,31.35565,-100.4935,43.149,4.591,8.559,3.964,1988.25
KSJT,09,27,31.36045,-100.495,97.119,4.592,2.527,-2.068,
KSJT,18,36,31.3578,-100.4995,186.672,4.594,2.078,-2.516,
KSJX,05,23,45.6939,-85.56665,42.505,-6.22,-1.275,-4.518,
KSJX,09,27,45.6915,-85.5693,89.994,-6.218,6.212,2.967,1993.17
KSJX,14,32,45.69225,-85.5632,132.2,-6.223,-1.577,-4.82,
KSKA,05,23,47.61505,-117.656,66.737,13.825,2.912,-3.536,
KSKF,16,34,29.3842,-98.58115,162.153,3.535,-1.382,-6.103,
KSKI,14,32,42.3808,-94.97985,147.156,1.299,5.857,0.483,2014.15
KSKI,18,36,42.37805,-94.9794,180.0,1.298,-1.298,-6.672,
KSKX,04,22,36.45815,-105.6725,57.046,7.512,9.534,5.037,1975.67
KSLB,06,24,42.5994,-95.2407,67.06,1.483,5.577,0.188,2017.71
KSLB,13,31,42.6006,-95.23965,134.131,1.482,2.649,-2.74,
KSLB,17,35,42.59425,-95.24135,174.758,1.484,3.274,-2.115,
KSLC,14,32,40.77974,-111.96725,152.998,10.717,2.281,-2.46,
KSLC,16L,34R,40.79105,-111.97505,174.967,10.722,4.245,-0.498,
KSLC,16R,34L,40.79138,-111.9974,174.948,10.73,4.218,-0.524,
KSLC,17,35,40.78575,-111.96209,179.998,10.716,-0.718,-5.46,
KSLE,13,31,44.91,-123.0015,150.467,14.431,6.036,0.473,2015.99
KSLE,16,34,44.90905,-123.0035,182.884,14.431,8.453,2.891,1999.34
KSLG,18,36,36.19185,-94.49,185.416,1.082,4.334,-1.008,
KSLH,10,28,45.6542,-84.5194,89.994,-7.0,-3.005,-5.902,
KSLH,17,35,45.6525,-84.5189,163.271,-7.0,0.271,-2.626,
KSLI,04L,22R,33.78996,-118.05412,55.028,11.259,3.769,0.585,
KSLI,04R,22L,33.79008,-118.04946,55.025,11.258,3.767,0.583,
KSLJ,14,32,31.17385,-89.19115,138.751,-2.211,0.962,-4.665,
KSLK,05,23,44.3876,-74.2061,34.905,-13.069,-2.027,-1.155,
KSLK,09,27,44.38155,-74.20635,79.029,-13.067,2.096,2.965,
KSLN,04,22,38.7895,-97.6513,48.696,3.156,5.54,0.257,2019.67
KSLN,12,30,38.78755,-97.65855,132.44,3.161,9.279,3.997,1983.81
KSLN,17,35,38.7935,-97.64595,179.858,3.153,6.706,1.423,2008.41
KSLN,18,36,38.7879,-97.66145,179.623,3.163,-3.54,-8.821,
KSLO,18,36,38.64285,-88.96415,180.394,-2.887,3.282,-1.853,
KSLR,01,19,33.15985,-95.62115,9.552,1.843,-2.291,-7.508,
KSMD,05,23,41.1436,-85.15275,50.597,-5.88,6.476,2.305,1998.0
KSMD,13,31,41.1431,-85.15285,128.551,-5.879,4.43,0.259,
KSME,05,23,37.0548,-84.61425,43.011,-5.791,-1.198,-5.988,
KSMF,17L,35R,38.69533,-121.58028,180.755,12.903,-2.149,-6.125,
KSMF,17R,35L,38.69554,-121.6013,180.745,12.907,-2.162,-6.138,
KSMN,17,35,45.1238,-113.8815,188.644,12.139,6.505,0.803,2012.08
KSMO,03,21,34.01581,-118.45134,44.557,11.386,3.171,-0.03,
KSMQ,08,26,40.62675,-74.669,69.587,-12.15,1.738,0.871,
KSMQ,12,30,40.6257,-74.67055,108.704,-12.15,0.853,-0.015,
KSMQ,17,35,40.6256,-74.6712,165.793,-12.149,7.942,7.073,1914.56
KSMS,05,23,33.9957,-80.3615,43.183,-8.178,1.361,-3.185,
KSMS,14,32,33.99385,-80.36105,134.136,-8.178,2.314,-2.232,
KSMX,02,20,34.89917,-120.46285,35.992,11.949,4.043,0.775,
KSMX,12,30,34.90045,-120.45501,135.407,11.947,3.459,0.191,
KSNA,02L,20R,33.67473,-117.86947,27.913,11.198,-3.285,-6.461,
KSNA,02R,20L,33.67751,-117.86585,27.902,11.197,-3.296,-6.472,
KSNC,17,35,41.3838,-72.50635,160.531,-13.216,3.746,4.075,
KSNH,01,19,35.17025,-88.2167,7.5,-3.15,0.65,-4.733,
KSNK,08,26,32.6903,-100.9525,89.996,4.888,5.109,0.476,2025.27
KSNK,17,35,32.6957,-100.949,180.0,4.886,5.114,0.48,2025.21
KSNL,17,35,35.35785,-96.9428,180.0,2.664,7.336,2.157,2003.74
KSNS,08,26,36.6619,-121.6085,96.731,12.499,4.232,0.672,
KSNS,13,31,36.663,-121.6055,147.071,12.498,4.573,1.012,
KSNY,03,21,41.0977,-102.9845,38.657,6.526,2.131,-3.116,
KSNY,13,31,41.1013,-102.9855,134.857,6.527,-1.67,-6.918,
KSOA,18,36,30.5857,-100.6485,193.27,4.64,8.63,4.107,1986.67
KSOW,04,22,34.2642,-110.0025,46.078,9.038,-2.96,-6.788,
KSOW,07,25,34.2662,-110.0075,75.886,9.04,-3.154,-6.982,
KSPA,05,23,34.91575,-81.95645,41.508,-7.299,-1.192,-5.883,
KSPB,15,33,45.77105,-122.862,168.459,14.592,3.866,-1.965,
KSPF,04,22,44.47915,-103.7775,41.102,7.246,-6.144,-11.858,
KSPF,08,26,44.4767,-103.7865,89.995,7.251,2.744,-2.97,
KSPF,13,31,44.48455,-103.788,134.128,7.252,-3.125,-8.84,
KSPG,07,25,27.76555,-82.6286,62.154,-6.12,-1.727,-7.505,
KSPG,18,36,27.76455,-82.6249,180.0,-6.122,6.122,0.344,2013.22
KSPH,18,36,32.98345,-93.4092,180.0,0.45,-0.45,-5.836,
KSPI,04,22,39.8451,-89.67695,41.608,-2.462,4.07,-1.023,
KSPI,13,31,39.84375,-89.6776,126.713,-2.462,-0.825,-5.919,
KSPI,18,36,39.84305,-89.6797,181.232,-2.46,3.692,-1.402,
KSPK,12,30,40.14165,-111.6615,132.903,10.504,2.399,-2.233,
KSPS,15C,33C,33.9935,-98.491,158.347,3.573,4.774,-0.207,
KSPS,15L,33R,34.00355,-98.4896,158.057,3.573,4.484,-0.498,
KSPS,15R,33L,33.9871,-98.4915,158.36,3.574,4.787,-0.194,
KSPS,17,35,33.97275,-98.4959,180.51,3.576,6.934,1.954,2007.39
KSPW,12,30,43.16585,-95.2031,126.06,1.441,4.619,-0.773,
KSPW,18,36,43.16515,-95.2025,185.417,1.441,3.976,-1.416,
KSPZ,06,24,39.40305,-119.251,69.189,12.59,-3.402,-7.579,
KSQI,07,25,41.7422,-89.6735,70.312,-2.617,2.928,-1.981,
KSQI,18,36,41.74395,-89.6809,180.0,-2.611,2.611,-2.299,
KSQL,12,30,37.51186,-122.24954,137.959,12.775,5.184,1.466,2024.42
KSRB,04,22,36.0559,-85.5307,34.696,-5.068,-0.235,-5.3,
KSRC,01,19,35.21065,-91.7375,12.645,-0.739,3.384,-2.048,
KSRE,05,23,35.2724,-96.6766,36.676,2.497,-15.821,-21.017,
KSRE,16,34,35.27575,-96.6749,165.466,2.496,2.969,-2.226,
KSRQ,04,22,27.3954,-82.5529,38.416,-6.127,4.543,-1.268,
KSRQ,14,32,27.39545,-82.55515,134.451,-6.126,0.577,-5.235,
KSRR,06,24,33.46285,-105.5345,71.273,7.155,4.118,-0.063,
KSRR,12,30,33.4583,-105.5225,128.664,7.149,1.515,-2.666,
KSSC,04L,22R,33.973,-80.4721,34.719,-8.109,2.828,-1.746,
KSSC,04R,22L,33.97235,-80.46865,34.794,-8.111,2.905,-1.669,
KSSF,09,27,29.3371,-98.4735,102.18,3.477,8.703,3.969,1987.66
KSSF,14,32,29.3369,-98.46835,145.763,3.474,2.289,-2.445,
KSSI,04,22,31.15165,-81.3939,36.257,-7.24,3.497,-1.724,
KSSI,16,34,31.1521,-81.3866,154.24,-7.244,1.485,-3.735,
KSSQ,14,32,45.73135,-91.92065,137.258,-1.225,-1.517,-6.415,
KSTC,05,23,45.5454,-94.05995,59.382,0.476,8.907,3.645,1984.65
KSTC,13,31,45.547,-94.05985,136.1,0.475,5.625,0.363,2014.5
KSTE,03,21,44.5456,-89.5309,29.508,-2.995,2.502,-2.047,
KSTE,12,30,44.5443,-89.52925,120.002,-2.996,2.997,-1.552,
KSTF,18,36,33.4331,-88.8486,178.722,-2.595,1.317,-4.203,
KSTJ,13,31,39.7693,-94.9144,135.421,1.309,4.112,-1.246,
KSTJ,17,35,39.77355,-94.9069,180.0,1.304,8.696,3.338,1989.04
KSTK,04,22,40.61275,-103.2645,47.401,6.648,0.753,-4.421,
KSTK,15,33,40.61685,-103.265,166.305,6.649,9.656,4.481,1979.73
KSTL,06,24,38.75145,-90.36936,62.818,-1.885,4.703,-0.533,
KSTL,11,29,38.75337,-90.39652,122.171,-1.865,14.036,8.799,
KSTL,12L,30R,38.7452,-90.35295,122.192,-1.896,4.088,-1.147,
KSTL,12R,30L,38.74584,-90.36281,122.187,-1.889,4.076,-1.16,
KSTP,09,27,44.9348,-93.06035,91.13,-0.266,1.396,-3.744,
KSTP,13,31,44.93575,-93.05875,127.841,-0.267,-1.892,-7.031,
KSTP,14,32,44.93355,-93.06055,146.042,-0.266,6.308,1.168,2006.75
KSTS,02,20,38.50945,-122.8165,29.501,13.067,-3.565,-7.485,
KSTS,14,32,38.5099,-122.81,157.524,13.066,4.459,0.539,
KSUA,07,25,27.18405,-80.22235,68.434,-7.515,5.949,0.312,2014.31
KSUA,12,30,27.1792,-80.22305,110.327,-7.514,-2.158,-7.796,
KSUA,16,34,27.1823,-80.2183,154.52,-7.517,2.037,-3.6,
KSUD,18,36,35.7901,-96.6562,180.0,2.488,-2.488,-7.703,
KSUE,02,20,44.84305,-87.4228,13.016,-4.67,-2.314,-6.31,
KSUE,10,28,44.8445,-87.41975,92.615,-4.673,-2.712,-6.707,
KSUN,13,31,43.50445,-114.2965,144.832,11.997,2.835,-2.432,
KSUS,08L,26R,38.66555,-90.6597,77.859,-1.671,-0.47,-5.73,
KSUS,08R,26L,38.6598,-90.6469,78.172,-1.679,-0.148,-5.407,
KSUU,03L,21R,38.25345,-121.943,47.398,12.876,4.523,0.646,
KSUU,03R,21L,38.27165,-121.912,47.391,12.874,4.517,0.636,
KSUW,04,22,46.68975,-92.0947,30.114,-1.173,-8.713,-13.567,
KSUW,14,32,46.6832,-92.0952,140.11,-1.172,1.282,-3.573,
KSUX,13,31,42.40035,-96.38605,135.698,2.311,3.387,-2.046,
KSUX,17,35,42.40565,-96.38205,180.716,2.308,8.408,2.974,1992.51
KSUZ,02,20,34.5904,-92.47945,19.926,-0.214,0.139,-5.286,
KSVC,03,21,32.6373,-108.158,43.877,8.146,5.731,1.921,2018.09
KSVC,08,26,32.6324,-108.154,89.994,8.144,1.85,-1.96,
KSVC,12,30,32.6374,-108.1555,134.027,8.145,5.882,2.072,2016.52
KSVC,17,35,32.64035,-108.1585,183.206,8.147,5.059,1.249,2025.88
KSVE,07,25,40.37455,-120.574,89.069,13.056,6.013,1.646,2014.87
KSVE,11,29,40.3763,-120.5715,129.755,13.056,6.699,2.332,2009.16
KSVH,10,28,35.765,-80.9539,96.577,-8.022,4.599,0.279,
KSVN,10,28,32.01,-81.146,92.197,-7.483,-0.32,-5.368,
KSWF,09,27,41.5041,-74.1094,78.234,-12.556,0.79,0.488,
KSWF,16,34,41.504,-74.0962,149.336,-12.562,1.897,1.601,
KSWI,16,34,33.62415,-96.58615,166.386,2.434,3.952,-1.193,
KSWO,04,22,36.1603,-97.08465,44.559,2.76,1.799,-3.401,
KSWO,17,35,36.16215,-97.08675,179.319,2.762,6.557,1.358,2010.01
KSWT,04,22,40.8662,-97.1094,46.872,2.817,4.055,-1.332,
KSWT,16,34,40.86355,-97.10885,174.362,2.817,11.546,6.159,1965.56
KSWW,04,22,32.46665,-100.4645,44.273,4.621,-0.347,-5.021,
KSWW,17,35,32.46805,-100.468,173.917,4.623,-0.705,-5.379,
KSXK,17,35,42.98581,-96.16137,174.613,2.143,2.47,-2.972,
KSXL,04,22,38.2316,-80.87085,36.97,-8.378,5.348,1.598,2011.64
KSYF,18,36,39.7619,-101.7935,201.09,5.748,15.341,10.186,
KSYI,18,36,35.5601,-86.4425,179.327,-4.4,3.727,-1.495,
KSYR,10,28,43.10875,-76.10935,87.441,-11.884,-0.676,-1.182,
KSYR,15,33,43.1141,-76.1027,133.811,-11.888,-4.301,-4.803,
KSZL,01,19,38.7303,-93.54785,11.013,0.379,0.634,-4.717,
KSZP,04,22,34.34702,-119.06162,57.428,11.574,5.854,2.627,2015.65
KSZT,02,20,48.29955,-116.56,32.227,13.636,-1.409,-8.099,
KSZY,17,35,35.2029,-88.4982,164.714,-2.959,-2.327,-7.72,
KT00,12,30,29.77015,-94.6624,128.305,1.314,6.991,1.765,2007.33
KT03,15,33,36.09225,-111.3825,160.549,9.788,0.761,-3.208,
KT05,12,30,26.5628,-97.4378,123.059,2.927,0.132,-4.603,
KT12,13,31,30.6472,-93.91535,132.947,0.837,2.11,-3.213,
KT15,17,35,31.34065,-96.852,181.175,2.586,8.589,3.558,1990.83
KT16,06,24,33.7,-108.8505,74.827,8.539,6.288,2.424,2012.52
KT17,15,33,29.27615,-95.8886,154.221,2.043,2.178,-2.888,
KT19,14,32,27.88345,-98.60015,142.751,3.529,-0.779,-5.414,
KT20,15,33,29.528,-97.4614,150.094,2.928,-2.834,-7.711,
KT24,17,35,31.2336,-93.9819,180.0,0.861,9.139,3.814,1986.3
KT30,13,31,28.82225,-99.10905,136.971,3.803,3.168,-1.45,
KT31,17,35,33.20845,-96.7419,180.0,2.527,7.473,2.358,2002.86
KT35,16,34,30.87945,-96.9711,163.778,2.654,1.123,-3.875,
KT36,18,36,31.146,-90.16815,178.213,-1.57,-0.218,-5.81,
KT39,17,35,33.5823,-98.6187,180.0,3.637,6.363,1.416,2012.31
KT41,05,23,29.66935,-95.06405,51.343,1.555,-0.212,-5.39,
KT41,12,30,29.6692,-95.0643,126.283,1.555,4.728,-0.45,
KT42,13,31,40.21065,-123.298,140.709,13.489,-2.78,-7.08,
KT45,17,35,35.36165,-101.365,180.0,5.247,4.753,-0.039,
KT50,15,33,30.93345,-99.8168,154.112,4.223,-0.111,-4.763,
KT51,17,35,30.04275,-95.66725,179.48,1.903,7.576,2.457,2002.3
KT54,13,31,29.5244,-95.7752,134.549,1.974,2.575,-2.514,
KT55,01,19,34.56665,-102.323,18.885,5.706,3.179,-1.45,
KT59,17,35,35.4511,-100.2,180.0,4.604,5.396,0.487,2021.86
KT60,17,35,33.1721,-100.198,180.0,4.507,5.493,0.741,2020.79
KT65,13,31,26.1776,-97.97305,141.567,3.207,8.359,3.725,1992.55
KT67,14,32,32.9312,-97.4117,141.3,2.923,-1.623,-6.661,
KT69,14,32,28.03925,-97.54245,146.067,2.973,3.094,-1.699,
KT74,17,35,30.5726,-97.44315,178.659,2.922,5.737,0.809,2018.39
KT78,16,34,30.0778,-94.69855,166.112,1.328,4.784,-0.446,
KT82,14,32,30.24325,-98.90915,146.71,3.724,2.986,-1.741,
KT85,13,31,29.3132,-97.1384,133.971,2.749,1.222,-3.687,
KT88,17,35,32.46845,-100.921,180.0,4.861,5.139,0.519,2024.9
KT90,18,36,29.8042,-94.4311,180.0,1.174,-1.174,-6.427,
KT92,13,31,30.7323,-99.18365,137.885,3.881,4.004,-0.716,
KT92,17,35,30.7322,-99.1843,180.999,3.882,7.118,2.398,2006.05
KT93,17,35,36.4408,-100.124,180.0,4.604,5.396,0.41,2021.82
KTAD,03,21,37.26105,-104.3355,44.156,6.939,7.217,2.511,2005.08
KTAD,09,27,37.2588,-104.344,106.27,6.943,9.326,4.621,1979.12
KTAN,12,30,41.87265,-71.0137,107.635,-13.862,1.496,2.668,
KTAZ,09L,27R,39.5381,-89.3286,89.998,-2.693,2.691,-2.395,
KTAZ,09R,27L,39.5298,-89.3355,88.812,-2.687,1.5,-3.588,
KTAZ,18,36,39.53235,-89.3274,179.192,-2.693,1.886,-3.201,
KTBN,15,33,37.74165,-92.1407,140.05,-0.571,-9.379,-14.735,
KTBR,06,24,32.4868,-81.7374,49.548,-7.171,-3.281,-8.345,
KTBR,14,32,32.47975,-81.7366,134.999,-7.171,2.17,-2.896,
KTCC,03,21,35.1818,-103.6025,45.313,6.399,8.914,4.359,1982.5
KTCC,08,26,35.1843,-103.604,89.995,6.4,3.596,-0.96,
KTCL,04,22,33.21685,-87.6122,41.074,-3.411,4.485,-1.025,
KTCL,12,30,33.22675,-87.6101,116.29,-3.413,-0.296,-5.806,
KTCM,16,34,47.13765,-122.4765,178.589,14.822,3.767,-2.52,
KTCS,01,19,33.2343,-107.268,21.798,7.864,3.934,-0.036,
KTCS,07,25,33.2344,-107.2695,79.514,7.865,1.649,-2.322,
KTCS,11,29,33.2382,-107.2735,125.53,7.867,7.664,3.693,1999.6
KTCS,13,31,33.23515,-107.27,143.835,7.865,5.97,2.0,2015.7
KTCS,15,33,33.2348,-107.2665,162.099,7.864,4.235,0.264,
KTCY,12,30,37.6875,-121.441,132.176,12.676,-0.5,-4.268,
KTDF,06,24,36.2846,-78.98425,50.519,-9.262,-0.219,-3.924,
KTDO,06,24,46.47715,-122.8065,73.396,14.735,-1.339,-7.402,
KTDW,05,23,35.1678,-101.825,55.004,5.483,-0.478,-5.21,
KTDW,17,35,35.1711,-101.826,180.0,5.484,4.516,-0.215,
KTDZ,04,22,41.5639,-83.48195,38.641,-7.109,5.75,2.092,2002.6
KTDZ,14,32,41.56545,-83.48245,134.012,-7.109,1.121,-2.537,
KTEB,1,19,40.84828,-74.05967,3.204,-12.466,5.67,5.135,1973.08
KTEB,6,24,40.85224,-74.0622,48.159,-12.466,0.625,0.091,
KTEL,13,31,38.0188,-86.6924,133.98,-4.451,8.431,3.478,1986.71
KTEW,10,28,42.5658,-84.4232,89.995,-6.588,-3.417,-7.097,
KTEX,09,27,37.95375,-107.9085,105.05,8.687,6.363,1.854,2012.19
KTFP,13,31,27.91305,-97.2115,139.76,2.795,6.965,2.131,2007.66
KTGC,01,19,35.93245,-88.84895,8.804,-2.769,1.573,-3.781,
KTHA,06,24,35.38215,-86.2472,57.898,-4.518,2.415,-2.809,
KTHA,09,27,35.37425,-86.25,89.227,-4.515,3.742,-1.483,
KTHM,08,26,47.57495,-115.2845,88.495,13.078,-4.584,-11.021,
KTHV,17,35,39.917,-76.87305,155.487,-10.937,-3.577,-5.552,
KTIK,13,31,35.41585,-97.39165,131.147,2.942,-1.796,-6.943,
KTIK,18,36,35.41375,-97.3821,180.0,2.936,-2.936,-8.084,
KTIP,09,27,40.29205,-88.14095,89.58,-3.623,3.203,-1.658,
KTIP,18,36,40.2951,-88.1439,180.0,-3.621,3.621,-1.239,
KTIW,17,35,47.2679,-122.578,185.714,14.868,0.846,-5.487,
KTIX,09,27,28.5152,-80.8029,89.164,-7.314,6.478,0.954,2007.78
KTIX,18,36,28.51455,-80.79675,179.251,-7.318,6.569,1.046,2006.78
KTKC,11,29,44.24875,-95.6061,118.747,1.71,7.037,1.602,2003.15
KTKC,17,35,44.2485,-95.6083,180.0,1.711,8.289,2.854,1992.62
KTKI,18,36,33.17795,-96.59055,182.247,2.435,-0.189,-5.317,
KTKO,09,27,39.8035,-98.2225,97.046,3.545,3.501,-1.814,
KTKO,17,35,39.80295,-98.22115,174.973,3.544,1.429,-3.886,
KTKV,09,27,45.4691,-89.8057,89.994,-2.88,2.875,-1.608,
KTKX,02,20,36.22375,-90.038,17.839,-1.962,-0.2,-5.58,
KTKX,18,36,36.22935,-90.03445,178.336,-1.964,0.301,-5.078,
KTLH,09,27,30.3914,-84.34385,89.47,-5.308,4.779,-0.834,
KTLH,18,36,30.40325,-84.3589,179.41,-5.3,4.71,-0.903,
KTLR,13,31,36.1561,-119.3265,147.739,11.975,5.764,2.233,2017.06
KTMA,10,28,31.4316,-83.4861,94.366,-5.961,0.326,-5.104,
KTMB,09L,27R,25.65295,-80.4325,87.089,-7.222,4.311,-1.54,
KTMB,13,31,25.64725,-80.43595,127.296,-7.22,4.515,-1.337,
KTME,18,36,29.805,-95.89785,179.162,2.041,-2.879,-7.963,
KTMK,01,19,45.41855,-123.8135,27.055,14.664,2.391,-3.333,
KTMK,13,31,45.41805,-123.815,155.728,14.664,11.064,5.34,1968.06
KTNP,08,26,34.13435,-115.944,89.615,10.83,-1.214,-4.57,
KTNP,17,35,34.1275,-115.948,180.0,10.829,-0.829,-4.183,
KTNT,9,27,25.8618,-80.897,89.993,-6.968,6.961,1.096,2005.1
KTNU,14,32,41.6744,-93.0217,141.343,-0.113,1.456,-3.807,
KTNX,15,33,37.7988,-116.781,157.33,11.702,-4.372,-8.308,
KTOA,11L,29R,33.80379,-118.33924,128.457,11.322,7.134,3.962,2001.81
KTOA,11R,29L,33.80272,-118.34026,128.432,11.322,7.11,3.938,2002.1
KTOB,04,22,44.0189,-92.83525,45.037,-0.381,5.418,0.267,2018.1
KTOB,16,34,44.0172,-92.8303,165.837,-0.385,6.222,1.071,2008.0
KTOC,09,27,34.59535,-83.2936,87.868,-6.409,4.277,-0.693,
KTOI,14,32,31.8597,-86.01,142.738,-4.363,7.101,1.54,2002.89
KTOL,07,25,41.58705,-83.81285,67.132,-6.883,4.015,0.272,
KTOL,16,34,41.5864,-83.79835,157.335,-6.893,4.227,0.488,
KTOP,04,22,39.0681,-95.6228,49.112,1.807,7.304,1.958,2002.82
KTOP,13,31,39.0699,-95.6206,134.475,1.806,2.67,-2.677,
KTOP,18,36,39.06755,-95.62445,181.889,1.809,0.081,-5.266,
KTOR,02,20,42.06595,-104.1495,27.031,7.261,-0.23,-5.56,
KTOR,10,28,42.0638,-104.1545,115.648,7.263,8.384,3.054,1996.37
KTPA,10,28,27.9705,-82.52525,91.781,-6.205,-2.014,-7.763,
KTPA,19L,01R,27.9757,-82.5286,181.787,-6.204,-2.009,-7.758,
KTPA,19R,01L,27.9784,-82.54185,181.85,-6.196,-1.954,-7.704,
KTPF,04,22,27.91505,-82.4506,37.134,-6.246,3.38,-2.37,
KTPF,18,36,27.9163,-82.4476,173.159,-6.248,-0.593,-6.343,
KTPH,11,29,38.0629,-117.084,124.189,11.828,2.361,-1.613,
KTPH,15,33,38.05815,-117.0895,163.502,11.828,1.674,-2.3,
KTPL,03,21,31.1535,-97.406,27.438,2.904,-5.467,-10.426,
KTPL,16,34,31.15175,-97.40915,162.351,2.906,-0.556,-5.514,
KTQE,15,33,41.76355,-96.17795,153.827,2.169,1.658,-3.751,
KTQK,08,26,38.4767,-100.8855,89.998,5.145,4.853,-0.236,
KTQK,17,35,38.4743,-100.885,180.0,5.145,4.855,-0.234,
KTRI,05,23,36.4734,-82.4099,42.522,-7.186,-0.292,-4.783,
KTRI,09,27,36.4784,-82.40295,89.046,-7.191,6.237,1.748,2003.09
KTRK,02,20,39.32005,-120.136,29.223,12.759,-3.536,-7.674,
KTRK,11,29,39.32,-120.142,119.311,12.76,-3.449,-7.588,
KTRL,18,36,32.7085,-96.2671,180.0,2.24,-2.24,-7.383,
KTRM,12,30,33.62532,-116.16519,135.006,10.795,4.211,0.947,
KTRM,17,35,33.62747,-116.15643,180.023,10.793,-0.77,-4.036,
KTRX,18,36,40.0835,-93.5906,179.26,0.365,-1.105,-6.436,
KTSO,07,25,40.56185,-81.0775,64.463,-8.567,3.03,-0.185,
KTSP,11,29,35.135,-118.4395,124.443,11.595,2.848,-0.538,
KTTA,03,21,35.58235,-79.10135,20.405,-9.108,-0.487,-4.393,
KTTD,07,25,45.54935,-122.4015,88.823,14.467,4.355,-1.404,
KTTF,03,21,41.9399,-83.4347,22.537,-7.195,-0.268,-3.822,
KTTN,06,24,40.27545,-74.8138,46.59,-12.025,-1.385,-2.439,
KTTN,16,34,40.27825,-74.81315,145.703,-12.026,-2.271,-3.324,
KTTS,15,33,28.6149,-80.6944,150.019,-7.39,7.409,1.912,1997.96
KTUL,08,26,36.1955,-95.8865,89.432,1.997,7.435,2.16,2002.55
KTUL,18L,36R,36.2002,-95.8822,183.049,1.994,1.055,-4.22,
KTUL,18R,36L,36.19885,-95.89965,183.052,2.005,1.047,-4.227,
KTUP,18,36,34.2681,-88.7699,180.0,-2.706,2.706,-2.761,
KTUS,04,22,32.124,-110.951,45.03,9.067,-4.038,-7.509,
KTUS,12,30,32.1127,-110.93535,135.043,9.061,5.983,2.512,2015.11
KTVB,03,21,37.13245,-92.084,33.026,-0.584,3.61,-1.765,
KTVC,10,28,44.7406,-85.5779,93.837,-6.061,-0.102,-3.593,
KTVC,18,36,44.7429,-85.5877,180.0,-6.054,6.054,2.561,1997.02
KTVF,13,31,48.0647,-96.18395,134.84,2.019,2.821,-2.781,
KTVI,04,22,30.901,-83.88195,40.048,-5.655,5.703,0.176,2016.74
KTVI,14,32,30.9026,-83.88025,132.968,-5.656,-1.376,-6.903,
KTVK,16,34,40.68545,-92.90145,158.26,-0.156,-1.585,-6.872,
KTVL,18,36,38.8939,-119.9955,193.501,12.646,0.855,-3.195,
KTVR,18,36,32.3516,-91.0277,179.301,-1.075,0.376,-5.149,
KTVY,17,35,40.61255,-112.351,180.0,10.831,-0.831,-5.52,
KTWF,08,26,42.481,-114.487,91.438,11.88,-0.442,-5.454,
KTWF,12,30,42.484,-114.4895,133.846,11.881,1.965,-3.048,
KTWM,06,24,47.0501,-91.7453,62.277,-1.492,3.769,-0.974,
KTWM,15,33,47.0479,-91.74505,143.312,-1.492,-5.196,-9.939,
KTWT,18,36,37.54175,-87.95435,182.996,-3.519,6.515,1.365,2005.77
KTXK,04,22,33.4527,-93.99375,45.065,0.813,4.252,-1.097,
KTXK,13,31,33.45505,-93.98765,134.868,0.809,4.06,-1.29,
KTYL,03,21,34.45285,-110.115,41.647,9.105,2.542,-1.3,
KTYQ,18,36,40.0286,-86.25141,179.495,-4.966,4.461,-0.134,
KTYR,04,22,32.3529,-95.40245,44.998,1.716,3.283,-1.933,
KTYR,13,31,32.35615,-95.39945,134.983,1.714,3.269,-1.946,
KTYR,18,36,32.35375,-95.40545,180.362,1.717,-1.355,-6.571,
KTYS,05L,23R,35.8131,-83.9948,44.716,-6.077,0.793,-4.095,
KTYS,05R,23L,35.80885,-83.9933,44.879,-6.077,0.957,-3.932,
KTZR,04,22,39.9012,-83.1369,32.027,-7.122,-0.851,-4.801,
KTZT,18,36,41.8775,-92.28555,171.287,-0.669,-8.043,-13.239,
KTZV,04,22,36.72905,-85.65235,34.244,-5.05,-0.705,-5.695,
KU00,11,29,44.67305,-113.352,130.533,11.869,8.664,3.075,1996.99
KU00,16,34,44.6728,-113.3535,174.776,11.869,2.907,-2.683,
KU01,03,21,42.7973,-112.825,50.824,11.359,9.465,4.326,1982.5
KU02,01,19,43.20925,-112.3495,25.15,11.25,3.901,-1.35,
KU03,09,27,42.5915,-114.797,109.189,12.0,7.189,2.16,2006.42
KU05,16,34,46.3194,-113.305,180.0,12.137,7.863,1.812,2003.68
KU06,15,33,42.04575,-110.966,161.454,10.527,0.927,-4.116,
KU07,01,19,37.54555,-110.713,19.679,9.762,-0.082,-4.323,
KU08,13,31,36.56775,-114.443,151.131,10.843,10.288,6.451,1940.42
KU09,10,28,48.48115,-108.769,116.059,10.452,5.608,-1.079,2019.86
KU10,16,34,42.10625,-111.913,180.0,10.906,9.094,4.076,1985.88
KU10,4,22,42.10735,-111.912,49.761,10.906,-1.146,-6.164,
KU12,04,22,43.9457,-111.684,57.684,11.109,6.575,1.131,2011.18
KU13,17,35,38.25,-112.2255,183.638,10.412,3.226,-1.032,
KU25,11,29,43.54895,-109.6925,113.041,10.209,-7.168,-12.578,
KU30,18,36,36.02055,-114.335,189.702,10.719,-1.017,-4.77,
KU34,13,31,38.9614,-110.227,142.47,9.78,2.691,-1.814,
KU36,06,24,42.9211,-112.881,81.144,11.4,9.745,4.578,1979.57
KU42,16,34,40.61955,-111.993,174.507,10.701,3.805,-0.903,
KU52,13,31,38.23165,-112.6745,149.167,10.562,8.605,4.377,1983.91
KU55,18,36,37.8453,-112.392,197.592,10.405,7.187,3.009,2004.72
KU56,01,19,43.6443,-111.9285,22.872,11.158,1.714,-3.651,
KU58,17,35,42.42625,-112.1095,184.365,11.032,3.333,-1.747,
KU62,12,30,43.9049,-113.602,134.735,11.827,2.909,-2.476,
KU63,05,23,44.41555,-115.317,66.899,12.497,4.402,-1.081,
KU68,09,27,44.91205,-108.4435,106.111,9.814,6.297,0.552,2013.13
KU68,16,34,44.91055,-108.4505,172.072,9.817,2.255,-3.49,
KU69,17,35,40.1907,-110.381,180.0,10.018,-0.018,-4.728,
KU70,12,30,44.4939,-116.0165,136.845,12.731,4.114,-1.377,
KU76,10,28,43.13125,-115.7295,116.097,12.389,3.708,-1.43,
KU78,16,34,42.64,-111.58,171.076,10.862,0.214,-4.932,
KU79,07,25,45.37915,-115.197,92.532,12.637,9.895,4.141,1983.92
KU79,15,33,45.3825,-115.1985,163.648,12.638,1.011,-4.744,
KU81,16,34,45.29155,-114.949,180.0,12.538,7.462,1.729,2005.81
KU82,17,35,44.74985,-116.447,188.354,12.909,5.445,-0.111,2021.93
KU89,08,26,42.9457,-115.33,95.163,12.232,2.931,-2.17,
KU96,01,19,37.44195,-110.5695,21.041,9.693,1.348,-2.887,
KUAO,17,35,45.2471,-122.77,185.951,14.465,1.486,-4.18,
KUBE,09,27,45.50595,-91.9811,90.506,-1.157,1.663,-3.264,
KUBE,18,36,45.50635,-91.97975,186.565,-1.159,7.724,2.796,1992.34
KUBS,18,36,33.4653,-88.3809,179.232,-2.912,2.144,-3.367,
KUBX,18,36,38.06875,-91.42885,185.336,-1.089,6.424,1.098,2008.71
KUCP,05,23,41.0267,-80.4135,39.673,-9.056,-1.271,-4.143,
KUCP,13,31,41.0234,-80.4134,119.126,-9.056,-1.818,-4.691,
KUDD,10,28,33.74845,-116.27487,115.853,10.843,5.009,1.733,2026.5
KUDG,05,23,34.4486,-79.8864,49.87,-8.513,8.383,4.033,1982.81
KUES,10,28,43.04225,-88.239,101.864,-3.826,5.69,1.19,2009.82
KUES,18,36,43.039,-88.23385,185.545,-3.83,9.375,4.875,1976.79
KUGN,05,23,42.42135,-87.8673,48.452,-4.039,2.491,-2.03,
KUGN,14,32,42.4235,-87.86895,144.446,-4.038,8.484,3.963,1982.92
KUIL,04,22,47.9366,-124.5625,59.228,15.316,3.912,-2.674,
KUIN,04,22,39.94355,-91.1914,40.271,-1.363,1.635,-3.58,
KUIN,13,31,39.9408,-91.1941,135.422,-1.361,6.783,1.568,2004.19
KUIN,18,36,39.9434,-91.1992,179.386,-1.358,0.744,-4.472,
KUKF,01,19,36.2236,-81.09865,358.625,-7.987,-3.388,-7.645,
KUKI,15,33,39.12595,-123.2005,168.87,13.251,5.619,1.568,2019.2
KUKL,18,36,38.30245,-95.72495,179.703,1.882,-2.179,-7.508,
KUKT,11,29,40.4352,-75.3819,99.122,-11.779,0.901,-0.323,
KULM,04,22,44.32,-94.50165,50.015,0.876,9.139,3.805,1983.75
KULS,12,30,37.59885,-101.373,130.312,5.378,4.934,-0.045,
KULS,17,35,37.60795,-101.374,180.0,5.379,4.621,-0.359,
KUMP,15,33,39.9352,-86.04495,146.044,-5.103,1.147,-3.425,
KUNI,07,25,39.2119,-82.22925,60.55,-7.636,-1.814,-5.691,
KUNO,18,36,36.8784,-91.90265,181.003,-0.699,1.703,-3.679,
KUNU,02,20,43.4269,-88.69965,17.167,-3.517,0.684,-3.852,
KUNU,08,26,43.42635,-88.7061,79.643,-3.512,3.155,-1.382,
KUNV,06,24,40.84995,-77.8475,52.713,-10.552,3.265,1.237,
KUOS,07,25,35.2049,-85.89875,64.214,-4.738,-1.047,-6.258,
KUOX,09,27,34.3843,-89.5368,90.732,-2.192,2.923,-2.55,
KUSE,09,27,41.61035,-84.1255,89.441,-6.667,6.108,2.288,1999.1
KUSE,18,36,41.6098,-84.1302,180.0,-6.664,6.664,2.842,1993.4
KUTS,18,36,30.74685,-95.58715,186.095,1.846,4.249,-0.902,
KUUU,04,22,41.53135,-71.28085,24.238,-13.706,-2.056,-1.142,
KUUU,16,34,41.5337,-71.28235,143.551,-13.706,-2.743,-1.829,
KUUV,06,24,38.2335,-91.1643,59.965,-1.285,1.251,-4.058,
KUVA,15,33,29.21135,-99.7436,154.869,4.137,0.732,-3.822,
KUWL,09,27,39.87585,-85.3265,91.553,-5.606,7.159,2.713,1993.61
KUXL,15,33,30.13145,-93.3762,150.334,0.521,-0.187,-5.555,
KUYF,09,27,39.9327,-83.462,86.859,-6.906,3.765,-0.259,
KUZA,02,20,34.9878,-81.0572,11.322,-7.868,-0.81,-5.309,
KVAD,19L,01R,30.96905,-83.19095,180.575,-6.101,-3.324,-8.783,
KVAD,19R,01L,30.9683,-83.1953,180.444,-6.098,-3.457,-8.917,
KVAY,08,26,39.94285,-74.84575,69.863,-11.957,1.82,0.634,
KVBG,12,30,34.73735,-120.584,136.804,11.939,4.865,1.629,
KVCB,02,20,38.37775,-121.9615,33.514,12.904,0.61,-3.292,
KVCT,13,31,28.85535,-96.9236,132.43,2.632,-0.202,-5.119,
KVCT,18,36,28.8522,-96.90975,179.624,2.624,-3.001,-7.919,
KVCV,03,21,34.59165,-117.377,45.46,11.257,4.203,0.856,
KVDF,05,23,28.0172,-82.34245,42.425,-6.323,-1.252,-6.983,
KVDF,18,36,28.00905,-82.3496,180.0,-6.318,6.318,0.585,2010.92
KVDI,07,25,32.1914,-82.37065,62.669,-6.745,-0.586,-5.787,
KVDI,14,32,32.19435,-82.3718,131.715,-6.745,-1.54,-6.741,
KVEL,17,35,40.43835,-109.5105,177.443,9.696,-2.253,-7.056,
KVER,18,36,38.94675,-92.68265,184.5,-0.239,4.739,-0.592,
KVES,09,27,40.20445,-84.5319,88.605,-6.203,4.807,0.59,
KVGC,17,35,42.8438,-75.5614,158.655,-12.111,0.766,0.385,
KVGT,07,25,36.21345,-115.1945,88.742,10.996,7.746,4.013,1997.2
KVGT,12L,30R,36.2084,-115.191,134.618,10.994,3.624,-0.108,
KVGT,12R,30L,36.2099,-115.197,134.617,10.996,3.621,-0.111,
KVHN,03,21,31.06005,-104.7845,43.721,6.613,7.108,3.073,2005.34
KVHN,07,25,31.0553,-104.7825,84.531,6.612,7.919,3.884,1996.21
KVIH,04,22,38.13,-91.76975,46.553,-0.85,7.403,2.069,2000.25
KVIH,13,31,38.12485,-91.7693,136.264,-0.85,7.115,1.78,2002.76
KVIQ,09,27,44.55815,-90.51225,95.57,-2.228,7.798,3.054,1990.08
KVIS,12,30,36.31865,-119.393,134.441,12.02,2.421,-1.137,
KVKS,01,19,32.23915,-90.9282,7.762,-1.135,-1.103,-6.634,
KVLA,09,27,38.99025,-89.16485,89.303,-2.769,2.073,-3.049,
KVLA,18,36,38.99245,-89.16725,179.569,-2.768,2.337,-2.784,
KVLD,04,22,30.78415,-83.27995,35.965,-6.026,1.991,-3.498,
KVLL,09,27,42.54295,-83.1779,89.413,-7.461,6.874,3.55,1987.49
KVMR,12,30,42.7653,-96.93425,126.061,2.697,3.364,-2.101,
KVNC,04,22,27.07195,-82.43915,45.177,-6.162,11.339,5.501,1972.49
KVNC,13,31,27.0713,-82.4415,135.377,-6.161,11.538,5.699,1971.07
KVNW,18,36,40.86275,-84.6017,181.215,-6.235,7.45,3.35,1988.38
KVNY,16L,34R,34.2135,-118.4895,175.513,11.431,4.082,0.851,
KVNY,16R,34L,34.20796,-118.49022,175.508,11.43,4.078,0.848,
KVOK,09,27,43.9392,-90.25315,89.057,-2.371,1.428,-3.337,
KVPC,01,19,34.1231,-84.8487,3.607,-5.341,-1.052,-6.287,
KVPS,02,20,30.4863,-86.51455,12.125,-3.911,-3.963,-9.648,
KVPS,12,30,30.48065,-86.53565,119.61,-3.897,3.507,-2.178,
KVPZ,09,27,41.45245,-87.00345,89.695,-4.575,4.27,-0.236,
KVPZ,18,36,41.4567,-87.00645,183.523,-4.573,8.096,3.59,1985.8
KVQQ,09R,27L,30.21575,-81.879,89.736,-6.842,6.578,1.161,2006.05
KVQQ,18L,36R,30.2178,-81.87395,179.57,-6.846,6.415,0.999,2007.83
KVQQ,18R,36L,30.224,-81.8762,179.551,-6.845,6.396,0.98,2008.04
KVRB,04,22,27.6552,-80.42215,36.358,-7.448,3.806,-1.79,
KVRB,12L,30R,27.65865,-80.41185,111.26,-7.455,-1.285,-6.88,
KVRB,12R,30L,27.65435,-80.41805,110.698,-7.45,-1.851,-7.447,
KVSF,05,23,43.3451,-72.5154,34.787,-13.579,-1.634,-0.481,
KVSF,11,29,43.3411,-72.52075,98.432,-13.576,2.008,3.156,
KVTA,09,27,40.02465,-82.4618,86.847,-7.59,4.437,0.689,
KVTI,09,27,42.21925,-92.028,92.596,-0.882,3.478,-1.675,
KVTI,16,34,42.2197,-92.0246,160.802,-0.885,1.687,-3.466,
KVTN,14,32,42.8565,-100.547,145.23,5.146,0.084,-5.429,
KVUJ,04L,22R,35.4187,-80.15085,37.42,-8.47,5.889,1.683,2005.6
KVUJ,04R,22L,35.4153,-80.15085,40.979,-8.469,9.448,5.241,1974.15
KVUO,08,26,45.62045,-122.6565,98.111,14.526,3.585,-2.198,
KVVS,05,23,39.9611,-79.65745,40.895,-9.361,0.257,-2.677,
KVVS,14,32,39.95635,-79.65675,130.67,-9.361,0.031,-2.904,
KVVV,04,22,45.3017,-96.42505,47.133,2.295,4.837,-0.696,
KVVV,16,34,45.3057,-96.4244,168.743,2.295,6.448,0.914,2008.02
KVYS,18,36,41.35185,-89.1531,179.481,-2.972,2.453,-2.426,
KW01,15,33,48.7249,-119.466,161.67,14.534,-2.865,-9.72,
KW03,03,21,35.76925,-77.96735,30.382,-9.772,10.154,6.61,1958.52
KW03,09,27,35.77345,-77.96925,90.457,-9.772,10.229,6.685,1957.31
KW03,15,33,35.76855,-77.97275,150.262,-9.769,10.031,6.485,1960.43
KW05,06,24,39.84085,-77.27415,61.965,-10.71,12.674,10.526,
KW22,11,29,39.0006,-80.27495,97.927,-8.849,-3.224,-6.612,
KW28,09L,27R,48.09835,-123.187,109.38,15.151,4.229,-2.407,
KW28,09R,27L,48.09815,-123.187,103.776,15.151,-1.374,-8.01,
KW31,02,20,36.96,-78.185,19.291,-9.803,9.093,5.794,1968.1
KW35,11,29,39.69265,-78.1661,99.708,-10.194,-0.099,-2.611,
KW38,02,20,36.795,-84.1995,17.942,-6.044,3.985,-0.779,
KW41,14,32,38.01865,-75.8263,131.632,-11.196,2.828,0.625,
KW43,13,31,44.66285,-104.5675,142.057,7.724,4.333,-1.409,
KW45,04,22,38.66705,-78.5006,34.409,-9.855,4.264,1.335,
KW63,04,22,36.59575,-78.56015,27.696,-9.544,-2.76,-6.267,
KW78,01,19,36.71,-78.848,356.677,-9.394,-3.929,-7.49,
KW78,05,23,36.70835,-78.84875,49.788,-9.394,9.181,5.619,1970.28
KW81,15,33,37.1808,-78.09835,143.327,-9.88,3.207,-0.007,
KW90,17,35,37.2718,-79.33585,161.734,-9.183,0.917,-2.642,
KW91,05,23,37.10775,-79.5925,45.142,-9.01,4.152,0.479,
KW94,05,23,37.3128,-76.6382,39.652,-10.685,0.337,-2.365,
KW95,06,24,35.10115,-75.96595,50.058,-10.746,0.804,-2.302,
KW96,10,28,37.50345,-77.1255,99.904,-10.454,10.358,7.547,1916.68
KW99,13,31,38.99495,-79.14585,122.121,-9.527,1.649,-1.395,
KWAL,04,22,37.93725,-75.46285,32.129,-11.364,3.492,1.396,
KWAL,10,28,37.94285,-75.4712,90.259,-11.36,1.62,-0.478,
KWAL,17,35,37.9411,-75.46475,157.749,-11.363,-0.888,-2.984,
KWAY,09,27,39.90115,-80.1307,78.566,-9.065,-2.37,-5.472,
KWBW,07,25,41.29715,-75.8512,53.348,-11.689,-4.963,-6.061,
KWBW,09,27,41.2975,-75.8536,79.29,-11.688,0.978,-0.121,
KWDG,13,31,36.37845,-97.7849,135.704,3.2,2.504,-2.657,
KWDR,05,23,33.98125,-83.66885,45.759,-6.102,1.861,-3.254,
KWDR,13,31,33.98395,-83.6665,128.775,-6.103,4.878,-0.236,
KWHP,12,30,34.25925,-118.4135,138.666,11.424,7.242,4.001,2000.83
KWJF,06,24,34.74105,-118.2185,72.184,11.473,0.712,-2.618,
KWLD,13,31,37.1667,-97.04005,140.058,2.742,7.316,2.075,2003.62
KWLD,17,35,37.16975,-97.0361,180.0,2.74,7.26,2.018,2004.08
KWLW,13,31,39.51645,-122.2155,143.715,13.178,0.537,-3.611,
KWLW,16,34,39.5165,-122.2195,176.428,13.178,3.25,-0.898,
KWMC,02,20,40.89605,-117.8005,39.568,12.541,7.027,2.48,2006.84
KWMC,14,32,40.897,-117.8095,159.212,12.543,6.669,2.122,2009.69
KWRB,15,33,32.64015,-83.59195,144.021,-6.015,0.036,-5.252,
KWRI,06,24,40.0141,-74.5845,45.702,-12.091,-2.207,-3.264,
KWRI,18,36,40.0179,-74.6012,172.778,-12.084,4.861,3.799,
KWRL,04,22,43.9626,-107.9465,56.073,9.45,6.622,1.075,2010.5
KWRL,10,28,43.966,-107.948,118.97,9.452,9.518,3.97,1984.82
KWRL,16,34,43.9666,-107.953,175.699,9.454,6.245,0.697,2013.44
KWST,07,25,41.3489,-71.80475,53.189,-13.482,-3.33,-2.715,
KWST,14,32,41.3505,-71.802,130.173,-13.483,3.656,4.273,
KWVI,02,20,36.93425,-121.792,31.44,12.584,-1.144,-4.754,
KWVI,09,27,36.9374,-121.7875,99.782,12.584,-2.802,-6.412,
KWVL,05,23,44.53315,-69.67555,28.513,-14.831,-6.656,-3.713,2010.26
KWVL,14,32,44.5335,-69.6753,124.952,-14.831,-0.217,2.726,
KWWD,01,19,39.00985,-74.90565,359.677,-11.786,1.463,-0.071,
KWWD,10,28,39.00715,-74.9115,89.581,-11.783,1.364,-0.173,
KWWR,17,35,36.4367,-99.521,180.627,4.252,6.376,1.342,2011.93
KWWR,6,24,36.4403,-99.52545,50.029,4.254,-14.225,-19.259,
KWYS,01,19,44.68839,-111.11765,26.253,10.993,5.26,-0.379,2023.82
KX04,15,33,28.70669,81.58141,211.652,0.948,60.704,61.703,
KX05,18,36,28.3303,-82.4964,180.0,-6.261,6.261,0.553,2011.37
KX06,14,32,27.19485,-81.8398,132.969,-6.543,-0.488,-6.274,
KX07,17,35,27.89435,-81.62065,167.36,-6.753,4.112,-1.575,
KX10,09,27,26.7008,-80.6624,89.997,-7.201,7.198,1.453,2001.69
KX13,05,23,29.846,-84.70405,54.52,-5.024,9.545,3.86,1983.77
KX14,14,32,26.74055,-81.4283,136.746,-6.744,3.491,-2.316,
KX21,15,33,28.62205,-80.83585,155.359,-7.306,12.665,7.152,1958.59
KX26,05,23,27.8126,-80.4959,45.08,-7.421,2.501,-3.082,
KX26,10,28,27.81405,-80.49515,90.655,-7.422,-1.923,-7.506,
KX35,05,23,29.06405,-82.3764,45.471,-6.413,1.885,-3.729,
KX35,09,27,29.0594,-82.37675,89.996,-6.413,6.409,0.794,2009.23
KX39,14,32,28.2211,-82.3761,140.724,-6.324,7.048,1.337,2003.41
KX43,02,20,36.02875,-101.832,28.163,5.539,2.623,-2.18,
KX43,17,35,36.029,-101.829,180.0,5.538,4.462,-0.342,
KX50,18,36,28.9789,-80.9251,180.0,-7.291,7.291,1.817,1998.87
KX51,09G,27G,25.5049,-80.5475,89.999,-7.137,7.137,1.258,2003.33
KX51,10,28,25.50275,-80.55055,89.31,-7.135,-3.555,-9.434,
KX51,18,36,25.4966,-80.55705,179.531,-7.131,6.662,0.781,2008.18
KX58,13,31,27.0364,-80.4401,135.039,-7.37,12.409,6.729,1963.09
KX59,09,27,27.96205,-80.565,91.581,-7.396,8.977,3.406,1986.75
KX59,14,32,27.96445,-80.56225,138.39,-7.398,5.789,0.218,2015.91
KX60,05,23,29.3588,-82.46945,44.884,-6.387,1.271,-4.316,
KX60,14,32,29.35065,-82.4755,138.462,-6.382,4.844,-0.745,
KXFL,06,24,29.4647,-81.2058,54.446,-7.173,1.62,-3.821,
KXFL,11,29,29.47005,-81.20685,105.642,-7.173,2.815,-2.625,
KXLL,07,25,40.56945,-75.49,59.4,-11.748,1.148,-0.07,
KXLL,15,33,40.57135,-75.4896,135.028,-11.748,-3.224,-4.442,
KXMR,13,31,28.4676,-80.5666,127.687,-7.45,5.137,-0.365,2024.56
KXNA,16L,34R,36.28185,-94.3068,159.65,0.958,-1.309,-6.659,
KXNO,05,23,33.61085,-81.0733,44.137,-7.703,1.84,-2.921,
KXNO,06,24,33.60905,-81.0839,53.566,-7.696,1.263,-3.5,
KXSA,10,28,37.85965,-76.8941,85.606,-10.625,-3.768,-6.396,
KXVG,13,31,46.9902,-94.204,129.727,0.5,-0.773,-6.025,
KXWA,14,32,48.26087,-103.75114,147.732,7.515,0.217,-6.224,
KY03,01,19,42.86845,-97.8975,23.664,3.372,10.292,4.796,1977.25
KY03,15,33,42.88,-97.90115,156.898,3.375,3.524,-1.972,
KY14,16,34,43.4575,-96.80195,163.187,2.599,0.588,-4.9,
KY19,04,22,46.7672,-100.8945,54.56,5.529,9.031,3.03,1990.62
KY19,13,31,46.76875,-100.894,145.226,5.529,9.696,3.695,1984.54
KY23,17,35,45.30555,-91.6354,174.806,-1.414,6.22,1.34,2005.69
KY27,14,32,46.0674,-100.633,155.56,5.326,10.234,4.345,1979.8
KY31,09,27,44.2448,-84.1798,89.161,-7.015,6.176,2.995,1993.17
KY37,03,21,48.3945,-97.7804,42.971,3.26,9.711,3.835,1982.79
KY37,12,30,48.39355,-97.78105,134.229,3.261,10.968,5.092,1975.51
KY43,05,23,41.4403,-94.76975,54.822,1.171,3.651,-1.71,
KY47,08,26,42.50315,-83.6237,71.642,-7.144,-1.214,-4.681,
KY50,08,26,44.0454,-89.3076,82.637,-3.115,5.752,1.18,2009.25
KY50,13,31,44.0416,-89.3045,131.506,-3.117,4.623,0.051,
KY51,02,20,43.57835,-90.89135,21.344,-1.846,3.19,-1.718,
KY55,01,19,45.5218,-88.92515,5.957,-3.584,-0.459,-4.721,
KY55,11,29,45.52355,-88.93015,112.918,-3.58,6.498,2.235,1998.37
KY65,10,28,45.40835,-84.6,97.682,-6.898,4.58,1.584,
KY70,09,27,42.93785,-85.06305,90.475,-6.179,6.654,2.885,1993.08
KY70,18,36,42.93815,-85.05795,178.929,-6.183,5.112,1.345,2017.54
KY72,07,25,43.9759,-90.4814,66.835,-2.198,-0.968,-5.769,
KY74,17,35,47.93895,-102.144,180.0,6.433,3.567,-2.707,
KY83,09,27,43.45705,-82.84025,89.329,-7.837,7.167,4.202,1982.18
KY89,10,28,44.7252,-85.2031,101.989,-6.339,8.327,4.948,1976.36
KY93,05,23,44.9997,-84.1333,46.78,-7.172,3.952,0.998,
KY93,13,31,45.00015,-84.13355,130.217,-7.172,7.389,4.436,1980.25
KY94,09,27,45.13035,-85.1118,91.93,-6.471,8.401,5.157,1974.83
KY95,04,22,45.0834,-83.9358,33.185,-7.33,0.515,-2.346,
KY95,18,36,45.08335,-83.94025,173.156,-7.327,0.484,-2.379,
KYIP,05,23,42.2377,-83.52975,46.721,-7.171,3.892,0.386,
KYKM,04,22,46.56655,-120.5415,59.4,14.323,5.077,-1.012,2025.93
KYKM,09,27,46.569,-120.5455,109.794,14.325,5.469,-0.62,2022.05
KYKN,01,19,42.91445,-97.384,21.235,3.014,8.221,2.736,1995.34
KYKN,13,31,42.9179,-97.38705,139.829,3.016,6.813,1.328,2006.45
KYNG,05,23,41.25455,-80.67605,45.1,-8.926,4.025,1.133,
KYNG,14,32,41.26415,-80.6808,134.979,-8.924,3.903,1.013,
KZ-0008,04,22,47.70875,67.7392,51.687,8.784,2.903,4.181,
KZ01,18,36,30.63365,-86.7428,180.0,-3.775,3.775,-1.902,
KZ10,16,34,47.02165,-122.446,180.0,14.792,5.208,-1.038,2024.77
KZ98,02,20,42.8172,-85.92805,20.199,-5.53,5.729,1.709,2005.94
KZEF,07,25,36.28,-80.78605,66.502,-8.187,4.689,0.517,
KZER,04,22,40.7083,-76.3684,30.606,-11.327,1.933,0.418,
KZER,11,29,40.70555,-76.3755,97.759,-11.323,-0.918,-2.436,
KZPH,19,1,28.2272,-82.15335,180.36,-6.462,-3.178,-8.871,
KZPH,5,23,28.22925,-82.1585,42.915,-6.459,-0.626,-6.319,
KZZV,04,22,39.94475,-81.8909,33.774,-7.955,1.729,-1.883,
KZZV,16,34,39.94415,-81.8933,152.446,-7.953,0.399,-3.214,
L18,18,36,33.35468,-117.2503,194.244,11.002,3.243,0.083,
L25,01,19,36.0932,-114.0465,17.757,10.647,-2.89,-6.673,
L36,17,35,38.675,-121.4455,186.209,12.876,3.333,-0.641,
L37,05,23,35.527,-113.2475,64.687,10.312,4.375,0.628,
L44,18,36,32.9693,-87.64175,180.726,-3.372,4.098,-1.432,
L52,11,29,35.1015,-120.6225,122.03,12.017,0.013,-3.285,
L54,11,29,32.9557,-116.2945,118.455,10.707,-2.253,-5.411,
L61,15,33,35.9686,-116.269,165.756,11.239,4.517,0.884,
L78,07,25,32.61585,-116.165,84.108,10.616,3.492,0.374,
L90,09,27,33.14585,-116.13,104.18,10.701,3.479,0.283,
L90,13,31,33.1489,-116.132,144.961,10.702,4.258,1.062,
LA30,09,27,30.2482,-92.2417,90.0,-0.191,0.19,-5.281,
LA30,18,36,30.2482,-92.24165,183.52,-0.191,3.71,-1.76,
LA32,09,27,30.0835,-92.68355,89.998,0.094,-0.096,-5.528,
LA42,18,36,30.3486,-90.92225,173.528,-1.035,-5.437,-11.005,
LAKU,01,19,42.03546,20.41574,13.012,5.244,-2.232,1.86,
LAKV,14,32,40.7719,19.90185,137.993,5.025,-7.031,-2.956,2005.99
LATI,17,35,41.41475,19.72055,174.21,5.076,-0.866,3.262,
LB11,11,29,42.1877,24.53495,113.682,5.786,-2.104,1.604,
LB13,11,29,42.44425,22.9835,113.367,5.634,-2.267,1.597,
LB18,16,34,42.3475,26.57445,160.18,6.046,-5.866,-2.324,2016.24
LB29,05,23,43.4054,25.47395,52.577,6.096,-3.519,0.177,
LB30,11,29,42.2853,24.8685,110.359,5.84,-5.481,-1.798,2019.89
LB31,12,30,43.3694,25.1491,119.716,6.049,-6.334,-2.611,2012.63
LB33,11,29,43.72655,27.686,107.182,6.42,-9.238,-5.706,1954.2
LB35,17,35,43.6279,27.6941,180.0,6.402,3.598,7.123,
LB36,12,30,43.47555,28.1027,126.944,6.42,0.524,4.007,
LB42,09,27,43.3273,25.00345,94.069,6.024,-1.956,1.777,
LBBG,04,22,42.5701,27.51525,44.399,6.188,-1.788,1.689,
LBGO,09,27,43.15145,25.71295,98.053,6.082,1.971,5.631,
LBPD,12,30,42.0678,24.85085,127.13,5.805,1.326,4.999,
LBPG,08,26,42.2903,24.714,80.592,5.823,-5.231,-1.533,2023.19
LBPL,10L,28R,43.4507,24.5027,102.4,5.981,-3.582,0.203,
LBPL,10R,28L,43.45145,24.50285,102.648,5.981,-3.333,0.452,
LBRS,05,23,43.6948,26.05675,55.318,6.218,-0.9,2.765,
LBRS,05L,23R,43.69725,26.06,55.119,6.219,-1.1,2.565,
LBSF,09,27,42.69633,23.41958,94.5,5.726,-1.226,2.612,
LBSL,09,27,42.64625,26.35935,90.254,6.072,-5.818,-2.242,2016.77
LBSZ,17,35,42.37665,25.6552,170.099,5.947,-5.848,-2.227,2016.59
LBVD,09,27,44.0224,22.8161,89.991,5.848,-5.857,-1.876,2017.41
LBWB,16,34,43.42375,28.1813,158.476,6.419,-7.943,-4.469,1985.7
LBWN,09,27,43.232,27.8252,97.077,6.342,0.734,4.225,
LCEN,11L,29R,35.15514,33.50153,111.684,5.396,-3.712,-0.922,
LCLK,04,22,34.87369,33.62388,45.201,5.358,-0.157,2.62,
LCP,9,27,-38.0821,-70.64395,98.739,3.034,5.705,-0.71,2022.06
LCPH,11,29,34.71805,32.48575,110.386,5.31,-4.924,-2.054,
LCRA,10,28,34.59045,32.98775,107.643,5.305,2.338,5.165,
LDDU,11,29,42.5627,18.26486,118.209,5.008,3.201,7.556,
LDLO,02,20,44.56716,14.39389,21.581,4.601,-3.02,1.952,
LDOC,10,28,45.5427,18.6321,102.987,5.431,-2.443,2.101,
LDOC,10R,28L,45.5421,18.6329,102.784,5.431,-2.647,1.897,
LDOS,11,29,45.46235,18.81135,110.569,5.45,-4.881,-0.365,
LDPL,09,27,44.8935,13.92215,88.247,4.548,-6.301,-1.239,2015.72
LDRG,07,25,45.3795,14.50375,74.834,4.697,0.137,5.168,
LDRG,09,27,45.3765,14.5084,90.669,4.698,-4.029,1.002,
LDRI,14,32,45.21665,14.5708,143.712,4.694,-0.982,4.026,
LDSP,05,23,43.53905,16.2981,52.599,4.817,-2.218,2.435,
LDVA,16,34,46.2947,16.38125,160.148,5.133,-4.986,-0.104,
LDZA,04,22,45.74189,16.0672,46.785,5.015,1.77,6.638,
LDZD,04,22,44.0861,15.34945,41.583,4.718,-3.135,1.677,
LDZD,13,31,44.1084,15.34655,135.658,4.72,0.938,5.752,
LE83,17,35,41.46585,-4.71301,172.299,0.304,1.995,9.196,
LE84,09,27,36.93065,-3.83538,84.91,0.574,-5.663,1.068,2021.61
LEAB,09,27,38.94855,-1.8635,87.402,1.087,-3.685,2.978,
LEAL,10,28,38.28215,-0.55816,100.029,1.391,-1.363,5.092,
LEAM,07,25,36.8439,-2.3701,73.053,0.938,2.115,8.677,
LEAS,11,29,43.56355,-6.03462,107.911,-0.17,-1.919,5.627,
LEBA,03,21,37.84327,-4.84799,28.942,0.314,-1.372,5.537,
LEBB,10,28,43.3023,-2.92478,96.369,0.751,-4.382,2.787,
LEBB,12,30,43.30105,-2.91062,116.65,0.755,-4.105,3.062,
LEBE,09,27,38.27556,-2.94973,87.935,0.812,-2.876,3.859,
LEBE,15,33,38.27505,-2.94609,147.587,0.812,-3.225,3.51,
LEBG,04,22,42.35737,-3.61367,43.117,0.588,2.529,9.689,
LEBL,02,20,41.29851,2.08975,18.989,2.036,-3.046,3.311,
LEBL,06L,24R,41.29949,2.0855,65.58,2.035,3.545,9.903,
LEBL,06R,24L,41.28726,2.08881,65.579,2.035,3.544,9.9,
LEBZ,13,31,38.8913,-6.82125,125.671,-0.246,-4.083,3.11,
LECD,07,25,42.3864,1.86667,68.49,1.993,-3.504,2.976,
LECH,06,24,40.2141,0.07358,57.146,1.561,-4.416,2.112,
LECO,03,21,43.30014,-8.37883,30.938,-0.89,1.828,9.588,
LECU,09,27,40.37065,-3.78514,93.825,0.584,3.241,10.242,
LECV,03,21,40.69726,-3.76329,34.496,0.585,3.911,10.938,
LEDA,13,31,41.72821,0.53501,133.331,1.676,1.655,8.251,
LEFM,16,34,40.88805,-4.23896,151.498,0.451,-8.953,-1.856,1998.41
LEGA,18,36,37.13325,-3.6357,182.156,0.627,1.529,8.253,
LEGE,01,19,41.9053,2.76219,15.763,2.194,3.568,9.887,
LEGR,09,27,37.18875,-3.77736,89.329,0.592,-1.262,5.482,
LEGT,04,22,40.29405,-3.72373,45.243,0.602,4.641,11.628,
LEGT,05R,23L,40.2922,-3.72124,44.975,0.602,-5.627,1.36,2022.16
LEHC,12L,30R,42.08093,-0.32348,122.834,1.464,1.37,8.106,
LEHC,12R,30L,42.0758,-0.31664,122.803,1.466,1.337,8.072,
LEIB,06,24,38.8728,1.37313,62.094,1.836,0.258,6.515,
LEIZ,10,28,38.5131,-3.36433,94.988,0.706,-5.719,1.082,2021.31
LEJR,02,20,36.74465,-6.06011,21.402,-0.022,1.423,8.37,
LELA,07,25,38.74785,-3.51456,73.801,0.668,3.133,9.969,
LELC,05R,23L,37.77495,-0.81219,45.7,1.324,-5.624,0.823,2021.65
LELL,13,31,41.52049,2.10574,127.142,2.042,-4.9,1.474,
LELN,05,23,42.59146,-5.6523,45.403,-0.009,-4.588,2.82,
LELO,11,29,42.46037,-2.31992,109.778,0.94,-1.161,5.855,
LEMD,14L,32R,40.48245,-3.54522,142.195,0.647,1.548,8.532,
LEMD,14R,32L,40.4703,-3.5612,142.218,0.643,1.575,8.559,
LEMD,18L,36R,40.51685,-3.5593,179.764,0.643,-0.879,6.109,
LEMD,18R,36L,40.5122,-3.57474,179.755,0.639,-0.884,6.105,
LEMG,12,30,36.6853,-4.49416,117.427,0.4,-2.973,3.81,
LEMG,13,31,36.67495,-4.4992,131.525,0.399,1.127,7.91,
LEMH,01,19,39.86171,4.21847,8.999,2.457,-3.458,2.502,
LEMI,05,23,37.80315,-1.1247,45.555,1.251,-5.696,0.791,2021.13
LEMO,02,20,37.17485,-5.61602,19.818,0.103,-0.285,6.651,
LEMR,10,28,43.4292,-5.83055,89.996,-0.101,-9.903,-2.392,1993.95
LEOC,11,29,39.9363,-3.50087,107.418,0.665,-3.247,3.685,
LEOC,17,35,39.93705,-3.5039,167.421,0.665,-3.244,3.688,
LEPA,06L,24R,39.5548,2.72696,58.487,2.142,-3.655,2.479,
LEPA,06R,24L,39.5483,2.74663,58.731,2.146,-3.415,2.716,
LEPP,15,33,42.77075,-1.64687,151.767,1.113,0.654,7.618,
LEPZ,14,32,38.9122,-4.19112,137.452,0.488,-3.036,3.888,
LERI,07,25,37.9511,-1.23032,64.991,1.229,-6.238,0.273,2017.23
LERM,01,19,40.86225,-3.24701,7.34,0.722,-3.381,3.601,
LERO,04,22,43.11695,-7.47028,35.839,-0.591,-3.57,4.08,
LERS,07,25,41.14805,1.16951,69.035,1.824,-2.789,3.676,
LERT,10,28,36.6452,-6.34948,96.9,-0.103,-2.997,3.971,
LESA,03,21,40.95202,-5.50205,27.902,0.092,-2.19,5.049,
LESA,08,26,40.95227,-5.50134,74.101,0.092,-5.991,1.247,2019.96
LESL,02,20,39.8614,4.25165,19.513,2.464,-2.95,3.005,
LESO,04,22,43.35655,-1.79061,38.846,1.061,-2.214,4.822,
LEST,17,35,42.8978,-8.41569,166.018,-0.878,-3.104,4.617,
LESU,03,21,42.34105,1.41064,31.008,1.886,-0.878,5.658,
LETI,05,23,40.24585,-4.78866,47.111,0.31,-3.2,3.901,
LETI,05L,23R,40.24825,-4.7887,40.863,0.31,-9.447,-2.347,1995.06
LETL,18,36,40.41203,-1.2176,177.578,1.249,-3.671,3.033,
LEVD,05,23,41.70652,-4.85191,45.447,0.257,-4.81,2.428,
LEVD,15,33,41.71,-4.85862,144.035,0.255,-6.22,1.019,2018.52
LEVT,04,22,42.88285,-2.72446,35.933,0.819,-4.886,2.219,
LEVX,01,19,42.2319,-8.62677,11.431,-0.908,2.339,10.013,
LEXJ,11,29,43.4272,-3.82047,110.162,0.493,-0.331,6.955,
LEZG,12L,30R,41.66225,-1.02407,120.099,1.291,-1.192,5.595,
LEZG,12R,30L,41.67185,-1.06304,119.93,1.281,-1.351,5.442,
LEZL,09,27,37.41795,-5.89309,89.801,0.027,-0.226,6.756,
LF50,07,25,47.58025,-0.41227,64.596,1.296,-6.7,0.605,2016.1
LF51,17,35,44.18025,4.91897,160.916,2.71,-11.794,-5.567,1969.94
LFAC,06,24,50.9621,1.95476,61.308,1.863,-0.555,6.856,
LFAG,09,27,49.86855,3.02958,91.355,2.217,-0.862,6.256,
LFAI,05,23,48.59645,3.0071,53.414,2.235,1.178,8.142,
LFAO,12,30,48.5458,-0.38744,120.153,1.258,-1.105,6.312,
LFAQ,08,26,49.97017,2.694,85.158,2.117,3.041,10.219,
LFAQ,08R,26L,49.96782,2.68589,85.273,2.115,3.159,10.337,
LFAT,13,31,50.51825,1.62193,133.618,1.778,1.841,9.238,
LFAV,06,24,50.32898,3.45944,61.429,2.333,-0.904,6.215,
LFAV,11,29,50.32581,3.46128,110.815,2.334,-1.519,5.598,
LFAV,11L,29R,50.32672,3.46165,110.722,2.334,-1.612,5.506,
LFAY,12,30,49.873,2.38708,116.246,2.029,-5.783,1.424,2021.68
LFBA,11,29,44.174,0.59296,112.296,1.671,0.624,7.437,
LFBC,06,24,44.534,-1.12537,56.419,1.208,-4.789,2.28,
LFBD,05,23,44.8289,-0.71499,45.444,1.311,-5.867,1.18,2020.74
LFBD,11,29,44.8285,-0.71457,106.523,1.312,-4.789,2.258,
LFBE,09,27,44.82455,0.51878,94.346,1.641,2.705,9.592,
LFBF,12,30,43.5457,1.36731,114.81,1.873,-7.063,-0.412,2012.1
LFBG,05,23,45.65546,-0.31253,49.662,1.397,-1.735,5.345,
LFBG,08,26,45.66276,-0.31258,83.662,1.396,2.266,9.347,
LFBH,09,27,46.17925,-1.19641,92.531,1.13,1.401,8.651,
LFBI,03,21,46.58875,0.30794,30.509,1.539,-1.03,6.07,
LFBK,17,35,46.22265,2.36396,167.304,2.099,-4.795,1.988,
LFBL,03,21,45.8619,1.18137,33.272,1.795,1.478,8.383,
LFBM,09,27,43.9115,-0.50937,87.16,1.389,-4.229,2.7,
LFBN,07,25,46.3114,-0.40141,67.274,1.35,-4.076,3.086,
LFBO,14L,32R,43.6265,1.36892,143.011,1.872,1.139,7.797,
LFBO,14R,32L,43.63155,1.35901,142.855,1.87,0.985,7.645,
LFBP,13,31,43.3811,-0.42075,125.869,1.423,-5.554,1.314,2022.67
LFBR,12,30,43.44915,1.26369,116.969,1.848,-4.879,1.776,
LFBT,02,20,43.17865,-0.00634,20.341,1.532,-1.191,5.605,
LFBU,10,28,45.7295,0.21867,97.041,1.539,-4.499,2.52,
LFBX,11,29,45.19725,0.81598,113.577,1.711,1.865,8.75,
LFBZ,09,27,43.46835,-1.52333,89.149,1.13,-1.981,5.033,
LFCC,13,31,44.3514,1.47472,129.027,1.893,-2.866,3.847,
LFCG,15,33,43.00775,1.10315,153.067,1.811,1.256,7.892,
LFCH,07L,25R,44.59735,-1.10958,71.287,1.211,0.077,7.15,
LFCI,09,27,43.9132,2.11066,89.185,2.053,-2.868,3.718,
LFCK,14,32,43.55625,2.28918,141.389,2.096,-0.707,5.822,
LFCL,15,33,43.58726,1.4989,155.317,1.905,3.412,10.049,
LFCM,14,32,43.98935,3.18299,142.345,2.309,0.036,6.484,
LFCQ,09,27,43.76975,2.01175,97.281,2.029,5.252,11.838,
LFCR,13,31,44.4079,2.48265,128.999,2.142,-3.143,3.44,
LFCU,10,28,45.5359,2.42476,99.509,2.122,-2.613,4.091,
LFCW,10,28,44.39805,0.76028,101.716,1.711,0.005,6.818,
LFCY,10,28,45.6307,-0.97221,101.247,1.215,0.032,7.195,
LFCZ,08,26,44.1461,-1.17444,82.613,1.206,1.407,8.444,
LFDA,12,30,43.7101,-0.24653,113.526,1.462,-7.937,-1.06,2005.79
LFDB,13,31,44.0257,1.37806,134.59,1.872,2.718,9.413,
LFDI,04,22,44.9826,-0.13475,35.552,1.464,-5.912,1.075,2020.39
LFDJ,09,27,43.0906,1.69794,91.957,1.954,0.003,6.568,
LFDL,08,26,47.03599,0.10089,82.786,1.465,1.321,8.497,
LFDM,11,29,44.49895,0.20051,107.784,1.564,-3.78,3.116,
LFDN,12,30,45.89065,-0.98489,122.703,1.201,1.502,8.693,
LFEA,06,24,47.3253,-3.20122,60.367,0.472,-0.105,7.525,
LFED,10,28,48.05855,-2.92181,93.955,0.51,-6.555,1.128,2017.38
LFEH,06,24,47.4808,2.39473,59.795,2.088,-2.292,4.625,
LFES,02,20,48.05255,-3.66478,22.541,0.276,2.265,10.04,
LFEY,04,22,46.71736,-2.39278,34.636,0.755,-6.118,1.342,2019.62
LFEY,14,32,46.717,-2.39186,141.712,0.755,0.957,8.418,
LFFG,04,22,48.75716,3.27824,44.227,2.308,1.919,8.864,
LFFI,07,25,47.4082,-1.17757,72.773,1.08,1.693,9.079,
LFFN,10,28,48.4298,4.48123,98.865,2.637,-3.772,2.966,
LFFQ,10,28,48.49866,2.33683,100.788,2.051,-1.262,5.782,
LFGA,01,19,48.10965,7.35896,11.097,3.365,-2.268,4.027,
LFGB,02,20,47.74135,7.43221,22.28,3.372,-1.092,5.15,
LFGC,17,35,48.55373,7.77745,176.059,3.481,2.578,8.866,
LFGI,02,20,47.3854,4.94693,18.58,2.755,-4.174,2.378,
LFGI,02R,20L,47.38496,4.94741,18.587,2.755,-4.168,2.384,
LFGJ,05,23,47.03895,5.42726,54.329,2.871,1.458,7.904,
LFGK,08,26,47.99235,3.39241,80.03,2.349,-2.319,4.52,
LFGW,10,28,49.12235,5.46903,99.742,2.901,-3.16,3.523,
LFHF,18,36,44.44485,4.33283,184.483,2.581,1.902,8.236,
LFHM,15,33,45.82225,6.64991,155.086,3.136,1.95,8.096,
LFHO,18,36,44.5442,4.37219,183.9,2.591,1.309,7.647,
LFHP,15,33,45.0806,3.7627,150.991,2.452,-1.461,5.013,
LFHQ,01,19,45.0757,2.99281,9.159,2.265,-3.106,3.473,
LFHS,18,36,46.2009,5.29203,179.805,2.828,-3.023,3.352,
LFHV,18,36,45.9186,4.63491,180.809,2.667,-1.858,4.58,
LFHV,18L,36R,45.91865,4.63581,181.896,2.667,-0.771,5.667,
LFHY,08,26,46.5346,3.42373,82.121,2.368,-0.247,6.424,
LFIF,12,30,43.8251,2.74618,118.488,2.205,-3.717,2.775,
LFIG,10,28,44.17945,2.51861,94.23,2.151,-7.921,-1.364,2005.09
LFJA,01,19,48.08635,5.04905,5.387,2.785,-7.398,-0.78,2010.55
LFJB,04,22,46.9039,-0.69639,36.174,1.243,-5.069,2.196,2026.16
LFJL,04,22,48.9821,6.25132,39.193,3.105,-3.912,2.643,
LFJR,08,26,47.56025,-0.31282,80.441,1.326,-0.884,6.406,
LFJU,06,24,46.71355,2.94589,56.52,2.244,-5.724,1.032,2021.59
LFJU,06R,24L,46.711,2.94319,57.556,2.244,-4.688,2.069,
LFJY,05,23,49.02545,5.87607,50.525,3.008,-2.483,4.13,
LFKB,16,34,42.55265,9.48373,162.805,3.577,-0.772,4.682,
LFKC,18,36,42.5307,8.79313,179.145,3.448,-4.303,1.244,
LFKF,05,23,41.50225,9.09697,47.495,3.449,-5.953,-0.529,2018.26
LFKJ,02,20,41.92145,8.80155,24.939,3.418,1.521,7.018,
LFKO,09,27,41.66059,8.88976,95.467,3.42,2.047,7.512,
LFKS,18,36,41.9244,9.40535,178.949,3.528,-4.579,0.836,
LFKT,12,30,42.2936,9.19319,126.298,3.51,2.789,8.262,
LFLA,18,36,47.85035,3.49715,185.519,2.378,3.14,9.948,
LFLB,18,36,45.63805,5.88022,176.716,2.956,-6.24,-0.005,2017.59
LFLC,08,26,45.7867,3.16999,81.924,2.307,-0.383,6.244,
LFLD,06,24,47.0602,2.36861,58.863,2.088,-3.225,3.649,
LFLE,14,32,45.56105,5.97576,143.799,2.976,0.823,7.037,
LFLH,17,35,46.8261,4.81764,170.742,2.719,-1.976,4.532,
LFLI,12,30,46.192,6.26839,117.262,3.058,-5.796,0.442,2020.64
LFLL,17L,35R,45.72295,5.09332,175.125,2.774,2.351,8.705,
LFLL,17R,35L,45.72865,5.08812,175.137,2.773,2.363,8.719,
LFLM,17,35,46.29486,4.79603,173.91,2.709,1.201,7.655,
LFLN,15L,33R,46.41425,4.01411,148.037,2.517,-4.481,2.096,
LFLN,15R,33L,46.41075,4.01239,147.923,2.517,-4.594,1.982,
LFLO,02,20,46.05575,4.00089,16.287,2.514,-6.226,0.314,2018.04
LFLP,04,22,45.92925,6.09875,38.643,3.013,-4.37,1.865,
LFLP,04R,22L,45.92851,6.10037,38.515,3.013,-4.498,1.736,
LFLS,09,27,45.36295,5.32938,90.193,2.824,-2.631,3.654,
LFLT,11,29,46.35255,2.57048,110.117,2.151,-2.034,4.735,
LFLU,01,19,44.9216,4.9699,7.747,2.734,-4.987,1.304,
LFLU,01L,19R,44.9209,4.97069,7.709,2.734,-5.025,1.266,2026.42
LFLU,01R,19L,44.92108,4.97171,7.776,2.735,-4.959,1.332,
LFLV,01,19,46.1697,3.40374,8.128,2.365,-4.236,2.399,
LFLW,15,33,44.89145,2.42219,149.946,2.125,-2.18,4.459,
LFLX,03,21,46.86375,1.73167,33.096,1.921,1.175,8.114,
LFLY,16,34,45.72715,4.94427,163.405,2.739,0.666,7.041,
LFMA,14,32,43.50565,5.36793,145.73,2.795,2.935,9.038,
LFMC,09,27,43.3846,6.38353,88.396,3.008,-4.612,1.34,
LFMC,13,31,43.38455,6.38707,130.066,3.008,-2.943,3.009,
LFMD,04,22,43.5462,6.95747,46.736,3.132,3.605,9.491,
LFMD,17,35,43.5474,6.95168,172.645,3.131,-0.485,5.402,
LFMH,17,35,45.54085,4.29645,174.917,2.583,2.334,8.78,
LFMI,15,33,43.5228,4.92396,152.647,2.699,-0.052,6.114,
LFMK,09,27,43.21605,2.3057,96.521,2.099,4.422,10.917,
LFML,13L,31R,43.4382,5.21288,133.833,2.76,1.073,7.192,
LFML,13R,31L,43.4336,5.21369,134.726,2.76,1.965,8.083,
LFMN,04L,22R,43.66065,7.21627,45.097,3.189,1.907,7.768,
LFMN,04R,22L,43.65615,7.21546,44.904,3.189,1.716,7.576,
LFMO,15,33,44.1401,4.86855,144.2,2.698,-8.499,-2.268,1998.88
LFMP,15,33,42.74455,2.86973,148.239,2.228,-3.989,2.388,
LFMQ,12,30,43.25263,5.78514,126.811,2.878,3.933,9.956,
LFMS,01,19,44.06965,4.14211,12.489,2.533,-0.043,6.281,
LFMT,12L,30R,43.57945,3.96897,124.625,2.487,2.138,8.441,
LFMT,12R,30L,43.573,3.95749,124.513,2.484,2.028,8.332,
LFMU,09,27,43.32355,3.35391,94.559,2.344,2.215,8.579,
LFMV,17,35,43.9073,4.90182,168.863,2.702,-3.839,2.366,
LFMY,16,34,43.60725,5.10873,159.639,2.741,-3.103,3.046,
LFMZ,08,26,43.1756,2.7345,78.545,2.2,-3.655,2.78,
LFNA,02L,20R,44.45354,6.03653,26.117,2.964,3.153,9.251,
LFNA,02R,20L,44.45415,6.0377,25.936,2.964,2.972,9.069,
LFNB,12,30,44.5021,3.53286,125.483,2.395,3.088,9.538,
LFNC,16,34,44.70058,6.59919,160.827,3.093,-2.266,3.776,
LFNC,16G,34G,44.70139,6.59953,160.978,3.094,-2.116,3.927,
LFNH,13,31,44.02985,5.07815,131.869,2.743,-0.874,5.317,
LFOA,06,24,47.0557,2.6318,60.319,2.158,-1.838,4.999,
LFOB,04,22,49.45835,2.11814,41.694,1.963,-0.268,6.924,
LFOB,12,30,49.45225,2.11779,123.633,1.963,1.67,8.861,
LFOC,10,28,48.05815,1.37663,98.041,1.792,-3.751,3.372,
LFOD,10,28,47.25685,-0.11505,94.829,1.395,-6.566,0.663,2016.78
LFOE,04,22,49.02865,1.21986,39.876,1.714,-1.839,5.422,
LFOH,04,22,49.53405,0.08846,43.132,1.353,1.779,9.256,
LFOI,02,20,50.1435,1.83189,21.821,1.855,-0.034,7.285,
LFOJ,07,25,47.9877,1.76063,69.389,1.902,-2.513,4.549,
LFOK,10,28,48.7762,4.18417,101.27,2.556,-1.285,5.536,
LFON,04,22,48.70584,1.36126,35.612,1.767,-6.155,1.048,2019.32
LFOP,04,22,49.38525,1.1762,41.327,1.688,-0.361,6.95,
LFOQ,12,30,47.6788,1.20908,121.46,1.756,-0.296,6.805,
LFOR,09,27,48.45698,1.51989,92.851,1.82,1.031,8.181,
LFOT,02,20,47.43225,0.7276,15.237,1.628,-6.391,0.746,2017.75
LFOU,03,21,47.08215,-0.87706,24.934,1.183,-6.249,1.06,2018.73
LFOV,14,32,48.03259,-0.7443,142.302,1.177,1.125,8.527,
LFOX,06,24,48.38074,2.07655,56.649,1.98,-5.331,1.735,2024.42
LFOX,06L,24R,48.381,2.07378,56.691,1.98,-5.288,1.778,2024.69
LFOZ,05,23,47.8979,2.16478,52.763,2.016,0.747,7.744,
LFPB,03,21,48.9596,2.4345,24.783,2.067,-7.284,-0.197,2012.28
LFPB,07,25,48.9689,2.43927,67.784,2.068,-4.285,2.802,
LFPB,09,27,48.9644,2.43301,85.173,2.067,-6.893,0.194,2014.89
LFPC,07,25,49.25355,2.51913,65.072,2.084,-7.012,0.099,2014.17
LFPD,10,28,49.10245,0.56556,97.865,1.517,-3.652,3.706,
LFPE,07L,25R,48.92844,2.83435,66.6,2.181,-5.581,1.446,2022.81
LFPE,07R,25L,48.92732,2.83561,66.646,2.181,-5.535,1.492,2023.11
LFPE,16L,34R,48.92602,2.83559,156.65,2.181,-5.531,1.496,2023.14
LFPE,16R,34L,48.92476,2.83421,156.626,2.181,-5.555,1.472,2022.98
LFPG,08L,26R,48.99725,2.58146,85.293,2.108,3.185,10.256,
LFPG,08R,26L,48.9939,2.58405,85.264,2.109,3.155,10.225,
LFPG,09L,27R,49.0257,2.54329,85.264,2.097,-6.832,0.247,2015.26
LFPG,09R,27L,49.02215,2.54168,85.268,2.096,-6.828,0.251,2015.28
LFPK,09,27,48.83755,3.0158,90.444,2.234,-1.789,5.202,
LFPK,09C,27C,48.83757,3.01447,90.541,2.233,-1.693,5.299,
LFPK,09L,27R,48.83865,3.01938,90.967,2.235,-1.267,5.723,
LFPK,09R,27L,48.83515,3.00565,90.988,2.231,-1.243,5.749,
LFPL,08,26,48.82105,2.62604,81.606,2.125,-0.519,6.524,
LFPM,01,19,48.6118,2.67291,12.682,2.142,0.54,7.552,
LFPM,10,28,48.6044,2.67629,103.679,2.143,1.536,8.546,
LFPN,07L,25R,48.7528,2.10582,71.156,1.979,-0.823,6.284,
LFPN,07R,25L,48.75105,2.10646,70.758,1.979,-1.221,5.885,
LFPO,02,20,48.72775,2.38183,18.333,2.058,-3.725,3.341,
LFPO,06,24,48.72775,2.3388,61.82,2.046,-0.225,6.846,
LFPO,07,25,48.7234,2.38033,74.437,2.057,2.38,9.445,
LFPP,07,25,49.10883,2.73607,66.446,2.149,-5.704,1.36,2022.06
LFPP,07R,25L,49.10767,2.73725,65.78,2.15,-6.37,0.693,2017.97
LFPT,04,22,49.0932,2.03552,44.654,1.949,2.705,9.863,
LFPT,12,30,49.09863,2.03502,118.102,1.949,-3.847,3.312,
LFPV,09,27,48.77435,2.2016,88.234,2.006,-3.772,3.324,
LFPZ,11L,29R,48.81312,2.06758,113.163,1.966,1.197,8.316,
LFPZ,11R,29L,48.81189,2.06779,112.955,1.966,0.988,8.107,
LFQA,07,25,49.2088,4.15705,66.115,2.546,-6.43,0.448,2017.45
LFQB,05,23,48.31927,4.01216,51.323,2.512,-1.19,5.601,
LFQB,17,35,48.3221,4.01654,173.774,2.513,1.261,8.051,
LFQB,17R,35L,48.32155,4.01315,173.747,2.512,1.235,8.025,
LFQC,09,27,48.59325,6.54345,91.818,3.174,-1.356,5.111,
LFQE,01,19,49.2269,5.67221,13.551,2.956,0.595,7.263,
LFQF,18,36,46.9673,4.26051,180.47,2.58,-2.11,4.491,
LFQF,18L,36R,46.96865,4.26109,180.0,2.58,-2.58,4.022,
LFQG,12,30,47.0026,3.11334,122.105,2.285,-0.18,6.585,
LFQJ,05R,23L,50.3103,4.03338,48.123,2.5,-4.377,2.659,
LFQM,05,23,47.20655,6.08368,53.435,3.034,0.401,6.773,
LFQP,06,24,48.7662,7.20056,57.447,3.344,-5.897,0.498,2020.27
LFQQ,01,19,50.56695,3.0883,14.791,2.219,2.573,9.774,
LFQQ,08,26,50.5657,3.10262,77.349,2.223,-4.874,2.326,
LFQT,04,22,50.61835,2.64225,37.512,2.084,-4.572,2.698,
LFQV,11,29,49.78395,4.64707,112.216,2.678,-0.463,6.419,
LFQW,08,26,47.6386,6.20426,82.02,3.071,-1.051,5.352,
LFRB,07L,25R,48.45085,-4.41792,70.671,0.001,0.67,8.585,
LFRB,07R,25L,48.44785,-4.41852,71.346,0.001,1.344,9.259,
LFRC,10,28,49.65015,-1.47026,100.749,0.86,-0.111,7.586,
LFRD,12,30,48.58775,-2.08009,115.244,0.738,-5.494,2.148,2023.6
LFRD,17,35,48.58835,-2.08012,170.115,0.738,-0.623,7.019,
LFRE,11,29,47.28885,-2.34583,106.997,0.736,-3.739,3.781,
LFRF,06,24,48.88235,-1.56557,64.643,0.879,3.763,11.375,
LFRG,12,30,49.3653,0.15432,117.011,1.381,-4.371,3.076,
LFRH,02,20,47.7634,-3.43871,16.185,0.368,-4.184,3.528,
LFRH,07,25,47.75965,-3.44395,71.914,0.367,1.547,9.259,
LFRI,10,28,46.70195,-1.37863,101.169,1.054,0.114,7.445,
LFRJ,07,25,48.53015,-4.15167,73.453,0.082,3.371,11.264,
LFRK,12,30,49.17605,-0.45579,125.389,1.205,4.184,11.688,
LFRK,12L,30R,49.17765,-0.45335,125.292,1.206,4.086,11.59,
LFRL,05,23,48.28175,-4.44509,51.213,0.007,1.206,9.104,
LFRL,13,31,48.28205,-4.44281,128.657,0.007,-1.35,6.547,
LFRM,02,20,47.94785,0.20129,20.439,1.459,-1.02,6.248,
LFRN,10,28,48.07195,-1.73224,100.657,0.877,-0.22,7.314,
LFRN,14,32,48.0669,-1.73702,142.095,0.876,1.219,8.753,
LFRO,11,29,48.7543,-3.47174,107.587,0.284,-2.697,5.14,
LFRQ,09,27,47.9751,-4.17097,93.552,0.12,3.432,11.259,
LFRS,03,21,47.1532,-1.61072,27.411,0.964,-3.553,3.858,
LFRT,06,24,48.53825,-2.85461,58.721,0.498,-1.777,5.957,
LFRU,04,22,48.60325,-3.81589,40.126,0.185,-0.059,7.802,
LFRV,04,22,47.72325,-2.71852,39.08,0.596,-1.516,6.102,
LFRV,08,26,47.7246,-2.72455,82.497,0.594,1.903,9.522,
LFRZ,07,25,47.3122,-2.14918,73.351,0.795,2.556,10.054,
LFSB,07,25,47.58969,7.52799,76.947,3.39,3.557,9.768,
LFSB,15,33,47.60182,7.52091,154.793,3.389,1.404,7.618,
LFSD,01,19,47.27151,5.08495,15.054,2.789,2.265,8.785,
LFSD,17,35,47.26585,5.09498,174.969,2.791,2.178,8.696,
LFSG,08,26,48.32515,6.06996,85.03,3.049,1.981,8.484,
LFSH,03,21,48.79435,7.81758,28.599,3.499,-4.9,1.411,
LFSH,03L,21R,48.7948,7.81634,28.9,3.499,-4.599,1.713,
LFSI,11,29,48.63605,4.89942,113.057,2.748,0.309,7.013,
LFSL,11,29,45.0401,1.48438,114.36,1.887,2.472,9.252,
LFSM,08,26,47.487,6.79053,79.428,3.211,-3.783,2.521,
LFSN,03,21,48.69269,6.23182,28.291,3.096,-4.804,1.719,
LFSO,02,20,48.5832,5.95452,19.452,3.023,-3.571,2.978,
LFSP,02,20,46.9043,6.32694,20.776,3.087,-2.311,3.994,
LFST,05,23,48.5383,7.62824,48.776,3.444,-4.668,1.639,
LFSX,04,22,47.78545,6.36669,37.891,3.114,-5.223,1.174,2024.95
LFSX,11,29,47.7873,6.34947,113.118,3.11,0.008,6.408,
LFTF,11,29,43.2478,6.1267,110.402,2.95,-2.548,3.428,
LFTH,05,23,43.10045,6.15129,51.407,2.95,-1.543,4.416,
LFTH,13,31,43.09575,6.14818,135.032,2.95,2.082,8.041,
LFTW,18,36,43.7574,4.41635,177.019,2.591,-5.572,0.686,2022.17
LFTZ,06,24,43.2054,6.482,61.925,3.022,-1.097,4.826,
LFVM,12,30,47.0955,-56.38025,97.646,-16.731,-5.623,2.957,2023.11
LFVP,08,26,46.76265,-56.17555,58.387,-16.629,-4.984,3.503,
LFXA,01,19,45.98735,5.32844,7.389,2.833,-5.445,0.904,2023.28
LFXA,02,20,45.98,5.33665,14.464,2.835,-8.371,-2.025,2001.0
LFXU,10L,28R,48.99846,1.94275,99.598,1.925,-2.327,4.831,
LFXU,10R,28L,48.99801,1.94263,99.633,1.925,-2.292,4.867,
LG54,09,27,35.0637,24.76745,88.122,4.903,-6.782,-3.296,2005.41
LG55,16,34,37.09415,21.9904,152.474,4.855,-12.38,-8.636,1928.44
LG56,10,28,38.23615,25.9392,86.87,5.375,-18.505,-15.067,
LGAD,16,34,37.9207,21.29255,164.53,4.869,-0.339,3.489,
LGAL,07,25,40.85585,25.95625,73.125,5.742,-2.617,0.905,
LGAV,03L,21R,37.93475,23.9321,36.605,5.148,1.457,5.054,
LGAV,03R,21L,37.93795,23.95685,36.591,5.151,1.44,5.035,
LGAX,13,31,40.6511,22.4888,127.683,5.329,-7.645,-3.827,1995.13
LGBL,08,26,39.21945,22.7945,81.438,5.184,-3.746,-0.012,
LGEL,18,36,38.06395,23.55605,179.813,5.126,-5.312,-1.68,2021.61
LGHI,01,19,38.3432,26.14055,9.675,5.407,-5.732,-2.308,2016.67
LGIK,15,33,37.6827,26.3471,151.868,5.34,-3.471,-0.078,
LGIO,14,32,39.69655,20.8225,141.823,5.014,-3.191,0.744,
LGIR,09,27,35.34,25.17585,94.751,4.967,-0.216,3.239,
LGIR,12,30,35.33975,25.1803,125.873,4.968,0.905,4.36,
LGKA,12,30,40.44593,21.28208,125.016,5.158,-0.143,3.78,
LGKC,02,20,36.27405,23.01675,25.785,4.871,0.914,4.554,
LGKF,14,32,38.1201,20.5005,146.234,4.801,1.433,5.34,
LGKJ,13,31,36.14165,29.57635,137.914,5.373,2.541,5.656,
LGKL,17L,35R,37.06861,22.02659,169.405,4.856,-5.451,-1.71,2019.85
LGKL,17R,35L,37.06843,22.02538,169.412,4.856,-5.444,-1.704,2019.91
LGKM,13,31,40.97291,24.34153,137.643,5.585,2.058,5.724,
LGKO,14,32,36.7944,27.09075,147.989,5.288,2.701,6.019,
LGKP,12,30,35.4214,27.146,124.359,5.129,-0.77,2.531,
LGKR,16,34,39.60204,19.91212,168.768,4.893,3.875,7.895,
LGKS,09,27,35.42135,26.91,91.949,5.112,-3.162,0.156,
LGKV,05,23,40.914,24.61965,55.275,5.607,-0.332,3.306,
LGKY,10,28,36.96346,26.94069,101.837,5.298,-3.461,-0.128,
LGKZ,14,32,40.28515,21.84015,142.975,5.206,-2.231,1.632,
LGLE,14,32,37.1849,26.8003,144.491,5.314,-0.824,2.524,
LGLM,04R,22L,39.91705,25.23635,43.282,5.533,-2.251,1.295,
LGLR,08R,26L,39.649,22.4644,79.083,5.2,-6.117,-2.338,2014.16
LGMG,08R,26L,37.98115,23.3654,82.067,5.096,-3.03,0.617,
LGMK,16,34,37.4352,25.34825,160.728,5.222,-4.493,-1.024,
LGMT,14,32,39.06585,26.59195,147.589,5.545,2.044,5.451,
LGPL,15,33,36.57985,26.3758,149.598,5.206,-5.608,-2.236,2017.52
LGPZ,06,24,38.92545,20.7653,67.901,4.92,2.981,6.891,
LGRD,08,26,36.38305,28.1089,79.718,5.311,-5.593,-2.36,2017.26
LGRP,06,24,36.4054,28.0862,69.953,5.313,4.64,7.876,
LGRX,18R,36L,38.1511,21.42555,182.845,4.909,-2.065,1.758,
LGSA,11,29,35.5316,24.1512,111.358,4.899,-3.541,-0.002,
LGSK,01,19,39.17741,23.50371,19.085,5.255,3.829,7.499,
LGSM,09,27,37.68916,26.91211,94.315,5.388,-1.073,2.275,
LGSO,18,36,37.42305,24.94995,181.411,5.184,-3.773,-0.272,
LGSP,06,24,36.9739,22.5263,61.029,4.897,-3.868,-0.173,
LGSR,15,33,36.39915,25.47925,159.447,5.111,4.336,7.778,
LGST,05,23,35.21615,26.10125,50.354,5.028,-4.674,-1.293,
LGSY,17,35,38.96755,24.48725,175.848,5.33,0.518,4.096,
LGTG,10,28,38.33985,23.56495,104.817,5.159,-0.342,3.297,
LGTL,02,20,35.19075,25.32642,19.966,4.964,-4.997,-1.555,
LGTP,02,20,37.53055,22.40365,22.798,4.946,-2.148,1.57,
LGTS,16,34,40.51975,22.971,166.181,5.368,0.813,4.581,
LGTT,03,21,38.1089,23.7838,31.135,5.154,-4.019,-0.405,
LGZA,16,34,37.75085,20.88415,163.285,4.805,-1.521,2.34,
LHBC,17L,35R,46.68336,21.16247,174.538,6.02,-1.482,2.888,
LHBC,17R,35L,46.67939,21.15785,174.548,6.018,-1.47,2.9,
LHBP,13L,31R,47.4342,19.2757,132.193,5.808,-3.615,1.038,
LHBP,13R,31L,47.4396,19.2355,132.368,5.802,-3.434,1.225,
LHDC,04R,22L,47.4889,21.6153,48.017,6.232,1.784,6.187,
LHFM,16,34,47.58285,16.8454,158.635,5.375,-6.74,-1.783,2012.6
LHJK,14L,32R,46.7476,19.60524,145.786,5.764,0.022,4.569,
LHJK,14R,32L,46.74781,19.6046,145.745,5.764,-0.019,4.527,
LHKD,15,33,47.51712,18.32501,153.437,5.646,-2.208,2.564,
LHKE,12,30,46.9175,19.74925,122.91,5.815,-2.905,1.642,
LHKV,17L,35R,46.38639,17.73347,168.658,5.387,-6.728,-2.001,2012.02
LHNY,18L,36R,47.98185,21.69685,181.467,6.334,-4.867,-0.421,
LHNY,18R,36L,47.984,21.69235,181.28,6.333,-5.053,-0.607,2026.02
LHOY,17,35,46.3039,18.7692,175.047,5.556,-0.51,4.089,
LHPP,15,33,45.98935,18.24205,157.303,5.424,1.879,6.509,
LHPR,11,29,47.6284,17.80495,119.522,5.564,3.958,8.804,
LHPR,12L,30R,47.6266,17.8165,119.265,5.566,-6.301,-1.456,2015.83
LHSA,16,34,47.07785,17.96845,159.169,5.52,-6.351,-1.582,2015.29
LHSM,16,34,46.6864,17.15905,165.314,5.322,-0.007,4.819,
LHSN,02,20,47.1229,20.2355,20.893,5.931,-5.038,-0.524,2026.19
LHUD,16L,34R,46.246,20.09336,167.165,5.773,1.393,5.837,
LHUD,16R,34L,46.24558,20.09066,168.0,5.772,2.228,6.673,
LIAF,17,35,42.93333,12.71208,171.452,4.173,-2.721,2.333,
LIAP,18,36,42.37985,13.30925,178.329,4.228,-5.899,-0.964,2018.22
LIBA,11,29,41.53955,15.7139,113.844,4.527,-0.683,3.898,
LIBC,17,35,38.99725,17.08015,168.779,4.471,-5.693,-1.407,2018.71
LIBD,07,25,41.1376,16.75736,69.459,4.639,-5.18,-0.745,2024.39
LIBF,15,33,41.43416,15.5343,156.448,4.49,1.957,6.553,
LIBP,04,22,42.4314,14.18095,37.624,4.373,-6.749,-1.92,2011.09
LIBR,05,23,40.65745,17.94555,52.296,4.754,-2.458,1.818,
LIBV,14L,32R,40.7712,16.93345,140.827,4.627,-3.8,0.593,
LIBV,14R,32L,40.7644,16.93345,141.092,4.626,-3.534,0.859,
LICC,08,26,37.46675,15.0664,83.979,4.066,-0.087,4.351,
LICD,08,26,35.49795,12.6181,80.443,3.573,-3.13,1.495,
LICG,02,20,36.8129,11.9665,27.702,3.587,4.115,8.877,
LICG,07,25,36.8159,11.96595,76.096,3.587,2.509,7.271,
LICJ,02,20,38.17465,13.0904,23.896,3.854,0.042,4.741,
LICJ,07,25,38.18005,13.10365,66.98,3.857,-6.876,-2.179,2008.33
LICP,17,35,38.1105,13.31335,174.666,3.881,0.786,5.454,
LICR,11,29,38.07215,15.64855,112.632,4.197,-1.564,2.835,
LICR,15,33,38.07295,15.6504,152.526,4.197,-1.671,2.729,
LICT,13,31,37.9114,12.48795,127.545,3.747,-6.202,-1.446,2014.95
LICZ,10L,28R,37.4035,14.92265,98.352,4.041,-5.689,-1.239,2018.79
LICZ,10R,28L,37.4016,14.9223,98.252,4.041,-5.789,-1.339,2017.94
LIDA,08L,26R,45.88705,11.51695,75.536,4.173,-8.637,-3.161,1994.48
LIDA,08R,26L,45.88595,11.5168,75.255,4.172,-8.917,-3.442,1991.3
LIDF,05,23,43.824,13.02589,48.471,4.298,-5.826,-0.741,2019.09
LIDH,17,35,45.67807,11.49634,172.971,4.154,-1.183,4.274,
LIDL,16,34,45.13025,11.2932,166.05,4.076,1.973,7.406,
LIDP,02,20,44.32055,10.8309,18.101,3.934,-5.833,-0.412,2019.43
LIDR,08,26,44.36425,12.22485,80.951,4.197,-3.246,1.992,
LIDT,18,36,46.02218,11.1249,180.0,4.103,-4.103,1.439,
LIEA,02,20,40.6321,8.29077,24.574,3.258,1.316,6.785,
LIED,16L,34R,39.3539,8.97378,167.161,3.303,3.857,9.145,
LIED,16R,34L,39.35395,8.9712,166.942,3.303,3.639,8.927,
LIEE,14,32,39.25145,9.05429,138.012,3.311,-5.298,-0.028,2023.6
LIEO,05,23,40.89865,9.51763,55.39,3.488,1.903,7.226,
LIET,12,30,39.91875,9.68298,120.627,3.456,-2.829,2.404,
LILA,03,21,44.92539,8.62629,33.235,3.531,-0.296,5.485,
LILE,16,34,45.4953,8.10277,156.032,3.445,-7.413,-1.504,2008.22
LILH,16,34,44.952,9.01653,159.384,3.613,-4.229,1.5,
LILN,17,35,45.7422,8.88823,175.651,3.624,2.027,7.851,
LILO,09,27,46.15459,9.7952,84.879,3.836,-8.958,-3.218,1992.7
LILR,11,29,45.16823,10.00202,103.227,3.824,-10.597,-4.984,1976.13
LILV,02L,20R,45.72071,9.59358,23.19,3.771,-0.581,5.143,
LILV,02R,20L,45.72033,9.59427,23.322,3.771,-0.449,5.274,
LIMA,10L,28R,45.08635,7.60337,101.333,3.323,-1.99,3.949,
LIMA,10R,28L,45.08495,7.60507,101.142,3.323,-2.181,3.758,
LIMB,18,36,45.53986,9.20235,179.76,3.68,-3.92,1.84,
LIMC,17L,35R,45.63306,8.73272,169.031,3.586,-4.555,1.28,
LIMC,17R,35L,45.62814,8.72352,169.026,3.584,-4.557,1.278,
LIME,10,28,45.66772,9.70761,104.837,3.792,1.045,6.748,
LIME,12,30,45.67625,9.70614,121.406,3.792,-2.386,3.317,
LIMF,18,36,45.20075,7.64963,182.563,3.337,-0.774,5.17,
LIMG,09,27,44.05055,8.12739,93.105,3.39,-0.285,5.484,
LIMJ,10,28,44.41195,8.84189,105.206,3.551,1.655,7.358,
LIML,17,35,45.44526,9.27705,175.661,3.691,1.97,7.71,
LIMN,17,35,45.53105,8.66904,167.565,3.568,-6.003,-0.17,2018.76
LIMP,02,20,44.8268,10.2971,17.366,3.863,-6.496,-0.956,2014.92
LIMR,18,36,44.77944,8.78667,176.992,3.557,-6.565,-0.821,2014.66
LIMS,12,30,44.9144,9.72213,118.361,3.754,-5.393,0.235,2023.25
LIMW,09,27,45.7386,7.36789,84.858,3.294,-8.436,-2.4,1999.16
LIMZ,03,21,44.5476,7.62332,32.508,3.307,-0.799,5.086,
LIPA,05,23,46.0311,12.5964,48.137,4.396,-6.259,-0.915,2016.53
LIPB,01,19,46.45937,11.32618,10.215,4.174,-3.959,1.601,
LIPB,01R,19L,46.45762,11.32751,10.26,4.174,-3.914,1.645,
LIPC,11,29,44.2243,12.3072,116.372,4.201,2.171,7.385,
LIPE,12,30,44.53545,11.28865,116.622,4.035,-7.413,-2.034,2006.62
LIPH,07,25,45.6484,12.19445,69.071,4.288,-5.217,0.143,2024.63
LIPI,06,24,45.9794,13.0492,59.021,4.48,-5.459,-0.181,2022.53
LIPK,12,30,44.19475,12.07005,117.719,4.156,-6.436,-1.193,2014.84
LIPL,13,31,45.43215,10.26765,134.933,3.893,1.04,6.642,
LIPN,08,26,45.472,10.92795,74.713,4.027,-9.314,-3.799,1986.75
LIPO,14,32,45.4286,10.33125,134.863,3.905,-9.042,-3.449,1990.57
LIPQ,09,27,45.8279,13.4667,90.407,4.547,-4.139,1.069,
LIPR,13,31,44.02025,12.61175,127.768,4.24,-6.472,-1.316,2014.37
LIPS,08,26,45.68445,12.0872,82.077,4.27,-2.193,3.185,
LIPU,04,22,45.39635,11.84825,39.785,4.202,-4.417,0.966,
LIPV,05,23,45.42894,12.38909,53.878,4.309,-0.431,4.882,
LIPX,04,22,45.39695,10.8904,45.817,4.015,1.802,7.315,
LIPY,04,22,43.61635,13.36235,44.863,4.339,0.525,5.549,
LIPZ,04L,22R,45.50445,12.3475,42.129,4.307,-2.178,3.148,
LIPZ,04R,22L,45.50515,12.35185,41.988,4.308,-2.319,3.006,
LIQB,12,30,43.45521,11.84733,119.46,4.062,-4.602,0.608,
LIQG,15,33,43.28588,10.51894,147.397,3.811,-6.413,-1.039,2015.05
LIQS,18,36,43.25495,11.25505,178.326,3.942,-5.616,-0.343,2020.94
LIRA,15,33,41.79925,12.5949,152.714,4.065,-1.35,3.634,
LIRE,13R,31L,41.65525,12.4459,129.892,4.029,-4.137,0.856,
LIRF,07,25,41.80448,12.25081,69.752,4.009,-4.257,0.772,
LIRF,16L,34R,41.8292,12.2685,162.686,4.014,-1.327,3.701,
LIRF,16R,34L,41.79875,12.2334,162.629,4.006,-1.377,3.654,
LIRG,04,22,41.9911,12.73635,35.13,4.103,-8.973,-3.993,1985.22
LIRG,18,36,41.9903,12.74085,180.973,4.103,-3.131,1.849,
LIRJ,16,34,42.762,10.2394,159.774,3.727,-3.954,1.415,
LIRL,12,30,41.54245,12.90905,124.724,4.095,0.628,5.554,
LIRM,06,24,41.06095,14.0819,59.915,4.239,-4.324,0.423,
LIRN,06,24,40.88605,14.29075,58.127,4.255,-6.128,-1.418,2015.95
LIRP,03L,21R,43.6839,10.3911,36.764,3.812,2.952,8.377,
LIRP,03R,21L,43.68385,10.39435,36.963,3.812,3.151,8.576,
LIRQ,05,23,43.81002,11.20505,48.222,3.97,-5.748,-0.423,2019.9
LIRS,03,21,42.76095,11.0706,30.946,3.876,-2.929,2.328,
LIRS,03R,21L,42.7596,11.07335,30.755,3.876,-3.121,2.135,
LIRU,16,34,41.9524,12.5022,160.353,4.061,-3.709,1.298,
LIRV,04C,22C,42.43595,12.06215,38.297,4.024,-5.728,-0.627,2019.71
LIRV,04L,22R,42.43575,12.0599,38.411,4.024,-5.613,-0.512,2020.71
LIRV,04R,22L,42.43715,12.06445,39.106,4.025,-4.919,0.182,
LIRZ,01,19,43.0981,12.51398,14.331,4.151,0.18,5.273,
LJCE,09,27,45.89992,15.52969,88.99,4.935,-5.945,-0.995,2018.29
LJLJ,12,30,46.2237,14.4576,126.378,4.77,1.608,6.726,
LJMB,14,32,46.4799,15.68615,146.084,5.027,1.057,6.044,
LJMB,14L,32R,46.48135,15.6859,146.864,5.027,1.837,6.824,
LJPZ,15,33,45.47245,13.6157,151.27,4.543,-3.273,1.882,
LJSG,14,32,46.472,15.117,141.777,4.92,-3.142,1.916,
LKBA,08,26,48.7907,16.8925,79.687,5.541,-5.854,-0.765,2019.37
LKBE,06,24,49.74183,14.64468,61.656,5.176,-3.52,1.973,
LKBE,09L,27R,49.73977,14.6446,87.828,5.175,-7.347,-1.855,2009.26
LKBE,09R,27L,49.73949,14.64462,87.828,5.175,-7.347,-1.855,2009.26
LKBO,07,25,49.6705,17.295,77.804,5.746,2.057,7.204,
LKBU,10L,28R,49.9748,14.1779,102.486,5.095,-2.609,2.975,
LKBU,10R,28L,49.9744,14.17785,102.364,5.095,-2.731,2.852,
LKCB,06,24,50.06645,12.4129,53.684,4.691,-11.007,-5.175,1973.83
LKCE,13,31,50.70945,14.5667,130.325,5.267,-4.942,0.688,
LKCH,04,22,50.4736,13.4741,40.05,4.982,-4.933,0.81,
LKCH,14,32,50.4696,13.46705,140.454,4.98,-4.526,1.217,
LKCM,16,34,49.23685,16.5552,152.511,5.53,-13.019,-7.835,1939.76
LKCR,06,24,49.9355,15.78005,63.244,5.452,-2.208,3.162,
LKCS,09,27,48.9464,14.42745,89.987,5.041,-5.054,0.368,2026.15
LKCT,17,35,49.68575,15.6761,166.869,5.398,-8.529,-3.177,1996.83
LKCV,12,30,49.939,15.3811,137.05,5.364,11.686,17.108,
LKCV,13,31,49.93965,15.38185,137.333,5.364,1.969,7.391,
LKDK,10,28,50.41415,15.8369,99.756,5.526,-5.77,-0.344,2020.46
LKER,11,29,49.80268,13.03798,105.653,4.814,-9.162,-3.449,1991.79
LKFR,08,26,49.5896,18.3792,78.295,5.963,-7.668,-2.662,2005.11
LKHC,12,30,50.35761,15.57703,126.069,5.46,0.609,6.061,
LKHD,01,19,50.65733,15.07786,9.101,5.382,-6.281,-0.725,2017.24
LKHK,15L,33R,50.2532,15.8451,154.77,5.507,-0.737,4.667,
LKHK,15R,33L,50.25515,15.8423,154.663,5.507,-0.844,4.56,
LKHN,05,23,49.54602,17.70445,54.915,5.815,-0.9,4.182,
LKHS,06L,24R,49.03998,14.49498,56.627,5.066,-8.438,-3.014,1997.89
LKJA,14L,32R,50.3315,15.95404,143.915,5.542,-1.628,3.773,
LKJA,14R,32L,50.33125,15.95351,143.814,5.542,-1.728,3.672,
LKJC,12,30,50.43008,15.33294,125.208,5.413,-0.205,5.288,
LKJH,07L,25R,49.15072,14.97159,70.196,5.181,-4.986,0.39,
LKJH,07R,25L,49.15026,14.97204,70.136,5.181,-5.045,0.331,2026.23
LKJI,10,28,49.41934,15.63538,102.681,5.357,-2.676,2.647,
LKKA,13,31,49.36843,16.11613,133.633,5.454,-1.821,3.435,
LKKB,06,24,50.12135,14.54365,62.395,5.195,-2.8,2.754,
LKKL,12,30,50.11302,14.08957,127.744,5.089,2.654,8.267,
LKKM,02,20,49.28579,17.41536,22.857,5.717,-2.86,2.225,
LKKO,03L,21R,50.00191,15.17313,27.534,5.325,-7.79,-2.333,2005.3
LKKO,03R,21L,50.00157,15.174,27.767,5.325,-7.558,-2.101,2007.38
LKKR,12,30,50.07407,17.69508,115.185,5.892,-10.706,-5.556,1961.96
LKKT,09L,27R,49.41833,13.3219,87.42,4.843,-7.423,-1.797,2008.78
LKKT,09R,27L,49.41792,13.32189,87.974,4.843,-6.869,-1.243,2013.1
LKKU,02C,20C,49.0294,17.43985,25.402,5.686,-0.283,4.767,
LKKU,02L,20R,49.0277,17.43695,25.49,5.685,-0.195,4.855,
LKKU,02R,20L,49.02795,17.43955,25.407,5.686,-0.278,4.772,
LKKV,11,29,50.20305,12.91514,113.049,4.823,-1.774,4.008,
LKKY,15,33,48.98009,17.12466,147.893,5.614,-7.722,-2.639,2004.5
LKLB,16,34,50.76707,15.02311,155.241,5.382,-10.141,-4.563,1979.81
LKLN,06,24,49.6752,13.2746,58.638,4.857,-6.219,-0.554,2017.63
LKLT,05L,23R,50.13166,14.52543,48.652,5.192,-6.54,-0.982,2015.51
LKLT,05R,23L,50.13156,14.52739,51.04,5.193,-4.152,1.406,
LKMB,04,22,50.3976,14.89675,44.169,5.308,-1.139,4.406,
LKMB,16,34,50.39675,14.8959,162.909,5.308,-2.399,3.146,
LKMH,07,25,50.5402,15.00655,66.377,5.351,-8.973,-3.424,1993.29
LKMH,08,26,50.5403,15.00445,67.214,5.35,-18.136,-12.586,1911.13
LKMI,05,23,50.30169,17.29766,53.304,5.839,-2.535,2.693,
LKMK,08L,26R,49.79863,16.6877,79.917,5.634,-5.717,-0.479,2020.64
LKMK,08R,26L,49.7981,16.68786,80.084,5.634,-5.55,-0.312,2022.0
LKMO,02L,20R,50.52503,13.68315,18.944,5.037,-6.094,-0.372,2018.59
LKMO,02R,20L,50.52489,13.68377,19.533,5.037,-5.505,0.217,2022.75
LKMT,04,22,49.6962,18.1108,46.311,5.923,0.388,5.439,
LKNA,12,30,49.16621,16.12438,129.319,5.43,3.889,9.12,
LKNM,08,26,50.3638,16.11105,80.365,5.582,-5.217,0.168,2024.79
LKNM,18,36,50.3641,16.1135,180.916,5.583,-4.666,0.718,
LKOL,09L,27R,49.5875,17.2099,96.72,5.717,1.003,6.15,
LKOL,09R,27L,49.5872,17.2099,96.753,5.717,1.036,6.183,
LKOL,10,28,49.58812,17.20829,96.767,5.716,-8.949,-3.802,1990.13
LKOT,17L,35R,49.19848,17.5176,171.281,5.726,-4.444,0.617,
LKOT,17R,35L,49.1984,17.51676,171.232,5.726,-4.494,0.568,
LKPC,09,27,50.3062,13.93425,85.896,5.074,-9.177,-3.518,1991.48
LKPD,09,27,50.01345,15.73865,92.783,5.453,-2.67,2.716,
LKPI,08,26,49.58063,15.76278,78.947,5.404,-6.457,-1.129,2015.68
LKPN,07,25,49.93898,15.54687,73.327,5.401,-2.073,3.327,
LKPN,13,31,49.93833,15.55194,132.648,5.402,-2.754,2.646,
LKPO,06,24,49.4259,17.4049,66.126,5.735,0.391,5.494,
LKPR,06,24,50.1089,14.24985,64.862,5.126,-0.264,5.327,
LKPR,12,30,50.09925,14.26355,126.84,5.128,1.712,7.3,
LKPS,03,21,49.92017,13.377,36.276,4.904,1.371,7.054,
LKRA,11,29,50.40494,13.74735,109.389,5.04,-5.651,0.046,2021.62
LKRA,22,04,50.4058,13.75496,225.715,5.042,0.673,6.369,
LKRK,09L,27R,50.09503,13.69228,87.623,4.995,-7.372,-1.708,2009.53
LKRK,09R,27L,50.09366,13.69146,87.605,4.995,-7.39,-1.727,2009.37
LKRO,13L,31R,50.40997,14.22795,134.709,5.154,-0.445,5.189,
LKRO,13R,31L,50.41052,14.22614,134.626,5.154,-0.528,5.107,
LKSA,07,25,49.56657,13.04856,71.267,4.795,-3.528,2.153,
LKSB,13,31,49.48744,17.05251,130.367,5.669,-5.302,-0.148,2023.98
LKSK,03,21,49.8261,16.00746,18.182,5.489,-17.307,-11.979,1914.32
LKSK,13,31,49.82906,16.00476,125.559,5.489,-9.93,-4.601,1979.61
LKSN,07L,25R,50.21666,14.08779,72.448,5.1,-2.652,2.975,
LKSN,07R,25L,50.21638,14.08794,72.401,5.1,-2.699,2.927,
LKSO,08,26,49.24556,14.71465,87.762,5.136,2.626,8.047,
LKSO,18,36,49.24653,14.71308,182.078,5.136,-3.058,2.363,
LKSR,15,33,49.08249,14.07564,153.339,4.978,-1.639,3.845,
LKST,13,31,49.2513,13.89243,131.22,4.955,-3.735,1.794,
LKSU,06,24,49.95959,17.01705,57.245,5.728,-8.483,-3.264,1996.83
LKSU,18,36,49.96025,17.01701,182.425,5.728,-3.302,1.916,
LKSZ,15L,33R,50.32422,14.26046,146.61,5.152,-8.542,-2.923,1998.29
LKSZ,15R,33L,50.32467,14.25882,146.154,5.152,-8.998,-3.379,1993.34
LKTA,12,30,49.3929,14.70393,117.328,5.15,-7.822,-2.382,2004.7
LKTB,08,26,49.15084,16.6911,97.371,5.547,11.824,16.981,
LKTB,09,27,49.15135,16.6939,97.468,5.548,1.92,7.077,
LKTC,09,27,49.98547,14.42641,90.125,5.153,-5.028,0.524,2026.39
LKTD,09,27,49.79726,12.70697,91.763,4.737,-2.974,2.783,
LKTO,08,26,50.08647,12.95265,74.889,4.821,-9.932,-4.17,1983.21
LKUL,05,23,50.6999,13.96885,50.853,5.124,-4.271,1.436,
LKUO,14,32,49.97858,16.42638,145.405,5.601,-0.196,5.099,
LKVL,13,31,49.7276,14.8797,127.355,5.227,-7.872,-2.412,2004.39
LKVM,12L,30R,49.92958,16.18301,121.847,5.541,-3.694,1.625,
LKVM,12R,30L,49.9279,16.18631,121.946,5.541,-3.595,1.723,
LKVM,14,32,49.92643,16.18622,136.523,5.541,-9.018,-3.701,1990.73
LKVO,10,28,50.21668,14.39556,104.858,5.172,-0.313,5.273,
LKVO,11,29,50.21511,14.3994,104.865,5.172,-10.307,-4.721,1978.39
LKVP,09L,27R,50.4679,16.20552,86.321,5.617,-9.296,-3.909,1987.56
LKVP,09R,27L,50.46757,16.2041,85.887,5.617,-9.73,-4.344,1982.22
LKVR,11L,29R,50.6246,15.64653,108.947,5.51,-6.563,-1.084,2015.34
LKVR,11R,29L,50.62412,15.64622,109.458,5.51,-6.051,-0.573,2018.63
LKVY,01,19,49.30045,17.02533,19.966,5.638,4.328,9.463,
LKZA,10R,28L,49.9278,18.0752,98.374,5.951,-7.577,-2.492,2006.27
LKZB,15,33,49.81429,15.20197,155.369,5.309,0.06,5.489,
LKZD,11,29,50.31737,13.51267,110.648,4.976,-4.327,1.39,
LKZM,13,31,50.08387,16.44381,125.108,5.619,-10.511,-5.205,1971.57
LKZN,08,26,48.81778,16.06575,81.171,5.374,-4.203,0.993,
LL10,18,36,41.73505,-88.20325,181.797,-3.716,5.513,0.831,2014.16
LL1A,10,28,31.26075,34.64035,103.226,4.892,-1.666,1.001,
LL1B,08,26,31.2286,35.1909,79.023,4.881,-5.859,-3.244,2010.85
LL59,03,21,31.9017,34.69285,24.968,4.97,-10.002,-7.339,1920.47
LL59,13,31,31.8981,34.69055,127.566,4.97,-7.403,-4.74,1982.09
LL60,15,33,30.85835,34.4436,146.718,4.847,-8.13,-5.443,1956.13
LLBG,03,21,32.00717,34.89315,28.814,4.982,-6.168,-3.523,2007.48
LLBG,08,26,32.01595,34.8795,79.713,4.983,-5.27,-2.624,2018.68
LLBG,12,30,32.0073,34.88,121.443,4.982,-3.538,-0.892,
LLBO,18,36,32.65005,34.9331,187.222,5.064,2.158,4.802,
LLBS,14,32,31.287,34.72295,136.552,4.895,-8.343,-5.683,1944.34
LLEK,15L,33R,31.83815,34.8327,150.744,4.961,-4.217,-1.567,
LLEK,15R,33L,31.83775,34.8269,150.749,4.961,-4.212,-1.562,
LLEK,18,36,31.83605,34.8179,182.707,4.961,-2.254,0.397,
LLER,01,19,29.72716,35.01405,13.713,4.71,-0.997,1.637,
LLES,09,27,32.44085,35.0077,97.861,5.036,2.825,5.462,
LLEY,01,19,30.62165,35.2033,10.975,4.808,-3.833,-1.22,
LLFK,04,22,32.7867,35.71828,40.927,5.076,-4.149,-1.575,
LLHA,15,33,32.8111,35.04415,158.663,5.085,3.578,6.214,
LLHB,10L,28R,31.2387,34.6583,105.338,4.89,0.448,3.114,
LLHB,10R,28L,31.2289,34.6639,105.281,4.888,0.392,3.058,
LLHB,15,33,31.2346,34.65195,143.3,4.889,-11.589,-8.923,1908.18
LLHS,05,23,31.76055,34.72545,54.318,4.952,-0.634,2.026,
LLHS,11L,29R,31.76145,34.73355,111.463,4.952,-3.489,-0.83,
LLHS,11R,29L,31.75985,34.73285,111.786,4.952,-3.166,-0.507,
LLIB,15,33,32.9828,35.57105,150.528,5.104,-4.577,-1.988,
LLMG,09,27,32.59714,35.23006,91.276,5.055,-3.779,-1.162,
LLMZ,01,19,31.3282,35.38865,9.66,4.89,-5.23,-2.634,2019.0
LLNV,08C,26C,31.20785,35.0122,76.781,4.881,-8.101,-5.469,1954.66
LLNV,08L,26R,31.21015,35.0075,76.944,4.882,-7.937,-5.305,1958.31
LLNV,08R,26L,31.2026,35.0094,76.992,4.881,-7.888,-5.256,1959.36
LLNV,15,33,31.20465,35.03395,147.061,4.881,-7.82,-5.19,1963.21
LLOV,02L,20R,29.94085,34.93415,22.066,4.735,-2.669,-0.028,
LLOV,02R,20L,29.9397,34.9375,21.996,4.735,-2.739,-0.098,
LLRD,09,27,32.6668,35.17755,85.598,5.065,-9.467,-6.845,1924.38
LLRD,11,29,32.65955,35.17505,107.769,5.064,-7.295,-4.672,1983.86
LLRD,15,33,32.6668,35.18435,144.385,5.065,-10.679,-8.058,1914.16
LLRM,07L,25R,30.7775,34.666,66.838,4.835,-7.998,-5.332,1958.24
LLRM,07R,25L,30.7746,34.6675,66.516,4.835,-8.319,-5.654,1947.87
LLTN,11,29,32.30845,34.97865,108.464,5.019,-6.555,-3.917,2002.06
LLYT,02,20,29.9021,35.06775,24.032,4.728,-0.696,1.932,
LMML,05,23,35.8537,14.4708,54.55,3.849,0.701,5.137,
LMML,13,31,35.84515,14.4928,134.616,3.851,0.765,5.198,
LOAA,03,21,48.41835,15.21545,30.861,5.15,-4.289,0.967,
LOAB,12G,30G,48.92225,15.29595,118.1,5.225,-7.124,-1.818,2010.52
LOAD,07,25,48.16025,15.58765,75.766,5.197,0.569,5.748,
LOAN,09,27,47.84335,16.26015,96.596,5.294,1.303,6.361,
LOAS,15,33,48.09865,16.93385,147.185,5.459,-8.274,-3.27,1997.22
LOAU,07,25,48.40915,16.1913,74.929,5.349,-0.421,4.711,
LOAV,13R,31L,47.96485,16.26065,131.116,5.309,-4.193,0.879,
LOGF,13,31,47.062,16.0842,125.452,5.167,-9.716,-4.719,1978.6
LOGF,13G,31G,47.062,16.08485,127.182,5.167,-7.985,-2.989,2000.33
LOGG,14,32,47.1469,16.3172,148.274,5.221,3.053,8.029,
LOGI,11,29,47.49335,14.49605,114.696,4.904,-0.208,5.038,
LOGK,07,25,47.45755,15.33095,67.033,5.066,-8.034,-2.9,2000.49
LOGL,07,25,47.55645,15.32205,72.495,5.076,-2.581,2.565,
LOGM,15,33,47.7895,15.3007,148.631,5.097,-6.466,-1.292,2015.15
LOGO,03,21,47.47885,14.0075,35.618,4.804,0.813,6.121,
LOGP,15,33,47.3868,16.1129,146.907,5.211,-8.304,-3.277,1996.55
LOGT,11,29,47.37965,14.96435,115.563,4.986,0.577,5.75,
LOGW,18,36,47.16985,15.66455,181.004,5.099,-4.096,0.965,
LOIH,04,22,47.3845,9.69973,45.208,3.882,1.326,7.21,
LOIJ,13,31,47.52032,12.44937,131.674,4.486,-2.812,2.707,
LOIJ,13G,31G,47.51883,12.45131,131.441,4.487,-3.045,2.474,
LOIK,06,24,47.5646,12.12723,54.701,4.422,-9.72,-4.152,1983.31
LOIR,04,22,47.47095,10.69145,44.753,4.106,0.647,6.402,
LOKG,04,22,46.53275,14.3309,43.3,4.776,-1.476,3.69,
LOKH,17,35,46.9277,14.43205,172.08,4.835,-2.755,2.438,
LOKL,12,30,46.79809,12.8783,124.185,4.515,-0.33,5.054,
LOKM,08,26,46.9752,14.37175,80.263,4.828,-4.565,0.641,
LOKN,09,27,46.58045,13.62975,89.076,4.645,-5.569,-0.306,2021.63
LOKR,06,24,46.74327,14.41343,63.968,4.813,-0.845,4.332,
LOKW,01,19,46.81755,14.8251,5.144,4.9,-9.756,-4.625,1979.33
LOLC,05,23,47.8979,13.93855,48.112,4.831,-6.719,-1.356,2013.51
LOLE,15,33,48.3391,13.9854,151.533,4.884,-3.351,2.056,
LOLG,03,21,48.10315,14.95095,39.904,5.061,4.843,10.097,
LOLH,08,26,48.13925,14.336,82.901,4.937,-2.037,3.302,
LOLM,13,31,47.8712,14.1249,127.707,4.867,-7.159,-1.824,2010.04
LOLO,15,33,48.299,14.33445,158.09,4.954,3.136,8.494,
LOLS,14,32,48.4029,13.44865,137.718,4.776,-7.058,-1.571,2011.22
LOLT,10,28,48.0506,14.6631,96.166,4.996,-8.83,-3.544,1991.92
LOLU,08,26,47.9515,13.86765,76.27,4.821,-8.551,-3.172,1995.84
LOLW,08C,26C,48.18195,14.0402,89.311,4.88,4.431,9.814,
LOLW,08L,26R,48.18325,14.04085,88.633,4.88,3.752,9.135,
LOLW,08R,26L,48.18055,14.0405,89.265,4.88,4.385,9.767,
LOSM,07,25,47.13195,13.6962,70.222,4.709,-4.487,0.824,
LOWG,16C,34C,46.99105,15.43965,169.323,5.036,4.286,9.357,
LOWG,16L,34R,46.9878,15.44335,169.612,5.037,4.575,9.645,
LOWG,16R,34L,46.99205,15.436,169.578,5.036,4.542,9.613,
LOWI,08,26,47.2602,11.34395,81.035,4.233,-3.198,2.444,
LOWK,10L,28R,46.6425,14.33775,106.139,4.788,1.35,6.526,
LOWK,10R,28L,46.6432,14.32465,106.367,4.786,1.581,6.759,
LOWL,08,26,48.2332,14.18755,87.008,4.916,2.092,7.461,
LOWS,15,33,47.79384,13.00364,156.922,4.626,2.296,7.772,
LOWW,11,29,48.1159,16.5545,116.009,5.386,0.623,5.676,
LOWW,16,34,48.1042,16.58475,164.288,5.39,-1.102,3.946,
LOWZ,07,25,47.29156,12.7909,75.829,4.539,1.291,6.74,
LOWZ,07R,25L,47.2903,12.79313,75.645,4.539,1.106,6.554,
LOXA,06,24,47.53562,14.14113,64.158,4.837,-0.679,4.618,
LOXN,18L,36R,47.83782,16.22389,180.384,5.286,-4.902,0.16,
LOXZ,08R,26L,47.20275,14.74425,80.367,4.924,-4.557,0.625,
LP77,15,33,39.4017,-8.28889,146.078,-0.694,-3.228,4.146,
LPAR,04,22,38.88315,-9.02995,32.588,-0.91,-6.502,0.893,2016.9
LPAV,17,35,40.6542,-8.74355,165.373,-0.874,-3.753,3.777,
LPAZ,18,36,36.9714,-25.1706,170.948,-6.535,-2.518,5.586,
LPBG,02,20,41.8578,-6.70712,13.696,-0.294,-6.01,1.438,2020.08
LPBJ,01L,19R,38.0789,-7.9324,5.91,-0.563,-3.527,3.703,
LPBJ,01R,19L,38.07865,-7.92997,5.909,-0.563,-3.529,3.7,
LPBR,07,25,41.587,-8.44519,61.842,-0.819,-7.339,0.253,2011.83
LPCO,16,34,40.1572,-8.47,156.919,-0.771,-2.31,5.149,
LPCS,17,35,38.72506,-9.35519,164.072,-1.008,-4.92,2.49,
LPEV,01,19,38.53355,-7.88964,4.375,-0.556,-5.068,2.195,2026.14
LPFL,18,36,39.45535,-31.1314,167.9,-8.82,-3.28,5.295,
LPFR,10,28,37.01535,-7.97233,100.007,-0.568,0.575,7.723,
LPGR,09,27,39.09215,-28.02985,77.565,-7.668,-4.767,3.687,
LPHR,10,28,38.5199,-28.7158,89.995,-7.891,-2.114,6.277,
LPLA,15,33,38.76445,-27.0935,140.635,-7.306,-2.058,6.325,
LPMA,05,23,32.6979,-16.7744,44.651,-3.494,-1.855,5.565,
LPMR,36,18,39.83125,-8.88726,1.74,-0.89,2.63,10.097,
LPMT,01,19,38.70975,-9.0369,6.511,-0.909,-2.581,4.8,
LPMT,07,25,38.7083,-9.02379,72.522,-0.904,3.426,10.805,
LPOV,18,36,40.9159,-8.64593,176.117,-0.853,-3.03,4.516,
LPPD,12,30,37.74205,-25.69775,111.668,-6.75,-1.582,6.629,
LPPI,09,27,38.55285,-28.4428,82.295,-7.793,0.088,8.478,
LPPM,11,29,37.14935,-8.58395,107.308,-0.751,-1.941,5.271,
LPPR,17,35,41.2479,-8.68122,168.854,-0.878,-0.268,7.313,
LPPS,18,36,33.07345,-16.34995,178.042,-3.334,1.375,8.802,
LPPT,02,20,38.7815,-9.13584,22.718,-0.941,3.659,11.054,
LPSJ,13,31,38.6655,-28.17585,116.863,-7.7,-5.437,2.962,2024.17
LPST,14,32,38.83105,-9.33965,135.495,-1.005,-3.5,3.917,
LPTN,08,26,39.47435,-8.37269,77.413,-0.722,-1.865,5.523,
LPTN,12,30,39.47665,-8.36759,116.947,-0.72,-2.333,5.056,
LPVR,02,20,41.27435,-7.72046,17.67,-0.58,-1.751,5.742,
LPVZ,35,17,40.7255,-7.88903,355.846,-0.611,6.457,13.915,
LQBI,12,30,44.79713,15.90443,120.994,4.884,-3.89,0.913,
LQBK,16,34,44.9414,17.2975,169.392,5.134,4.258,8.905,
LQMO,15,33,43.28295,17.84585,157.826,5.029,2.797,7.249,
LQSA,11,29,43.8246,18.3315,117.38,5.166,2.214,6.651,
LQTZ,09,27,44.45865,18.7248,95.904,5.306,0.599,5.04,
LR80,18,36,44.3923,27.7267,185.123,6.555,-1.432,2.141,
LR82,04,22,45.2164,26.9786,43.461,6.625,-3.164,0.531,
LRAR,09,27,46.17655,21.262,95.444,5.954,-0.511,3.802,
LRBC,16,34,46.5219,26.91015,164.797,6.889,-2.091,1.718,
LRBM,09,27,47.65845,23.4639,99.171,6.58,2.591,6.823,
LRBS,07,25,44.5032,26.10215,73.876,6.371,-2.495,1.221,
LRBV,03,21,45.70625,25.52351,36.284,6.521,-0.238,3.621,
LRCK,18,36,44.3621,28.48845,185.649,6.641,-0.991,2.519,
LRCL,07,25,46.78767,23.68526,71.833,6.45,-4.617,-0.493,
LRCS,11,29,45.4207,22.254,108.781,5.988,-7.207,-3.063,2005.82
LRCT,15,33,46.5023,23.88595,155.966,6.428,-0.462,3.617,
LRCV,08,26,44.31815,23.8885,88.713,6.043,2.67,6.57,
LRIA,14,32,47.18024,27.6209,148.773,7.142,1.631,5.441,
LROP,08L,26R,44.57815,26.10585,83.981,6.386,-2.405,1.316,
LROP,08R,26L,44.56615,26.0985,83.969,6.382,-2.414,1.307,
LRSB,09,27,45.78589,24.08558,91.327,6.327,-5.0,-1.003,
LRSM,01,19,47.70325,22.8857,13.298,6.491,-3.193,1.101,
LRTC,16,34,45.0625,28.7143,167.151,6.816,0.335,3.878,
LRTM,07,25,46.4678,24.4125,73.856,6.503,-2.647,1.379,
LRTR,11,29,45.8098,21.3379,109.744,5.908,-6.164,-1.893,2015.71
LSGC,05,23,47.08395,6.79305,54.416,3.202,1.214,7.473,
LSGE,09,27,46.75528,7.07575,95.01,3.259,1.751,7.934,
LSGG,04,22,46.2381,6.10895,45.481,3.021,2.459,8.724,
LSGK,08,26,46.48656,7.24866,79.265,3.291,-4.026,2.105,
LSGP,04,22,46.40648,6.25816,40.007,3.06,-3.052,3.209,
LSGR,03,21,46.61375,7.67789,38.902,3.393,5.509,11.592,
LSGS,07,25,46.21934,7.32698,72.937,3.301,-0.363,5.728,
LSGS,07G,25G,46.21925,7.32451,72.528,3.3,-0.773,5.319,
LSGT,17,35,46.59415,7.09438,173.614,3.259,0.355,6.519,
LSGY,04,22,46.7619,6.61323,46.735,3.151,3.583,9.832,
LSMA,01,19,46.94284,8.28384,11.79,3.543,-1.753,4.28,
LSMD,11,29,47.39845,8.64822,107.727,3.645,-5.918,0.114,2019.69
LSME,04,22,47.0924,8.30512,37.633,3.554,-5.92,0.126,2019.67
LSMM,10,28,46.74234,8.10891,96.553,3.496,-6.942,-0.906,2012.6
LSMP,05,23,46.8432,6.91507,48.499,3.224,-4.726,1.49,
LSPA,09,27,47.57405,9.04813,93.672,3.744,-0.073,5.923,
LSPD,11,29,47.43913,7.48989,109.94,3.377,-3.437,2.763,
LSPF,07,25,47.6905,8.5271,67.809,3.629,-5.82,0.262,2020.45
LSPG,03,21,46.90743,8.2532,26.506,3.535,-7.029,-0.995,2011.98
LSPH,01,19,47.51479,8.77187,15.088,3.678,1.41,7.438,
LSPL,05R,23L,47.18288,7.74175,52.303,3.427,-1.125,5.011,
LSPM,11,29,46.51236,8.69354,103.766,3.617,-9.851,-3.921,1984.64
LSPV,08,26,47.20485,8.86737,78.734,3.686,-4.952,1.028,
LSTA,10,28,46.30451,7.81916,91.268,3.414,-12.146,-6.115,1961.33
LSTS,14,32,46.49793,7.41159,135.398,3.329,-7.931,-1.823,2004.42
LSZA,01,19,46.00425,8.91057,18.84,3.641,5.199,11.047,
LSZB,14,32,46.91335,7.4981,140.106,3.362,-3.256,2.885,
LSZB,14L,32R,46.91225,7.49784,140.162,3.362,-3.2,2.941,
LSZB,14R,32L,46.91195,7.49722,140.265,3.362,-3.096,3.044,
LSZB,16L,34R,46.91002,7.49723,160.742,3.362,-2.62,3.521,
LSZB,16R,34L,46.9108,7.49581,159.49,3.361,-3.871,2.27,
LSZC,06,24,46.97437,8.39693,64.4,3.57,0.83,6.851,
LSZE,12,30,47.01488,9.48196,119.232,3.814,-4.583,1.29,
LSZF,08,26,47.44368,8.2339,80.34,3.551,-3.211,2.885,
LSZF,08R,26L,47.44338,8.23447,80.346,3.551,-3.205,2.891,
LSZG,06,24,47.18167,7.41732,65.614,3.352,2.262,8.444,
LSZG,06G,24G,47.1802,7.41657,65.617,3.351,2.266,8.447,
LSZG,06R,24L,47.18057,7.41633,65.668,3.351,2.317,8.498,
LSZH,10,28,47.45775,8.55396,95.859,3.626,-7.766,-1.714,2006.08
LSZH,14,32,47.4722,8.5496,137.232,3.625,-6.394,-0.339,2016.63
LSZH,16,34,47.4605,8.54634,154.977,3.624,-8.647,-2.593,1997.92
LSZJ,06,24,47.18341,7.09085,64.031,3.275,0.756,6.984,
LSZK,12,30,47.37643,8.75753,123.317,3.669,-0.352,5.663,
LSZL,08C,26C,46.16055,8.87901,79.119,3.641,-4.522,1.346,
LSZL,08L,26R,46.1653,8.87785,79.108,3.641,-4.534,1.335,
LSZL,08R,26L,46.15933,8.87935,79.086,3.641,-4.555,1.312,
LSZM,01,19,47.0777,9.06448,13.037,3.725,-0.688,5.251,
LSZN,09L,27R,47.23893,8.51559,91.145,3.608,-2.462,3.571,
LSZO,15R,33L,47.18914,8.20407,156.798,3.534,3.263,9.335,
LSZP,04,22,47.08822,7.28903,45.951,3.319,2.632,8.822,
LSZR,10,28,47.4851,9.56028,98.692,3.856,-5.164,0.75,2025.29
LSZR,10L,28R,47.48585,9.56272,98.723,3.857,-5.134,0.78,2025.53
LSZS,03,21,46.53426,9.88397,29.251,3.876,-4.625,1.141,
LSZT,06,24,47.52464,9.00355,63.511,3.732,-0.221,5.776,
LSZV,07,25,47.50899,9.2627,76.979,3.79,3.189,9.147,
LSZW,14,32,46.7563,7.60042,140.418,3.38,-2.962,3.148,
LTAB,06,24,39.9346,32.74,63.879,6.152,-2.273,0.693,
LTAC,03L,21R,40.1301,32.99545,36.245,6.205,0.04,2.995,
LTAC,03R,21L,40.1277,32.99615,36.159,6.205,-0.046,2.909,
LTAD,11L,29R,39.9522,32.6852,113.566,6.152,-2.587,0.384,
LTAE,03,21,40.0789,32.56565,32.785,6.169,-3.383,-0.399,
LTAF,05,23,36.98215,35.2804,53.537,5.723,-2.187,0.497,
LTAG,05,23,37.002,35.42585,52.82,5.73,-2.91,-0.237,
LTAH,13L,31R,38.7259,30.6031,133.556,5.809,-2.253,0.833,
LTAH,13R,31L,38.72695,30.5991,133.668,5.808,-2.14,0.945,
LTAI,18C,36C,36.9003,30.79265,186.185,5.544,0.641,3.672,
LTAI,18L,36R,36.89615,30.8093,186.313,5.544,0.769,3.798,
LTAI,18R,36L,36.90235,30.79055,186.352,5.544,0.808,3.839,
LTAJ,10L,28R,36.94785,37.47945,104.955,5.747,-0.793,1.719,
LTAL,18,36,41.314,33.7959,186.148,6.496,-0.348,2.603,
LTAN,01L,19R,37.97956,32.55963,16.715,5.798,0.917,3.835,
LTAN,01R,19L,37.979,32.56185,16.963,5.798,1.165,4.082,
LTAO,04L,22R,38.35372,38.25377,47.318,6.04,1.278,3.785,
LTAP,05,23,40.82935,35.522,54.45,6.493,-2.042,0.766,
LTAR,01,19,39.81385,36.9035,17.778,6.327,1.451,4.117,
LTAS,18,36,41.5061,32.08865,185.364,6.413,-1.049,2.03,
LTAT,03,21,38.43535,38.091,31.466,6.055,-4.59,-2.068,
LTAU,07,25,38.7704,35.49545,76.273,6.06,0.213,2.936,
LTAV,11,29,39.45145,31.36505,113.255,5.979,-2.723,0.326,
LTAW,06,24,40.32494,36.39027,70.186,6.421,3.765,6.49,
LTAY,05,23,37.78555,29.7013,59.034,5.607,3.427,6.559,
LTAZ,11,29,38.77185,34.53455,117.241,6.025,1.216,4.01,
LTBA,05,23,40.97205,28.8238,58.54,6.04,2.5,5.798,
LTBD,09,27,37.8145,27.88742,97.555,5.482,2.073,5.347,
LTBF,18,36,39.61925,27.92595,182.139,5.743,-3.604,-0.287,
LTBG,18,36,40.3182,27.97775,181.137,5.856,-4.719,-1.381,
LTBH,04,22,40.13535,26.4244,41.296,5.682,-4.386,-0.931,
LTBI,08,26,39.7842,30.5819,89.567,5.981,3.585,6.705,
LTBJ,16L,34R,38.2924,27.15695,166.727,5.488,1.239,4.58,
LTBJ,16R,34L,38.292,27.1549,166.573,5.488,1.085,4.426,
LTBK,17,35,38.3191,27.15935,167.777,5.492,-7.715,-4.373,1987.72
LTBL,17,35,38.51305,27.01005,175.489,5.506,-0.017,3.342,
LTBM,14,32,37.7854,30.5818,147.923,5.662,2.261,5.325,
LTBN,16,34,39.4267,30.0169,158.5,5.881,-7.381,-4.231,1994.49
LTBO,09,27,38.6815,29.4717,90.988,5.724,-4.736,-1.566,
LTBP,08,26,40.6846,29.38025,85.445,6.04,-0.595,2.649,
LTBP,18,36,40.6883,29.376,182.855,6.04,-3.185,0.059,
LTBQ,09,27,40.73505,30.08325,96.186,6.108,0.078,3.271,
LTBR,07L,25R,40.2558,29.56235,74.498,5.982,-1.484,1.729,
LTBR,07R,25L,40.2546,29.56275,74.491,5.982,-1.491,1.722,
LTBS,01,19,36.71315,28.7925,15.185,5.4,-0.214,2.97,
LTBT,14L,32R,38.80935,27.83445,138.81,5.616,-6.806,-3.505,2005.33
LTBT,14R,32L,38.80855,27.83315,138.807,5.616,-6.809,-3.508,2005.3
LTBU,04,22,41.13825,27.91895,49.374,5.983,3.391,6.766,
LTBV,06,24,37.1401,27.6696,65.627,5.376,0.251,3.529,
LTBX,04,22,40.99305,29.2165,44.707,6.079,-1.372,1.897,
LTBX,18,36,40.99295,29.21655,179.654,6.079,-6.424,-3.156,2009.84
LTBY,09,27,39.80995,30.5194,92.774,5.981,-3.207,-0.082,
LTBZ,13,31,39.11146,30.13021,131.163,5.838,-4.675,-1.543,
LTCA,07,25,38.59764,39.28147,76.087,6.106,-0.019,2.426,
LTCB,10,28,40.96685,38.08625,101.794,6.641,-4.847,-2.202,
LTCC,16L,34R,37.8939,40.20105,162.596,5.949,-3.353,-1.006,
LTCC,16R,34L,37.89333,40.19872,162.566,5.949,-3.384,-1.036,
LTCD,10,28,39.711,39.527,110.746,6.372,4.374,6.857,
LTCE,08L,26R,39.9574,41.1702,87.981,6.46,1.521,3.909,
LTCE,08R,26L,39.95565,41.17025,88.148,6.459,1.689,4.077,
LTCF,06,24,40.5621,43.115,64.376,6.648,-2.272,0.034,
LTCG,11,29,40.99505,39.7897,112.041,6.706,-4.665,-2.129,
LTCI,03,21,38.4682,43.3323,37.595,6.066,1.529,3.694,
LTCJ,02,20,37.929,41.1166,25.593,5.953,-0.36,1.924,
LTCK,11,29,38.74775,41.6612,116.181,6.15,0.03,2.32,
LTCL,06,24,37.9789,41.84045,68.346,5.959,2.387,4.624,
LTCM,05,23,42.0185,35.0721,53.475,6.738,-3.263,-0.363,
LTCN,08,26,37.539,36.9534,75.466,5.856,-10.39,-7.818,1913.95
LTCO,16,34,39.65851,43.02483,164.599,6.39,-1.791,0.463,
LTCP,04,22,37.73135,38.46895,49.264,5.91,3.354,5.82,
LTCR,03,21,37.22335,40.63165,37.377,5.796,1.581,3.867,
LTCS,04,22,37.44808,38.89842,41.862,5.853,-3.991,-1.568,
LTCU,11,29,38.86015,40.59446,120.774,6.177,4.597,6.964,
LTCW,11,29,37.54985,44.23771,118.173,5.809,2.365,4.42,
LTFA,17,35,38.51665,26.97605,172.567,5.503,-2.936,0.426,
LTFB,09,27,37.95075,27.32893,88.897,5.456,-6.559,-3.239,2007.9
LTFC,05,23,37.8554,30.3684,49.5,5.659,-6.159,-3.077,2011.14
LTFE,10L,28R,37.25115,27.66535,106.6,5.39,1.21,4.49,
LTFE,10R,28L,37.25015,27.6621,106.752,5.39,1.362,4.643,
LTFG,08,26,36.29916,32.2995,81.465,5.525,-4.06,-1.157,
LTFH,13,31,41.25445,36.5671,133.521,6.644,-3.123,-0.363,
LTFJ,06L,24R,40.89855,29.3092,63.98,6.071,-2.091,1.167,
LTFJ,06R,24L,40.8918,29.32149,64.104,6.071,-1.967,1.29,
LTFK,02,20,40.20795,25.89025,27.683,5.64,2.043,5.545,
LTFM,16L,34R,41.28175,28.70955,179.102,6.083,13.019,16.339,
LTFM,16R,34L,41.28172,28.70708,179.155,6.082,13.073,16.393,
LTFM,17L,35R,41.28037,28.7274,179.156,6.084,3.071,6.39,
LTFM,17R,35L,41.28035,28.7249,179.064,6.084,2.98,6.299,
LTFM,18,36,41.276,28.75645,179.217,6.086,-6.869,-3.553,2005.33
LTFO,06,24,41.17983,40.84892,71.251,6.786,4.465,6.947,
LUBL,15,33,47.8381,27.7815,153.464,7.323,-3.859,0.002,
LUBM,07,25,47.8627,28.2128,70.912,7.396,-6.484,-2.656,2012.3
LUKK,08,26,46.9278,28.93095,88.209,7.273,0.936,4.617,
LUKK,09,27,46.93139,28.93573,97.061,7.275,-0.214,3.468,
LW66,04,22,41.3331,21.44905,40.884,5.289,-4.405,-0.456,
LW67,12,30,42.15405,21.69875,128.232,5.429,2.803,6.774,
LW70,14,32,41.7593,21.8427,138.028,5.394,-7.367,-3.432,2001.46
LW71,14,32,41.82765,21.9869,141.93,5.422,-3.492,0.432,
LW73,16,34,41.79865,22.1104,167.515,5.434,2.081,5.992,
LW74,17L,35R,41.01955,21.42745,169.177,5.247,-6.071,-2.134,2015.18
LW74,17R,35L,41.02355,21.4256,170.453,5.247,-4.794,-0.858,
LW75,12,30,42.0591,21.391,121.213,5.376,-4.163,-0.168,
LWOH,01,19,41.1799,20.7423,17.683,5.181,2.502,6.513,
LXGB,09,27,36.15117,-5.34984,87.526,0.166,-2.64,4.192,
LY-0019,09,27,32.6634,13.148,88.933,3.41,-4.476,-0.013,
LY-0019,18,36,32.66795,13.15875,177.343,3.411,-6.068,-1.606,2014.93
LY87,13,31,44.7743,20.96135,135.218,5.693,-0.475,3.749,
LY89,15,33,44.01825,22.13715,155.466,5.752,-0.286,3.761,
LYBE,12L,30R,44.81843,20.30921,121.923,5.6,-3.677,0.62,
LYBE,12R,30L,44.81665,20.30868,121.912,5.599,-3.687,0.609,
LYBT,12,30,44.93165,20.2554,125.138,5.607,-0.47,3.842,
LYBT,12L,30R,44.941,20.2506,125.337,5.608,-0.271,4.042,
LYKV,13,31,43.81788,20.58636,137.936,5.502,2.435,6.625,
LYLE,18,36,43.0205,21.933,182.524,5.579,-3.055,0.945,
LYNI,11,29,43.33675,21.8554,113.381,5.613,-2.232,1.796,
LYPG,18,36,42.3594,19.25185,184.356,5.125,-0.769,3.465,
LYSM,09,27,45.03745,19.66065,91.852,5.529,-3.677,0.708,
LYTV,14,32,42.40465,18.7233,138.748,5.056,-6.308,-2.014,2014.0
LYUZ,11,29,43.8989,19.69765,107.162,5.382,-8.22,-3.929,1990.74
LYVR,01L,19R,45.1479,21.3088,11.885,5.801,-3.917,0.301,
LYVR,01R,19L,45.1469,21.3099,11.811,5.801,-3.99,0.228,
LYVR,16,34,45.1488,21.3078,160.515,5.801,-5.287,-1.069,2023.27
LZHL,04,22,48.81031,17.13386,46.442,5.593,0.849,5.91,
LZIB,04,22,48.1702,17.21295,43.948,5.523,-1.575,3.403,
LZIB,13,31,48.16575,17.2194,133.994,5.523,-1.529,3.447,
LZKC,07,25,48.93642,21.99428,75.059,6.565,-1.506,3.015,
LZKZ,01,19,48.663,21.24115,13.02,6.373,-3.353,1.217,
LZMC,01,19,48.40202,17.11834,17.489,5.535,1.954,6.969,
LZOC,08L,26R,48.59547,19.26583,79.921,5.985,-6.064,-1.282,2017.54
LZOC,08R,26L,48.59518,19.26596,79.644,5.985,-6.341,-1.558,2015.6
LZPP,01,19,48.62525,17.82845,13.832,5.707,-1.875,3.08,
LZPW,05,23,49.02654,21.30505,54.309,6.451,-2.142,2.463,
LZSL,18,36,48.63808,19.13418,181.951,5.966,-4.015,0.787,
LZTN,03,21,48.8705,18.00775,33.048,5.779,-2.73,2.232,
LZTN,04,22,48.865,17.99225,42.744,5.775,-3.03,1.934,
LZTT,09,27,49.0736,20.24115,93.938,6.254,-2.315,2.412,
LZZI,06,24,49.2315,18.61345,64.526,5.955,-1.429,3.505,
M28,18,36,36.22425,-89.72885,179.505,-2.177,1.682,-3.688,
M38,07,25,34.916,-86.64715,72.573,-4.204,6.777,1.468,2004.18
M57,06,24,44.9533,-70.66305,57.204,-14.606,11.81,14.526,
M74,04,22,35.2984,-91.5583,45.061,-0.864,5.926,0.494,2014.87
M74,09,27,35.30035,-91.55715,94.645,-0.865,5.51,0.078,2019.63
M86,09,27,42.471,-86.12565,89.998,-5.34,5.338,1.201,2013.61
MA-0011,11,29,30.26625,-5.86259,106.145,-0.177,-3.678,2.827,
MBGT,11,29,21.44455,-71.14235,104.235,-11.743,5.978,0.979,2012.2
MBNC,08,26,21.9175,-71.93955,69.87,-11.407,1.277,-3.812,
MBPV,10,28,21.77376,-72.26867,93.001,-11.242,4.243,-0.952,
MBSC,11,29,21.51584,-71.52908,97.941,-11.57,-0.489,-5.565,
MD1,02,20,39.29935,-75.7994,14.311,-11.395,5.706,3.928,1987.07
MD31,13,31,39.5794,-76.37405,119.381,-11.146,0.527,-1.374,
MD99,14,32,39.50065,-79.07225,130.583,-9.643,0.226,-2.65,
MDAB,11,29,19.1986,-69.42975,99.849,-12.386,2.235,-2.827,
MDBH,12,30,18.25145,-71.1204,117.434,-11.555,8.989,3.343,1986.58
MDCR,11,29,17.92895,-71.6448,109.331,-11.276,10.608,4.797,1977.23
MDJB,01,19,18.5725,-69.9856,6.617,-12.108,8.725,3.394,1986.48
MDPC,08,26,18.5742,-68.36895,73.876,-12.819,6.695,1.767,2001.34
MDPC,09,27,18.56735,-68.36345,84.881,-12.821,7.702,2.774,1991.61
MDPP,08,26,19.7579,-70.57005,72.865,-11.903,4.767,-0.452,
MDSD,17,35,18.4297,-69.66895,160.678,-12.245,2.923,-2.364,
MDSD,18,36,18.42864,-69.67052,160.678,-12.244,-7.077,-12.365,
MDSI,03,21,18.5037,-69.7617,26.007,-12.207,8.214,2.921,1989.94
MDST,11,29,19.4061,-70.6047,103.125,-11.867,4.992,-0.309,
ME2,09,27,44.67985,-67.26425,67.504,-15.502,-6.994,-2.967,2009.54
ME5,10,28,44.1654,-68.42815,78.614,-15.106,-6.28,-2.979,2014.76
ME64,17,35,43.3751,-70.9292,153.836,-14.178,-1.986,-0.125,
MG13,09,27,15.8042,-89.8507,89.998,-0.392,0.391,-5.191,
MGBN,09,27,15.47345,-88.83725,102.417,-0.923,13.34,7.588,
MGCB,03,21,15.469,-90.40675,31.38,-0.043,1.423,-4.048,
MGGT,02,20,14.58325,-90.52745,17.46,0.133,-2.672,-8.093,
MGPB,12,30,15.73085,-88.58375,127.707,-1.101,8.808,3.008,1993.99
MGRB,08,26,15.992,-90.4453,88.233,-0.085,8.318,2.839,1997.54
MGRT,04,22,14.521,-91.69725,49.702,0.764,8.937,3.746,1990.34
MGSJ,15,33,13.9362,-90.83585,156.998,0.381,6.617,1.278,2012.94
MGTK,11,29,16.91385,-89.86635,110.959,-0.517,1.476,-4.129,
MHLC,07,25,15.7425,-86.85305,67.084,-2.114,-0.802,-6.88,
MHLM,04,22,15.45195,-87.92415,40.336,-1.446,1.782,-4.124,
MHNC,05,23,13.31941,-87.14952,47.994,-1.606,-0.4,-6.412,
MHNJ,12,30,16.44535,-85.9066,115.093,-2.774,-2.133,-8.344,
MHRO,07,25,16.31685,-86.52295,65.257,-2.387,-2.356,-8.483,
MHSC,17,35,14.38238,-87.62116,169.632,-1.479,1.111,-4.833,
MHTE,06,24,15.77585,-87.4758,57.665,-1.751,-0.584,-6.566,
MHTG,02,20,14.06085,-87.2172,18.973,-1.671,0.644,-5.365,
MHTJ,06,24,15.92685,-85.93825,60.818,-2.686,3.504,-2.706,
MI00,12,30,46.0522,-87.2582,116.982,-4.97,1.952,-1.743,
MI56,7,25,43.07571,-85.26854,67.624,-6.048,3.672,-0.121,
MK-0019,17,35,41.1507,21.4084,173.829,5.261,-1.433,2.512,
MK-0020,01,19,41.4293,21.40245,14.618,5.296,-0.678,3.281,
MK-0021,14,32,41.51715,22.08715,143.046,5.393,-2.347,1.551,
MK-0022,01,19,41.9124,21.9554,10.577,5.429,-4.852,-0.921,
MKJP,12,30,17.9357,-76.7876,111.988,-8.487,0.476,-6.007,
MKJS,07,25,18.5037,-77.91335,65.398,-7.894,3.292,-3.194,
MKKJ,09,27,18.19885,-76.53465,86.974,-8.662,5.635,-0.797,2020.91
MKTP,14,32,17.98855,-76.82375,130.865,-8.472,-0.663,-7.141,
ML-0001,09,27,13.2556,-10.50435,87.472,-3.569,1.041,7.705,
MM10,15,33,28.03755,-115.189,171.924,9.613,12.311,9.696,
MM11,06,24,24.41815,-104.885,68.301,6.188,2.113,-1.349,
MM12,01,19,25.8157,-107.908,16.811,7.329,-0.518,-3.685,
MM13,13,31,27.59885,-105.104,140.347,6.474,3.873,0.182,
MM16,03,21,25.52645,-103.5175,37.993,5.721,2.271,-1.478,
MM17,17,35,23.9663,-98.83475,179.378,3.649,5.729,1.358,2018.61
MM20,12,30,18.8742,-96.9582,125.847,2.949,2.898,-1.5,
MM22,16,34,23.80215,-97.77375,168.339,3.141,5.198,0.663,2024.27
MM23,07,25,29.7259,-114.6995,72.646,9.77,-7.124,-9.973,
MM25,15,33,19.70855,-103.4905,159.852,5.541,4.311,0.989,
MM29,10,28,16.46345,-98.39295,105.326,3.716,1.611,-2.376,
MM30,05,23,24.6585,-107.5525,58.334,7.114,1.22,-1.894,
MM31,07,25,20.94685,-97.37505,80.593,3.039,7.553,3.112,2002.26
MM32,01,19,29.9296,-112.6565,25.553,9.266,6.287,3.236,2011.49
MM35,15,33,18.32603,-100.63154,149.001,4.519,-5.518,-9.221,
MM36,11,29,26.6785,-100.1705,115.4,4.293,1.107,-3.225,
MM37,10,28,25.5062,-102.2025,109.778,5.178,4.601,0.657,
MM39,02,20,25.43875,-108.092,35.299,7.353,7.946,4.835,1978.46
MM41,10,28,16.91025,-99.9887,109.871,4.324,5.547,1.824,2020.11
MM42,13,31,27.8563,-101.5255,132.005,4.961,-2.956,-7.168,
MM44,02,20,26.3044,-99.5502,28.779,3.991,4.788,0.387,
MM47,09,27,19.85145,-101.752,96.41,4.918,1.492,-2.124,
MM48,05,23,17.88015,-92.47565,55.936,0.806,5.13,-0.044,2025.24
MM50,13,31,24.42055,-106.702,139.237,6.819,2.418,-0.79,
MM51,13,31,26.63555,-100.8895,135.757,4.629,1.128,-3.093,
MM52,09,27,25.65225,-108.538,92.207,7.514,-5.306,-8.379,
MM53,16,34,24.06145,-98.4156,169.519,3.448,6.071,1.626,2015.52
MM54,14,32,23.73815,-98.06125,142.196,3.282,-1.086,-5.571,
MM56,01,19,22.9539,-98.9596,19.823,3.72,6.103,1.814,2015.19
MM63,06,24,19.7453,-104.3365,69.889,5.824,4.065,0.873,
MM64,08,26,26.99045,-102.033,82.059,5.158,-3.099,-7.175,
MM65,16,34,31.25235,-109.6085,176.361,8.501,7.859,4.356,1988.95
MM66,05,23,18.6846,-103.6755,53.354,5.595,-2.241,-5.46,
MM67,03,21,23.6766,-100.623,37.124,4.462,2.662,-1.401,
MM68,07,25,28.038,-103.769,80.394,5.961,4.433,0.523,
MM68,09,27,28.0366,-103.7715,105.262,5.962,9.3,5.39,1971.26
MM69,03,21,30.67445,-110.9315,36.001,8.86,-2.859,-6.162,
MM72,12,30,21.1557,-88.1729,120.3,-1.983,2.283,-3.62,
MM73,17,35,18.52735,-100.8505,176.289,4.598,1.692,-1.987,
MM75,11,29,31.2429,-109.6255,125.924,8.506,7.418,3.918,2000.68
MM79,14,32,26.3982,-108.6115,147.786,7.611,0.175,-2.956,
MM80,15,33,30.48095,-109.644,162.128,8.416,3.712,0.298,
MM81,18,36,18.77415,-110.9305,194.682,7.533,7.149,4.926,1977.73
MM82,03,21,27.0237,-103.3755,35.724,5.738,-0.013,-3.898,
MM84,09,27,26.9221,-105.7825,102.582,6.683,5.899,2.357,2016.36
MMAA,06,24,16.7566,-99.75505,67.028,4.241,2.787,-0.968,
MMAA,10,28,16.75535,-99.7485,108.175,4.239,3.936,0.18,
MMAL,02,20,26.33395,-99.54245,30.012,3.987,6.025,1.62,2015.77
MMAN,02,20,25.8637,-100.2385,32.874,4.312,8.562,4.294,1985.74
MMAN,11,29,25.8679,-100.2415,122.169,4.313,7.856,3.587,1998.09
MMAS,18,36,21.70105,-102.318,183.944,5.138,-1.194,-4.847,
MMBT,07,25,15.7753,-96.2626,79.153,2.853,6.3,1.948,2014.12
MMCB,03,21,18.8348,-99.2613,31.338,3.957,-2.619,-6.597,
MMCC,13,31,29.33395,-101.101,132.139,4.816,-2.678,-7.054,
MMCE,13,31,18.6519,-91.79945,139.753,0.365,9.388,4.067,1985.91
MMCG,04,22,30.4015,-107.873,58.393,7.784,10.609,7.006,
MMCG,13,31,30.39745,-107.875,149.138,7.784,11.354,7.752,
MMCH,15,33,17.57375,-99.51435,156.534,4.11,2.424,-1.427,
MMCL,03,21,24.76485,-107.4753,33.111,7.098,-3.986,-7.119,
MMCM,10,28,18.50465,-88.3268,107.894,-1.592,9.486,3.611,1988.24
MMCN,13,31,27.3926,-109.833,136.769,8.1,-1.332,-4.41,
MMCP,16,34,19.8168,-90.5003,165.994,-0.477,6.471,0.905,2013.43
MMCS,03,21,31.63785,-106.427,38.87,7.355,1.515,-2.38,
MMCS,14,32,31.63595,-106.4285,157.567,7.355,10.212,6.318,1948.27
MMCT,10,28,20.64125,-88.4462,100.259,-1.763,2.022,-3.847,
MMCU,05,23,28.6995,-105.9675,54.796,6.898,-2.102,-5.775,
MMCU,18L,36R,28.7031,-105.9635,190.862,6.897,3.965,0.292,
MMCU,18R,36L,28.70265,-105.9655,191.705,6.898,4.807,1.134,
MMCV,15,33,23.70335,-98.9565,156.602,3.709,2.893,-1.443,
MMCY,08,26,20.54595,-100.8865,94.784,4.577,10.207,6.398,1948.45
MMCZ,12,30,20.5148,-86.9283,115.674,-2.662,-1.664,-7.713,
MMDO,03,21,24.1242,-104.528,38.731,6.042,2.689,-0.803,
MMES,11,29,31.7953,-116.6025,123.68,10.574,3.107,0.132,
MMGL,11L,29R,20.52451,-103.31117,114.017,5.489,-1.471,-4.881,
MMGL,11R,29L,20.52143,-103.31018,114.022,5.488,-1.466,-4.876,
MMGM,02,20,27.969,-110.925,30.071,8.498,1.573,-1.441,
MMGR,12,30,28.02605,-114.024,133.977,9.337,4.64,1.926,
MMHC,13,31,18.49715,-97.4199,142.744,3.18,9.564,5.273,1972.28
MMHO,05,23,29.0934,-111.0525,59.646,8.683,0.963,-2.154,
MMIA,07,25,19.277,-103.5775,73.776,5.567,-1.791,-5.067,
MMIM,15,33,21.24505,-86.73995,153.59,-2.86,6.45,0.391,2013.53
MMIO,17,35,25.5384,-100.9285,181.982,4.622,7.36,3.22,2003.26
MMIT,17,35,16.44935,-95.0937,180.0,2.257,7.743,3.127,2001.1
MMJA,08,26,19.4751,-96.7975,86.277,2.841,3.436,-1.025,
MMJC,04,22,19.57485,-99.28885,47.424,3.943,3.482,-0.539,
MMLC,01,19,18.0017,-102.2205,21.087,5.107,5.98,2.572,2015.78
MMLM,09,27,25.68515,-109.0805,100.209,7.684,2.525,-0.484,
MMLO,13,31,20.99345,-101.481,134.179,4.81,-0.63,-4.37,
MMLP,18,36,24.0727,-110.3625,187.007,7.881,-0.874,-3.588,
MMLT,16,34,25.9892,-111.3485,172.206,8.366,3.84,1.065,
MMMA,15,33,25.7699,-97.5253,156.32,2.982,3.338,-1.343,
MMMD,10,28,20.9338,-89.64545,105.228,-1.085,6.313,0.602,2014.6
MMMD,18,36,20.93025,-89.6578,181.022,-1.077,2.099,-3.61,
MMML,10,28,32.63065,-115.2425,117.687,10.391,7.296,4.114,2000.37
MMMM,05,23,19.84995,-101.0255,55.28,4.64,0.64,-3.098,
MMMT,01,19,18.10345,-94.58065,17.873,1.867,6.006,1.209,2016.87
MMMV,06L,24R,26.95745,-101.469,72.726,4.903,7.823,3.665,1998.07
MMMV,06R,24L,26.954,-101.471,72.648,4.904,7.743,3.587,1999.14
MMMX,05L,23R,19.43665,-99.07435,59.428,3.857,5.571,1.521,2020.01
MMMX,05R,23L,19.43595,-99.06985,59.389,3.855,5.534,1.483,2020.44
MMMY,12,30,25.77705,-100.104,120.92,4.248,-3.328,-7.611,
MMMY,16,34,25.78025,-100.1075,163.922,4.249,-0.327,-4.61,
MMMZ,09,27,23.16135,-106.265,93.092,6.591,-3.498,-6.665,
MMNG,16,34,31.2261,-110.977,173.872,8.95,4.922,1.56,
MMNL,14,32,27.4438,-99.57045,150.785,4.015,6.77,2.301,2009.03
MMOX,01,19,16.99875,-96.72595,15.89,2.966,2.925,-1.409,
MMPA,08,26,20.60265,-97.46085,88.944,3.094,5.849,1.443,2017.73
MMPB,17,35,19.15815,-98.37145,178.171,3.566,4.605,0.447,
MMPC,03,21,20.07745,-98.78245,34.084,3.709,0.375,-3.767,
MMPG,12,30,28.6274,-100.5355,126.253,4.516,1.737,-2.67,
MMPN,02,20,19.3967,-102.039,31.474,5.027,6.447,2.911,2011.34
MMPP,11,29,23.8034,-109.707,124.206,7.676,6.53,3.762,2008.66
MMPQ,10,28,17.53305,-92.01554,105.098,0.596,4.503,-0.742,
MMPR,04,22,20.68005,-105.254,47.307,6.145,1.162,-1.959,
MMPS,09,27,15.8769,-97.0891,92.737,3.208,-0.471,-4.669,
MMQT,09,27,20.61725,-100.1855,100.744,4.291,6.453,2.52,2011.78
MMRX,13,31,26.00895,-98.2285,140.823,3.338,7.485,2.899,2002.9
MMSD,16,34,23.15185,-109.721,172.175,7.617,4.558,1.846,
MMSF,13,31,30.9302,-114.809,140.338,9.995,0.344,-2.645,
MMSL,11,29,22.94833,-109.93833,119.232,7.655,1.576,-1.093,
MMSM,04C,22C,19.74184,-99.00687,49.165,3.818,5.347,1.266,2022.54
MMSM,04L,22R,19.74737,-99.02346,49.16,3.825,5.335,1.257,2022.67
MMSM,04R,22L,19.73616,-99.00799,49.169,3.818,5.351,1.27,2022.5
MMSP,04,22,22.25545,-100.9295,46.873,4.587,2.286,-1.632,
MMSP,14,32,22.26195,-100.9355,149.067,4.589,4.478,0.561,
MMTA,01,19,19.53795,-98.1735,17.618,3.463,4.155,-0.062,
MMTB,17,35,16.73995,-93.17325,179.158,1.283,7.875,2.877,2000.72
MMTC,08,26,25.56821,-103.40463,90.788,5.678,5.11,1.341,2025.16
MMTC,13,31,25.5631,-103.40511,135.754,5.678,0.076,-3.692,
MMTG,15,33,16.5618,-93.02605,148.274,1.225,-2.951,-7.97,
MMTJ,09,27,32.54105,-116.9705,98.86,10.791,-1.93,-4.987,
MMTM,09,27,22.3016,-97.86745,99.551,3.224,6.327,1.893,2013.37
MMTM,14,32,22.2926,-97.867,144.897,3.224,1.673,-2.76,
MMTM,18,36,22.29515,-97.86335,190.191,3.222,6.969,2.535,2007.69
MMTN,16,34,22.0383,-98.8065,175.09,3.666,11.424,7.165,
MMTO,15,33,19.33705,-99.566,156.742,4.066,2.676,-1.281,
MMTP,05,23,14.79435,-92.37005,55.324,1.081,4.243,-0.827,
MMUN,12L,30R,21.04768,-86.87017,123.715,-2.758,6.474,0.425,2013.39
MMUN,12R,30L,21.03655,-86.87695,123.554,-2.753,6.307,0.259,2014.74
MMVA,08,26,17.997,-92.81735,86.563,0.975,5.588,0.472,2020.73
MMVR,19,01,19.1388,-96.1885,191.044,2.573,-1.529,-6.083,
MMZC,02,20,22.8971,-102.687,28.386,5.301,3.084,-0.596,
MMZH,09,27,17.60162,-101.46055,91.538,4.846,-3.308,-6.818,
MMZM,18,36,20.0456,-102.276,188.025,5.112,2.913,-0.63,
MMZO,10,28,19.14475,-104.559,106.134,5.885,0.25,-2.864,
MMZP,08L,26R,20.76115,-103.467,93.546,5.547,7.999,4.597,1984.71
MMZP,08R,26L,20.75065,-103.463,93.04,5.546,7.494,4.093,1999.4
MN19,15,33,45.04735,-93.83635,152.225,0.33,1.895,-3.348,
MN44,11,29,45.93635,-95.52615,109.515,1.593,-2.078,-7.532,
MN47,09,27,45.55155,-93.4608,73.248,0.006,-16.759,-21.932,
MN87,18,36,45.2436,-93.22165,184.113,-0.161,4.273,-0.876,
MN99,09,27,44.91555,-94.0889,95.151,0.532,4.619,-0.66,
MNBL,05,23,11.99095,-83.7741,57.195,-3.448,10.643,4.091,1983.26
MNBR,09,27,12.19005,-86.35385,98.836,-1.912,10.748,4.608,1979.59
MNCE,03,21,11.42755,-86.0334,34.916,-1.99,6.905,0.714,2012.16
MNCI,03,21,12.17476,-83.05935,29.506,-3.918,3.424,-3.223,
MNFC,09,27,12.35335,-86.18295,106.058,-2.038,18.096,11.925,
MNLN,09,27,12.42805,-86.90235,89.319,-1.623,0.942,-5.104,
MNMG,10,28,12.14145,-86.16815,96.498,-2.015,-1.487,-7.659,
MNMR,05,23,11.80515,-86.51135,51.171,-1.762,2.933,-3.176,
MNPC,09,27,14.0461,-83.3867,91.026,-3.982,5.007,-1.556,2026.57
MO2,06,24,37.1752,-93.12905,59.714,0.137,-0.423,-5.796,
MO23,18,36,38.63335,-92.5335,178.745,-0.332,-0.923,-6.259,
MO5,02,20,37.0094,-91.0069,27.774,-1.33,9.104,3.74,1984.95
MO56,11,29,36.5142,-92.6402,109.867,-0.176,0.043,-5.346,
MO61,1,19,36.56183,-93.63923,17.397,0.503,6.894,1.523,2006.27
MO64,12,30,36.60975,-93.4439,131.453,0.37,11.083,5.709,1970.65
MO84,09,27,37.71655,-91.1332,87.986,-1.279,-0.735,-6.068,
MP01,18,36,8.355,-82.83635,179.34,-3.486,2.826,-3.921,
MP02,13,31,9.54333,-82.73375,129.117,-3.732,2.85,-3.895,
MP03,05,23,8.33839,-82.5035,48.835,-3.695,2.53,-4.271,
MP17,10,28,9.43111,-82.4974,96.307,-3.865,0.172,-6.61,
MP18,18,36,8.50383,-80.36035,181.838,-5.097,6.935,-0.16,2013.39
MP21,12,30,8.77039,-82.66435,121.1,-3.659,4.759,-2.01,
MP22,01,19,8.19522,-80.6587,15.649,-4.859,10.508,3.439,1987.12
MP23,18,36,9.16629,-79.5451,178.955,-5.718,4.673,-2.481,
MP24,18,36,8.58846,-79.88975,183.694,-5.414,9.108,1.963,1996.16
MP26,07,25,8.22485,-78.90435,77.433,-6.005,13.437,6.174,1967.02
MP27,06,24,9.51614,-82.59545,65.711,-3.816,9.527,2.761,1992.42
MPBO,08,26,9.34085,-82.25085,86.843,-4.007,10.85,4.031,1983.43
MPCE,01,19,7.98783,-80.40975,11.622,-4.99,6.612,-0.496,2015.78
MPCH,03,21,9.4588,-82.51515,31.772,-3.858,5.63,-1.149,2022.21
MPDA,04,22,8.38918,-82.43644,38.007,-3.745,1.752,-5.058,
MPEJ,18,36,9.36056,-79.86736,181.935,-5.537,7.472,0.359,2009.26
MPHO,18,36,8.91479,-79.5996,180.0,-5.648,5.648,-1.513,2022.33
MPMG,01,19,8.97334,-79.5556,4.904,-5.684,0.588,-6.575,
MPNU,16,34,7.85737,-80.2761,160.393,-5.058,5.451,-1.679,2023.7
MPSA,17,35,8.0856,-80.94525,175.277,-4.657,9.934,2.899,1990.83
MPSM,17,35,8.38006,-80.12962,164.197,-5.229,-0.574,-7.701,
MPTO,03L,21R,9.08321,-79.38105,30.807,-5.812,6.62,-0.555,2015.55
MPTO,03R,21L,9.05957,-79.38585,29.585,-5.806,5.391,-1.784,2024.06
MPZL,08,26,9.42709,-82.56265,83.407,-3.823,7.23,0.457,2010.81
MR-0013,05,23,18.0978,-15.94805,38.025,-4.624,-7.352,-0.373,2010.71
MRAO,02,20,10.41775,-83.59995,19.511,-3.322,2.833,-3.767,
MRBA,01,19,9.16326,-83.3303,9.374,-3.299,2.673,-3.984,
MRBC,16,34,10.76875,-83.5856,164.723,-3.384,8.107,1.51,2002.98
MRCC,18,36,8.60156,-82.9686,180.0,-3.44,3.44,-3.282,
MRCH,09,27,9.98141,-84.7727,96.431,-2.532,8.962,2.553,1995.13
MRCV,04,22,10.3557,-85.8529,40.341,-1.935,2.276,-3.941,
MRDC,09,27,10.3515,-83.6305,91.309,-3.293,4.602,-1.993,
MREC,08,26,10.20205,-83.4722,79.432,-3.369,2.801,-3.821,
MRFI,03,21,8.91635,-83.50725,32.848,-3.15,5.998,-0.632,2019.51
MRGF,13,31,8.65401,-83.1822,135.194,-3.314,8.507,1.82,1999.83
MRGP,03,21,10.2172,-83.797,35.955,-3.169,9.124,2.553,1994.4
MRLB,07,25,10.5933,-85.5444,70.362,-2.157,2.519,-3.755,
MRLC,06,24,11.0353,-84.7061,60.074,-2.733,2.807,-3.611,
MRLM,14,32,9.95796,-83.022,146.514,-3.614,10.127,3.433,1988.08
MROC,07,25,9.99393,-84.2089,69.083,-2.88,1.963,-4.542,
MRPD,08,26,9.73217,-82.9832,82.974,-3.604,6.578,-0.125,2015.35
MRPM,04,22,8.95103,-83.46855,32.827,-3.18,-3.993,-10.63,
MRPV,10,28,9.95706,-84.13975,95.057,-2.917,-2.026,-8.543,
MRQP,04,22,9.44317,-84.12975,40.524,-2.844,3.369,-3.153,
MRSG,01,19,10.2883,-83.7135,6.276,-3.232,-0.492,-7.075,
MRSV,08,26,8.82611,-82.9589,81.428,-3.481,4.909,-1.812,
MRUP,05,23,10.8922,-85.01615,44.231,-2.522,-3.246,-9.613,
MS10,03,21,33.1452,-90.51525,31.485,-1.458,2.943,-2.577,
MS57,06,24,31.22015,-91.24035,60.105,-0.878,0.983,-4.553,
MSET,15,33,13.1626,-87.90475,156.769,-1.145,7.914,2.038,2002.95
MSLD,01,19,13.72615,-88.1067,11.187,-1.108,2.294,-3.555,
MSLP,07,25,13.44095,-89.0557,70.005,-0.529,0.534,-5.134,
MSSS,15,33,13.6995,-89.1199,153.462,-0.529,3.991,-1.672,
MT08,13,31,47.908,-108.4745,144.243,10.223,4.02,-2.492,
MT15,10,28,46.62655,-112.112,121.163,11.717,9.446,3.295,1992.0
MTCA,08,26,18.2711,-73.78825,74.875,-10.194,5.069,-1.044,2025.99
MTCH,05,23,19.72725,-72.19952,39.42,-11.126,0.546,-5.035,
MTF,06,24,64.8068,-147.7625,86.277,14.803,11.474,-2.452,2009.09
MTJA,01,19,18.2411,-72.5185,5.925,-10.857,6.782,0.868,2006.93
MTPP,10,28,18.58005,-72.29255,86.86,-10.996,-2.143,-7.956,
MU-0001,15,33,-10.37152,56.60889,144.863,-8.793,3.656,3.162,
MU-0004,15,33,-10.3717,56.60314,145.137,-8.793,3.93,3.436,
MU73,9,27,36.9264,-93.2894,89.999,0.255,-0.256,-5.631,
MUBA,16,34,20.36535,-74.5062,155.2,-9.998,5.198,-0.683,2024.56
MUBR,09,27,22.62125,-79.14715,87.53,-7.64,5.17,-0.935,2024.81
MUBY,07,25,20.39645,-76.6215,67.959,-8.845,6.803,0.648,2008.18
MUCA,07,25,22.02705,-78.78965,64.092,-7.781,1.873,-4.273,
MUCC,08,26,22.4609,-78.3286,71.062,-8.097,-0.841,-6.896,
MUCF,02,20,22.14985,-80.4143,15.924,-6.835,2.759,-3.468,
MUCL,12,30,21.61645,-81.546,115.903,-6.09,1.992,-4.306,
MUCM,07,25,21.42035,-77.8474,68.609,-8.259,6.867,0.725,2007.51
MUCU,10,28,19.9698,-75.8356,89.361,-9.239,-1.399,-7.525,
MUCU,19,01,19.97485,-75.83545,179.541,-9.24,-1.219,-7.344,
MUFL,08,26,21.4997,-78.20275,77.052,-8.063,5.115,-1.048,2025.45
MUGM,10,28,19.90645,-75.20705,91.295,-9.578,0.873,-5.182,
MUGT,17,35,20.0853,-75.1584,165.641,-9.622,5.263,-0.759,2023.97
MUHA,06,24,22.98915,-82.40905,54.272,-5.725,-0.003,-6.2,
MUHG,05,23,20.78555,-76.3151,46.056,-9.057,5.113,-0.954,2025.48
MUKW,06,24,23.124,-81.3016,61.219,-6.415,7.633,1.466,2000.89
MULB,08,26,23.09395,-82.4381,82.298,-5.719,8.017,1.828,1998.27
MULM,07,25,22.3361,-83.6421,71.648,-4.891,6.539,0.315,2012.2
MUMG,10,28,22.96995,-82.27475,93.34,-5.805,-0.855,-7.053,
MUMO,07,25,20.654,-74.92225,63.072,-9.803,2.875,-3.023,
MUMZ,08,26,20.28815,-77.08925,74.2,-8.568,2.769,-3.447,
MUNB,06,24,22.75615,-81.92095,55.833,-5.996,1.829,-4.383,
MUNG,05,23,21.8347,-82.7838,48.244,-5.36,3.603,-2.671,
MUNG,17,35,21.83445,-82.77915,171.588,-5.363,6.951,0.676,2008.69
MUPB,02,20,23.03265,-82.5793,21.94,-5.626,7.566,1.372,2002.34
MUSA,01,19,22.8689,-82.5094,3.932,-5.65,-0.418,-6.625,
MUSA,05,23,22.86095,-82.5249,54.029,-5.639,9.669,3.462,1986.61
MUSA,12,30,22.87445,-82.517,114.516,-5.646,0.161,-6.045,
MUSC,08,26,22.4922,-79.9436,75.953,-7.156,3.108,-3.062,
MUSL,07,25,21.50945,-77.02035,71.727,-8.738,10.465,4.418,1979.63
MUSN,05,23,21.64255,-82.9551,50.093,-5.232,5.325,-0.958,2023.46
MUSS,03,21,21.9704,-79.4427,26.503,-7.392,3.895,-2.303,
MUTD,06,24,21.78845,-79.9972,53.44,-7.042,0.482,-5.762,
MUVR,06,24,23.03445,-81.4353,55.549,-6.323,1.872,-4.307,
MUVT,05,23,20.98765,-76.9358,44.859,-8.73,3.59,-2.519,
MWCB,09,27,19.68695,-79.88275,84.764,-6.862,1.626,-4.811,
MWCR,08,26,19.29275,-81.35775,75.894,-5.922,1.816,-4.653,
MX-0070,03,21,19.2525,-97.67755,37.294,3.255,4.038,-0.251,
MX-0126,04,22,14.8225,-92.33315,46.096,1.059,5.037,-0.042,2026.24
MX-0226,09,27,21.91729,-99.93919,99.061,4.169,4.892,0.832,
MX-0955,16,34,22.26474,-104.48666,154.629,5.946,-11.317,-14.673,
MX-2509,03,21,31.3492,-113.523,47.024,9.724,7.3,4.155,2000.38
MX-2509,11,29,31.3561,-113.5255,122.103,9.726,2.377,-0.769,
MX-2510,11,29,16.69025,-92.5301,111.869,0.955,0.913,-4.204,
MX-2511,16,34,21.96295,-100.0075,174.15,4.198,9.952,5.901,1963.45
MX-2512,15,33,25.736,-100.226,157.635,4.304,3.331,-0.931,
MX-2513,18,36,21.98405,-98.96195,182.119,3.737,-1.618,-5.847,
MX-2514,01,19,19.874,-98.9436,21.949,3.786,8.163,4.063,1992.16
MX-2515,10,28,26.52115,-99.1486,96.988,3.797,-6.808,-11.284,
MX-2516,04,22,20.48595,-99.2588,48.823,3.903,4.919,0.835,
MX-2517,01,19,28.2131,-105.4475,16.44,6.656,-0.216,-3.913,
MY02,6,24,44.6323,-93.5405,61.425,0.125,1.3,-3.917,
MY55,13,31,46.41955,-94.27485,130.96,0.593,0.367,-4.909,
MYAB,09,27,24.28765,-77.68465,82.904,-8.661,1.565,-4.167,
MYAF,09,27,24.6979,-77.79565,89.997,-8.643,8.64,2.954,1989.74
MYAK,10,28,24.159,-77.5913,101.069,-8.7,9.769,4.03,1982.23
MYAN,12,30,25.05385,-78.04895,111.656,-8.539,0.195,-5.474,
MYAP,13,31,22.4418,-73.97085,126.541,-10.461,7.002,1.577,2000.64
MYAS,10,28,26.00465,-77.3955,98.787,-9.004,7.791,2.369,1993.89
MYAT,14,32,26.7453,-77.39125,133.112,-9.084,2.196,-3.1,
MYAX,14,32,26.9503,-77.5438,127.392,-9.022,-3.587,-8.875,
MYBC,11,29,25.4171,-77.88085,105.083,-8.672,3.755,-1.835,
MYBG,13,31,25.7383,-77.8401,122.899,-8.729,1.628,-3.906,
MYBS,09,27,25.69998,-79.26514,90.033,-7.913,7.947,2.218,1994.74
MYCA,12,30,24.6294,-75.6738,111.337,-9.789,1.126,-4.229,
MYCB,09,27,24.3153,-75.45235,85.919,-9.874,5.792,0.423,2015.67
MYCI,09,27,22.74555,-74.18235,86.369,-10.381,6.75,1.34,2003.62
MYEF,12,30,23.56245,-75.8776,117.428,-9.575,7.003,1.428,2001.83
MYEH,07,25,25.4756,-76.68135,67.986,-9.338,7.324,1.935,1997.4
MYEM,15,33,25.2847,-76.331,144.731,-9.506,4.237,-1.123,
MYER,09,27,24.8917,-76.17775,87.683,-9.548,7.231,1.831,1998.27
MYES,17,35,24.1691,-76.43905,163.986,-9.335,3.321,-2.246,
MYEY,10,28,23.39775,-75.49817,107.076,-9.761,16.836,11.299,
MYGF,06,24,26.55865,-78.69555,60.999,-8.334,9.333,3.8,1983.86
MYIG,09,27,20.975,-73.66685,94.747,-10.489,15.236,9.602,1916.48
MYLD,09,27,23.17905,-75.0936,91.544,-9.952,11.495,5.991,1968.87
MYLS,13,31,23.58145,-75.27045,123.773,-9.898,3.671,-1.795,
MYMM,06,24,22.3795,-73.0135,56.209,-10.93,7.139,1.9,1998.03
MYNN,10,28,25.036,-77.46945,89.493,-8.861,-1.646,-7.235,
MYNN,14,32,25.04115,-77.4638,134.729,-8.865,3.594,-1.993,
MYRD,13,31,22.18185,-75.72945,129.571,-9.518,9.089,3.312,1986.96
MYRP,09,27,23.6844,-74.8362,89.997,-10.133,10.13,4.764,1977.5
MYSM,10,28,24.0633,-74.52395,95.205,-10.327,5.532,0.3,2019.19
MZBZ,07,25,17.53989,-88.30458,77.049,-1.49,8.538,2.668,1996.28
N07,01,19,40.9476,-74.3145,355.658,-12.368,-1.974,-2.576,
N10,09,27,40.20405,-75.43025,76.189,-11.718,-2.093,-3.418,
N43,18,36,40.7422,-75.24295,166.084,-11.897,-2.02,-3.076,
N85,08,26,40.5872,-75.01935,64.646,-11.979,-3.376,-4.399,
N85,13,31,40.58805,-75.01955,117.896,-11.979,-0.125,-1.149,
NA-0180,15,33,-27.96425,16.75385,130.702,-19.409,0.111,1.574,
NC-0006,11,29,-21.52025,165.972,122.137,12.414,-0.277,0.055,
NC01,03,21,36.0962,-76.32705,18.526,-10.687,-0.787,-3.735,
NC05,06,24,35.4086,-80.79445,58.356,-8.078,6.434,2.077,1999.33
NC06,12,30,36.16025,-81.89695,114.861,-7.478,2.339,-2.106,
NC12,08,26,35.3894,-76.7847,84.959,-10.361,15.32,12.033,
NC19,4,22,35.3916,-80.57555,40.502,-8.21,8.711,4.4,1980.19
NC25,09,27,35.5089,-80.3111,89.997,-8.384,8.381,4.156,1981.99
NC86,05,23,34.73415,-78.75505,19.012,-9.204,-21.784,-25.795,
NCAI,14,32,-18.83755,-159.761,152.622,13.455,-0.833,-0.081,
NCPY,14,32,-9.01501,-158.0319,152.035,10.789,1.246,1.614,
NCRG,08,26,-21.2027,-159.8055,90.004,14.265,-4.261,-3.386,
ND02,17,35,47.8111,-97.9601,160.845,3.409,-12.563,-18.414,
ND14,08,26,48.238,-97.8016,89.997,3.28,6.717,0.851,2005.8
ND14,17,35,48.23455,-97.797,180.0,3.276,6.724,0.859,2005.75
ND18,12,30,48.50615,-101.2155,137.617,5.813,11.804,5.503,1972.07
ND24,08,26,48.1439,-97.67035,89.996,3.181,6.816,0.977,2004.98
ND24,17,35,48.1406,-97.6753,180.0,3.184,6.816,0.976,2004.98
ND26,17,35,47.89953,-103.66281,180.321,7.432,2.888,-3.469,
ND54,14,32,47.1293,-99.72915,148.067,4.718,3.348,-2.617,
NE-0003,18,36,21.9508,13.65069,182.95,2.544,0.405,4.719,
NE30,17,35,40.5736,-99.4203,176.868,4.337,2.531,-2.799,
NFFN,02,20,-17.76205,177.4375,38.022,12.743,5.279,5.404,
NFFN,09,27,-17.7559,177.4455,104.778,12.742,2.035,2.16,
NFNA,10,28,-18.04408,178.56155,109.191,12.88,-3.689,-3.551,
NFND,14,32,-18.25535,178.0495,153.372,12.907,0.465,0.614,
NFNL,13,31,-16.46675,179.34,144.463,12.517,1.946,2.004,
NFNM,11,29,-16.69066,-179.87722,119.33,12.604,-3.274,-3.202,
NFNS,14,32,-16.80297,179.34047,156.226,12.6,3.626,3.701,
NFTF,11,29,-21.2412,-175.15,121.842,14.068,-2.226,-1.847,
NFTF,17,35,-21.2445,-175.13901,180.0,14.069,-4.069,-3.69,
NFTL,11,29,-19.77705,-174.341,120.176,13.623,-3.447,-3.138,
NFTV,08,26,-18.58515,-173.962,96.363,13.271,3.091,3.342,
NG-0005,06,24,12.4792,4.36937,59.816,-0.01,-0.174,4.955,
NGTA,09,27,1.38163,173.147,97.202,9.455,-2.253,-2.965,
NGTE,14,32,-1.22447,174.7755,148.561,9.86,-1.3,-1.913,
NIUE,10,28,-19.08,-169.9255,109.819,13.474,-3.655,-3.262,
NJ24,15,33,39.69665,-74.4,149.694,-12.126,11.82,10.724,
NL-0144,09,27,52.1272,5.27648,91.219,2.855,-1.636,5.476,
NL-0145,05,23,52.16615,4.418,51.484,2.592,-1.109,6.129,
NL-0145,16,34,52.16875,4.42659,162.734,2.595,0.139,7.376,
NLWF,07,25,-14.3116,-178.06643,82.562,12.095,0.467,0.43,
NLWW,08,26,-13.2383,-176.1995,90.002,11.886,-1.884,-1.952,
NM24,01,19,36.92555,-106.557,22.622,7.968,4.654,0.177,
NM83,03,21,32.7776,-103.216,44.819,6.029,8.789,4.413,1982.39
NM83,12,30,32.76675,-103.209,135.325,6.025,9.3,4.924,1976.7
NM86,06,24,31.93675,-108.537,70.192,8.205,1.987,-1.705,
NO-0002,01,19,60.17969,11.56471,5.73,5.44,-9.71,-2.037,2000.04
NO-0111,01,19,68.43675,17.38645,22.994,9.954,3.041,12.084,
NSAS,08,26,-14.18435,-169.67001,96.823,12.105,4.719,4.863,
NSFA,08,26,-13.82995,-172.008,88.957,12.028,-3.071,-3.019,
NSFQ,12,30,-14.21725,-169.4255,131.759,12.112,-0.353,-0.198,
NSTU,05,23,-14.33365,-170.71301,59.658,12.146,-2.488,-2.371,
NSTU,08,26,-14.3269,-170.7075,90.001,12.144,-2.143,-2.026,
NTAA,04,22,-17.55375,-149.60699,53.735,13.022,0.713,1.603,
NTAR,09,27,-22.4338,-151.361,107.095,14.701,2.394,3.493,
NTAT,03,21,-23.3654,-149.5245,48.461,15.024,3.437,4.588,
NTAV,06,24,-23.8852,-147.6615,72.371,15.186,-2.816,-1.647,
NTGA,14,32,-17.3526,-145.51,146.896,12.9,-6.004,-5.126,1967.26
NTGB,07,25,-15.81995,-140.8875,85.17,12.321,2.849,3.629,
NTGC,06,24,-15.1196,-148.2305,75.301,12.281,3.02,3.827,
NTGE,11,29,-18.46585,-136.4395,126.308,12.918,3.39,4.151,
NTGI,05,23,-14.43675,-146.07,58.948,12.061,-3.113,-2.328,
NTGJ,12,30,-23.07985,-134.8905,137.444,14.386,3.058,3.915,
NTGK,02,20,-15.6633,-146.8845,29.345,12.42,-3.075,-2.249,
NTGM,11,29,-16.58395,-143.658,122.93,12.626,0.304,1.141,
NTGP,10,28,-14.80945,-138.813,112.988,11.961,1.027,1.745,
NTGT,07,25,-14.70955,-145.246,79.09,12.123,-3.032,-2.241,
NTGU,10,28,-15.2483,-146.61649,115.962,12.297,3.666,4.478,
NTGV,01,19,-14.87232,-148.71383,17.472,12.215,-4.744,-3.948,
NTGY,18,36,-20.78535,-138.56515,218.252,13.772,24.48,25.363,
NTHE,06,24,-14.42805,-146.257,69.2,12.062,-2.861,-2.076,
NTKF,08,26,-16.68675,-145.32951,88.384,12.694,-4.31,-3.456,
NTKK,08,26,-15.4846,-145.464,83.146,12.345,-9.199,-8.382,
NTKR,07,25,-14.4558,-145.02451,86.083,12.048,4.035,4.817,
NTMD,06,24,-8.79561,-140.229,67.98,10.573,-2.593,-2.006,
NTMN,02,20,-9.76879,-139.011,32.67,10.736,1.933,2.529,
NTTB,11,29,-16.44435,-151.751,123.603,12.696,0.907,1.735,
NTTG,09,27,-14.9543,-147.6605,106.299,12.227,4.072,4.874,
NTTH,07,25,-16.68725,-151.022,79.517,12.765,-3.249,-2.403,
NTTM,12,30,-17.48995,-149.762,134.297,13.003,1.294,2.181,
NTTO,12,30,-18.07485,-140.946,135.616,12.994,2.622,3.468,
NTTP,08,26,-16.4265,-152.2435,88.681,12.692,-4.012,-3.191,
NTTR,07,25,-16.72285,-151.4655,84.082,12.779,1.304,2.146,
NV11,1,19,36.93467,-116.00596,20.389,11.343,-0.955,-4.769,
NV11,14,32,36.94575,-116.0375,150.977,11.354,-0.377,-4.191,
NV27,03,21,37.7139,-118.0855,28.112,12.004,-13.892,-17.76,
NV27,13,31,37.71395,-118.0815,144.173,12.003,2.17,-1.698,
NV30,16,34,39.9664,-117.8275,177.347,12.37,4.977,0.639,
NV33,16,34,38.82825,-119.397,189.348,12.509,16.839,12.788,
NV72,18,36,38.5098,-119.217,197.805,12.409,5.396,1.407,2021.89
NV74,15,33,36.27105,-115.995,166.682,11.222,5.46,1.761,2020.98
NVSS,12,30,-15.505,167.22,129.511,11.164,-1.653,-1.588,
NVVV,11,29,-17.6982,168.3175,118.663,11.811,-3.148,-2.988,
NVVV,11R,29L,-17.69735,168.315,119.292,11.811,-2.518,-2.359,
NVVW,15,33,-19.45515,169.224,159.788,12.373,-2.585,-2.345,
NWWC,09,27,-19.72055,163.6605,107.604,11.511,6.093,6.319,
NWWD,09,27,-21.05425,164.837,99.092,12.081,-2.989,-2.689,
NWWE,10,28,-22.58885,167.456,113.841,12.976,0.865,1.259,
NWWK,06,24,-20.5463,164.256,68.013,11.837,-3.824,-3.553,
NWWL,12,30,-20.7748,167.24,132.897,12.424,0.473,0.774,
NWWM,17,35,-22.2583,166.47301,180.0,12.712,-2.712,-2.34,
NWWR,13,31,-21.4817,168.0375,136.05,12.747,-6.697,-6.358,1945.2
NWWU,13,31,-20.79,165.2595,150.221,12.088,8.133,8.425,
NWWV,13,31,-20.64055,166.57301,144.454,12.277,2.177,2.469,
NWWW,11,29,-22.01455,166.2125,120.967,12.596,-1.63,-1.271,
NY05,12L,30R,42.7815,-74.3257,105.457,-12.691,-1.852,-1.73,
NY05,12R,30L,42.78145,-74.3257,106.119,-12.691,-1.191,-1.069,
NY1,01,19,42.35043,-73.63577,353.188,-12.918,-3.894,-3.654,
NY20,13,31,42.9584,-74.67875,116.451,-12.561,-0.989,-0.946,
NZ-0022,18,36,-44.9791,169.2175,200.881,25.329,-4.448,-1.43,
NZ-0087,03L,21R,-43.55295,172.551,53.914,24.721,-0.807,1.958,
NZ-0087,03R,21L,-43.55005,172.557,48.209,24.719,-6.51,-3.746,2001.7
NZ-0087,13,31,-43.5529,172.555,153.116,24.721,-1.605,1.16,
NZAA,05R,23L,-37.0119,174.786,71.162,20.426,0.736,2.43,
NZAP,17,35,-38.7404,176.0845,197.811,21.686,6.125,8.088,
NZAR,03,21,-37.03079,174.97457,45.555,20.462,-4.907,-3.208,
NZCH,01,19,-43.48465,172.533,36.748,24.661,2.087,4.838,
NZCH,02,20,-43.4863,172.535,39.959,24.663,-4.704,-1.954,
NZCH,11,29,-43.48965,172.533,130.924,24.666,-3.742,-0.99,
NZCI,05,23,-43.8119,-176.465,71.857,26.071,-4.214,-1.243,
NZDN,03,21,-45.92915,170.19749,57.052,26.396,0.656,3.907,
NZFI,10,28,-40.25585,175.6055,118.12,22.657,-4.537,-2.337,
NZFX,15,33,-77.95695,166.74959,341.509,140.337,51.172,45.989,
NZGM,01,19,-42.46235,171.19022,31.285,23.612,-2.327,0.202,
NZGS,03,21,-38.6646,177.9765,45.241,21.852,-6.612,-4.633,1981.31
NZGS,09,27,-38.66345,177.976,116.559,21.851,4.708,6.686,
NZGS,14L,32R,-38.66335,177.98,166.832,21.852,4.981,6.959,
NZGS,14R,32L,-38.6636,177.97701,164.626,21.852,2.774,4.752,
NZGT,15,33,-43.9104,170.128,170.46,24.586,-4.125,-1.324,
NZHK,03,21,-42.71057,170.98618,57.092,23.77,3.322,5.895,
NZHK,12,30,-42.71515,170.988,147.01,23.774,3.236,5.811,
NZHN,07,25,-37.86265,175.32899,94.512,21.025,3.487,5.309,
NZHN,07R,25L,-37.86315,175.32899,94.512,21.025,3.487,5.309,
NZHN,18L,36R,-37.86665,175.332,195.748,21.028,-5.28,-3.458,2022.6
NZHN,18R,36L,-37.8666,175.3305,197.413,21.028,-3.615,-1.793,
NZKK,02,20,-35.26385,173.9155,35.177,19.285,-4.108,-2.651,
NZKK,15L,33R,-35.26135,173.9135,172.288,19.283,3.005,4.462,
NZKK,15R,33L,-35.2573,173.9125,166.908,19.281,-2.373,-0.916,
NZKT,12,30,-35.0694,173.286,141.15,19.087,2.063,3.49,
NZKT,18,36,-35.075,173.286,196.353,19.09,-2.737,-1.309,
NZLX,01,19,-45.21055,169.37,27.208,25.568,-8.36,-5.287,1972.49
NZLX,14L,32R,-45.2108,169.3725,160.523,25.569,-5.046,-1.973,2026.05
NZLX,14R,32L,-45.21075,169.3715,161.099,25.569,-4.47,-1.397,
NZMC,13,31,-43.7664,170.134,155.65,24.466,1.184,3.956,
NZMO,08,26,-45.53255,167.64951,100.553,25.488,-4.936,-1.817,
NZMS,06C,24C,-40.97295,175.635,77.786,23.173,-5.387,-3.064,2021.82
NZMS,06L,24R,-40.97395,175.6305,88.499,23.173,5.326,7.649,
NZMS,06R,24L,-40.97595,175.63551,73.322,23.176,-9.854,-7.53,1944.92
NZMS,10,28,-40.9747,175.6325,120.958,23.174,-2.216,0.108,
NZNP,05L,23R,-39.0079,174.177,65.432,21.61,-6.178,-4.2,2000.07
NZNP,05R,23L,-39.0113,174.1745,67.215,21.612,-4.397,-2.418,
NZNP,14,32,-39.0053,174.1815,158.667,21.609,-2.942,-0.964,
NZNR,07,25,-39.46445,176.86449,88.52,22.264,-3.744,-1.656,
NZNR,16,34,-39.46984,176.86718,184.863,22.268,2.595,4.684,
NZNS,02,20,-41.29815,173.225,39.633,23.07,-3.437,-1.092,
NZNV,04,22,-46.4146,168.314,64.972,26.472,-1.5,1.841,
NZNV,04R,22L,-46.41265,168.317,65.689,26.471,-0.782,2.559,
NZNV,07,25,-46.41165,168.3215,91.706,26.471,-4.765,-1.425,
NZNV,12,30,-46.41275,168.31651,141.546,26.471,-4.925,-1.584,
NZOH,09,27,-40.2058,175.3865,109.187,22.593,-3.406,-1.218,
NZOH,15,33,-40.20755,175.3875,168.284,22.595,-4.31,-2.122,
NZOU,02,20,-44.9657,171.08649,43.722,25.679,-1.957,1.086,
NZOU,11,29,-44.97125,171.087,136.065,25.684,0.381,3.425,
NZOU,18,36,-44.96701,171.0815,206.721,25.68,1.041,4.085,
NZPM,07L,25R,-40.3214,175.6145,90.007,22.704,-2.697,-0.486,
NZPP,11L,29R,-40.90175,174.9895,132.68,23.036,-0.357,1.945,
NZPP,16R,34L,-40.90365,174.9885,176.555,23.038,-6.482,-4.18,1991.41
NZQN,05,23,-45.01828,168.74664,77.519,25.265,2.255,5.274,
NZQN,14,32,-45.02098,168.74274,161.097,25.266,-4.169,-1.15,
NZRO,18L,36R,-38.105,176.3185,210.93,21.303,9.628,11.498,
NZRO,18R,36L,-38.1068,176.31651,203.375,21.304,2.072,3.942,
NZRU,13,31,-39.441,175.656,145.969,22.101,-6.132,-4.065,2006.38
NZTG,04,22,-37.67125,176.191,52.18,21.012,-8.832,-7.027,1947.6
NZTG,07L,25R,-37.67375,176.1995,97.151,21.015,6.136,7.942,
NZTG,07R,25L,-37.6747,176.1985,96.151,21.015,5.136,6.942,
NZTU,02,20,-44.2988,171.226,39.889,25.121,-5.232,-2.332,2023.92
NZTU,02L,20R,-44.2974,171.226,41.949,25.12,-3.171,-0.271,
NZTU,11,29,-44.30365,171.23,133.028,25.126,-2.098,0.803,
NZUK,15,33,-44.23835,170.119,171.398,24.862,-3.465,-0.594,
NZWB,06L,24R,-41.51605,173.8695,87.768,23.329,4.438,6.833,
NZWB,06R,24L,-41.51785,173.8695,85.978,23.331,2.648,5.042,
NZWB,10,28,-41.51665,173.8695,126.419,23.33,3.09,5.484,
NZWF,11,29,-44.72215,169.24651,141.605,25.107,6.498,9.459,
NZWK,09L,27R,-37.91905,176.9155,115.457,21.254,4.203,6.054,
NZWN,16,34,-41.3261,174.8065,182.498,23.322,-0.824,1.55,
NZWO,16,34,-39.0114,177.4045,174.475,22.02,-7.545,-5.521,1967.35
NZWP,03,21,-36.79065,174.63,52.534,20.271,2.262,3.925,
NZWP,08,26,-36.7848,174.6325,98.331,20.268,-1.937,-0.276,
NZWP,08L,26R,-36.78385,174.6305,100.203,20.267,-0.064,1.597,
NZWR,06,24,-35.7674,174.364,80.717,19.633,1.084,2.609,
NZWS,04,22,-41.73835,171.5795,55.479,23.127,-7.648,-5.248,1972.54
NZWU,11C,29C,-39.96335,175.02451,126.863,22.376,-5.513,-3.37,2020.09
O13,17,35,35.20045,-99.88105,175.488,4.413,1.075,-3.845,
O19,15,33,40.71905,-123.9275,172.893,13.684,9.209,4.789,1978.77
O21,14,32,41.04145,-123.668,166.065,13.715,12.349,7.849,
O31,13,31,38.6527,-122.8985,147.699,13.108,4.591,0.641,
O33,16,34,40.7809,-124.212,180.0,13.735,6.265,1.829,2012.85
O39,17,35,40.8033,-120.3665,185.424,13.101,2.323,-2.148,
O45,17,35,36.85705,-101.227,180.0,5.254,4.746,-0.181,
O55,04,22,41.13955,-121.1235,56.495,13.317,3.178,-1.363,
O85,15,33,40.5742,-122.4075,173.412,13.426,9.986,5.594,1961.06
OA11,18,36,40.37615,-84.255,175.067,-6.417,1.484,-2.635,
OA86,7,25,39.90735,-83.36031,66.137,-6.972,3.109,-0.896,
OABT,01,19,31.56125,64.37486,12.257,2.979,-0.722,0.606,
OAJL,13,31,34.3998,70.4986,131.495,3.264,-1.769,-0.462,
OAKB,11,29,34.56585,69.2124,107.242,3.427,-6.185,-4.859,1987.58
OAKN,05,23,31.50575,65.8478,55.281,2.862,2.419,3.764,
OAMN,14,32,35.9308,64.76095,143.203,4.203,-1.0,0.367,
OAMS,06R,24L,36.70633,67.21625,65.862,4.25,1.612,2.949,
OASD,18,36,33.39135,62.26105,182.49,3.619,-1.13,0.204,
OASG,06,24,36.7522,65.916,65.538,4.376,1.162,2.521,
OATN,12,30,32.60694,65.87097,141.478,3.149,18.329,19.676,
OAUZ,11,29,36.66525,68.91085,113.254,4.082,-0.828,0.477,
OBBI,12L,30R,26.27085,50.6336,122.536,2.903,-0.368,0.786,
OBBI,12R,30L,26.26485,50.6406,122.517,2.902,-0.384,0.768,
OBBS,15,33,25.91835,50.59055,153.533,2.845,0.688,1.83,
OE43,11,29,21.32355,41.19825,113.856,3.336,0.52,2.379,
OE45,17,35,28.3899,48.5165,172.254,3.512,-1.258,0.085,
OE46,11,29,20.4759,44.7575,114.862,2.759,2.103,3.505,
OE48,02,20,18.89315,41.35505,21.606,3.041,-1.435,0.363,
OE49,01,19,21.4375,39.9942,11.975,3.49,-1.515,0.509,
OE50,15,33,26.94165,49.70405,145.465,3.124,-7.659,-6.437,
OE51,17,35,24.05155,47.6542,175.514,2.878,2.636,3.88,
OE52,03,21,26.61205,45.32165,33.921,3.545,0.375,1.892,
OE53,15,33,24.94215,46.39125,150.785,3.167,-2.382,-1.01,
OE54,15,33,25.99345,46.5367,151.572,3.313,-1.741,-0.347,
OE55,03,21,21.22695,55.2673,34.245,1.529,2.716,3.627,
OE56,13,31,22.71015,53.2812,128.243,1.992,-3.75,-2.793,
OEAA,15,33,27.31905,49.5871,149.222,3.205,-3.983,-2.741,
OEAB,13,31,18.24035,42.65665,128.978,2.782,-3.803,-2.2,
OEAH,16,34,25.2853,49.48515,164.887,2.859,2.029,3.199,
OEBA,07,25,20.29615,41.63425,70.895,3.164,-2.269,-0.485,
OEBH,18,36,19.98415,42.62285,185.692,2.995,2.697,4.344,
OEBQ,15,33,25.91125,49.5912,150.16,2.954,-2.793,-1.605,
OEDF,16L,34R,26.4712,49.80905,164.529,3.028,1.501,2.699,
OEDF,16R,34L,26.4712,49.78675,164.529,3.03,1.499,2.698,
OEDM,15,33,24.44985,44.12115,153.755,3.368,0.387,1.959,
OEDR,16L,34R,26.2725,50.16875,165.047,2.954,2.094,3.267,
OEDR,16R,34L,26.25265,50.13735,164.963,2.954,2.009,3.184,
OEGN,15,33,16.90105,42.58575,150.061,2.63,-2.569,-0.989,
OEGS,15,33,26.3028,43.7739,152.599,3.667,-1.068,0.586,
OEGT,10,28,31.41195,37.2795,106.243,4.853,1.39,3.803,
OEHL,18,36,27.43795,41.6863,183.657,4.034,-0.377,1.522,
OEHW,15,33,22.96775,46.8994,150.352,2.811,-2.46,-1.192,
OEJB,17,35,27.03905,49.4051,167.069,3.173,-6.104,-4.864,1982.21
OEJF,15,33,21.34805,39.17305,155.584,3.571,2.012,4.15,
OEJN,16C,34C,21.67812,39.15823,159.751,3.607,-3.855,-1.714,
OEJN,16L,34R,21.68347,39.17382,159.784,3.606,-3.822,-1.682,
OEJN,16R,34L,21.6866,39.13325,159.764,3.61,-3.846,-1.701,
OEKF,15L,33R,26.08601,45.20317,150.083,3.478,-3.395,-1.884,
OEKF,15R,33L,26.08386,45.187,150.085,3.479,-3.395,-1.882,
OEKK,13,31,27.9009,45.5282,129.835,3.729,-3.894,-2.354,
OEKM,06,24,18.29625,42.78905,60.229,2.769,-2.54,-0.954,
OEKM,14,32,18.2982,42.8179,140.687,2.765,-2.078,-0.495,
OEKR,16,34,25.06955,48.19495,162.335,2.973,-0.638,0.602,
OEMA,17,35,24.5572,39.70739,169.009,3.86,-4.851,-2.763,
OEMA,18,36,24.54975,39.703,183.804,3.86,-0.056,2.033,
OENG,06,24,17.6114,44.41915,59.97,2.439,-2.468,-1.109,
OEPA,16,34,28.3361,46.12702,158.136,3.742,-5.606,-4.1,2009.37
OEPC,14,32,25.17455,47.4884,142.096,3.073,-0.977,0.316,
OEPF,17,35,24.71035,44.96455,168.243,3.304,-5.061,-3.567,2019.09
OEPI,17,35,24.2761,42.14375,167.785,3.574,-5.789,-4.001,2006.0
OEPJ,18,36,24.1072,41.03605,178.507,3.675,-5.168,-3.249,2017.16
OEPK,16,34,27.9542,46.74265,163.415,3.614,-0.2,1.246,
OEPS,17L,35R,24.06303,47.58065,175.374,2.889,2.485,3.734,
OEPS,17R,35L,24.07782,47.54373,175.367,2.896,2.471,3.723,
OERB,15,33,22.70265,39.06985,152.733,3.722,-0.988,1.171,
OERF,11,29,29.62635,43.4907,113.32,4.204,-0.884,0.89,
OERK,15L,33R,24.96045,46.7124,150.037,3.132,-3.095,-1.749,
OERK,15R,33L,24.95445,46.6853,150.036,3.134,-3.098,-1.751,
OERM,16,34,28.0796,48.61095,163.58,3.445,0.135,1.46,
OERR,10,28,30.90665,41.13825,104.914,4.588,0.326,2.356,
OERT,15,33,26.7231,50.0308,152.425,3.049,-0.625,0.572,
OERY,01,19,24.72345,46.72735,8.077,3.094,-5.017,-3.68,2021.29
OESB,08,26,22.51725,53.9934,86.237,1.883,4.355,5.3,
OESB,09,27,22.51455,53.9641,87.29,1.885,-4.595,-3.649,
OESH,08,26,17.46685,47.1214,84.632,2.002,2.63,3.7,
OESK,10,28,29.7851,40.1,99.731,4.486,-4.755,-2.647,
OESL,10,28,20.46475,45.61965,101.235,2.636,-1.401,-0.091,
OETB,06,24,28.3756,36.6354,64.968,4.503,0.465,2.93,
OETB,13,31,28.3717,36.60555,132.92,4.504,-1.585,0.883,
OETF,07,25,21.4818,40.53805,74.592,3.432,1.159,3.109,
OETF,17,35,21.4914,40.54315,172.012,3.433,-1.421,0.529,
OETH,17,35,25.213,46.64095,170.9,3.179,-2.279,-0.919,
OETN,15,33,27.86785,48.76915,154.036,3.39,0.646,1.954,
OETR,10,28,31.69275,38.73125,105.342,4.838,0.504,2.78,
OEUD,18,36,25.15105,49.32875,179.212,2.854,-3.642,-2.467,
OEUM,14,32,25.2859,37.19925,139.286,4.142,-4.857,-2.453,
OEWD,10,28,20.50425,45.19955,101.978,2.701,-0.723,0.632,
OEWJ,15,33,26.19855,36.4761,150.48,4.279,-3.799,-1.311,
OEYN,10,28,24.1442,38.0634,103.137,3.961,-0.825,1.471,
OG14,15,33,44.02445,-118.8485,164.831,13.412,1.419,-3.902,
OG21,07,25,44.19515,-120.823,87.997,13.885,4.111,-1.242,
OH07,09,27,40.94395,-81.23895,92.641,-8.519,11.16,8.0,
OH13,09,27,40.7681,-81.05815,89.997,-8.609,8.607,5.455,1971.54
OH15,01,19,40.7459,-81.14425,14.87,-8.551,13.421,10.236,
OI03,11,29,35.1742,52.32325,116.207,4.783,1.424,2.932,
OI13,12,30,30.0,53.7115,118.24,3.366,-5.126,-3.907,2019.67
OI19,11,29,35.5299,51.5058,115.1,4.933,0.166,1.723,
OI1C,15,33,36.85685,54.20225,154.071,5.183,-1.112,0.435,
OI20,15,33,29.84005,50.2727,149.829,3.631,-3.802,-2.487,
OIAA,14L,32R,30.363,48.2359,144.605,3.922,0.684,2.126,
OIAA,14R,32L,30.3673,48.23065,144.57,3.923,0.647,2.091,
OIAD,14L,32R,32.43545,48.39845,140.611,4.352,-3.741,-2.21,
OIAD,14R,32L,32.4331,48.3974,140.544,4.351,-3.807,-2.277,
OIAG,13,31,30.74545,49.6761,136.626,3.876,2.75,4.133,
OIAH,12,30,30.33755,50.82795,124.558,3.688,0.87,2.185,
OIAI,12,30,32.00255,49.27225,122.522,4.186,-1.664,-0.201,
OIAI,14,32,32.00215,49.26845,137.267,4.187,-6.919,-5.456,1911.03
OIAJ,12L,30R,30.836,49.5377,127.203,3.907,3.296,4.69,
OIAJ,12R,30L,30.83435,49.53215,126.986,3.907,3.079,4.473,
OIAM,14,32,30.5562,49.1519,137.262,3.881,-6.619,-5.219,1913.86
OIAW,12,30,31.3374,48.76195,124.182,4.08,0.101,1.559,
OIBA,08,26,25.87575,55.033,83.391,2.388,1.003,2.055,
OIBB,13L,31R,28.94565,50.83545,131.88,3.395,-1.514,-0.262,
OIBB,13R,31L,28.94405,50.8338,131.963,3.394,-1.432,-0.179,
OIBH,07,25,27.2127,54.31855,74.043,2.718,1.325,2.426,
OIBJ,11,29,27.82055,52.35215,114.765,3.024,1.741,2.898,
OIBK,09R,27L,26.5262,53.9802,94.853,2.613,2.24,3.319,
OIBL,08,26,26.53225,54.8248,80.576,2.535,-1.959,-0.885,
OIBP,13,31,27.3796,52.73765,128.784,2.899,-4.116,-2.985,
OIBQ,14,32,29.26025,50.3238,134.817,3.507,-8.69,-7.403,
OIBS,12,30,25.90915,54.53945,127.797,2.441,5.356,6.411,
OIBV,11,29,26.8103,53.3563,111.331,2.728,-1.397,-0.3,
OICC,11L,29R,34.34689,47.16017,115.979,4.882,1.098,2.797,
OICC,11R,29L,34.34585,47.1581,115.969,4.882,1.088,2.787,
OICI,14,32,33.58665,46.4048,141.961,4.752,-2.791,-1.084,
OICK,11,29,33.43535,48.28285,113.03,4.592,-1.562,0.026,
OICS,01,19,35.2459,47.00925,18.282,5.111,3.171,4.927,
OIFE,07,25,32.92955,51.561,76.94,4.234,2.706,4.119,
OIFE,09,27,32.91385,51.55515,91.922,4.23,-2.308,-0.896,
OIFH,06,24,32.56705,51.6916,69.886,4.134,5.752,7.142,
OIFH,07,25,32.56365,51.69045,76.13,4.133,1.997,3.387,
OIFK,11,29,33.8953,51.57705,110.693,4.481,-3.788,-2.324,
OIFM,07L,25R,32.75285,51.86075,77.908,4.168,3.741,5.135,
OIFM,07R,25L,32.74885,51.8618,77.888,4.166,3.722,5.115,
OIFP,08L,26R,32.62115,51.69705,85.209,4.147,1.062,2.455,
OIFP,08R,26L,32.61905,51.687,85.755,4.147,1.608,3.001,
OIFS,14,32,32.2968,50.8417,146.667,4.133,2.535,3.942,
OIGG,09,27,37.32555,49.60555,93.695,5.556,-1.861,-0.117,
OIHH,10,28,34.86735,48.55635,104.931,4.928,0.004,1.653,
OIHR,08,26,34.13815,49.8473,79.073,4.66,-5.586,-4.04,2011.78
OIHS,05,23,35.2044,48.63875,59.122,5.01,4.112,5.776,
OIHS,13R,31L,35.19855,48.6727,129.714,5.007,-5.292,-3.63,2017.03
OIIA,10,28,35.9521,50.4508,101.865,5.113,-3.248,-1.625,
OIIC,11,29,34.98395,50.8062,112.335,4.823,-2.487,-0.935,
OIID,04,22,35.70295,51.47515,47.153,4.985,2.168,3.736,
OIIE,11L,29R,35.4192,51.1441,108.778,4.923,-6.145,-4.581,2001.97
OIIE,11R,29L,35.41755,51.14365,108.72,4.923,-6.202,-4.638,2000.59
OIII,11L,29R,35.69005,51.31473,109.63,4.99,-5.361,-3.787,2016.12
OIII,11R,29L,35.68855,51.3126,109.732,4.99,-5.258,-3.685,2017.87
OIIK,10,28,36.24005,50.04715,99.666,5.217,-5.551,-3.893,2013.08
OIIM,13,31,35.77625,50.88105,138.637,5.039,3.598,5.193,
OIIP,12,30,35.77595,50.8269,127.889,5.042,2.847,4.444,
OIKB,03L,21R,27.21885,56.37675,27.744,2.539,-4.795,-3.692,
OIKB,03R,21L,27.2178,56.379,27.767,2.538,-4.771,-3.669,
OIKJ,13,31,28.727,57.6703,128.628,2.76,-4.132,-2.969,
OIKK,16L,34R,30.27327,56.9515,158.328,3.173,-4.845,-3.636,
OIKK,16R,34L,30.27262,56.94949,158.321,3.173,-4.851,-3.643,
OIKM,12,30,29.08415,58.45005,122.657,2.782,-0.126,1.058,
OIKP,08,26,27.15825,56.17215,78.92,2.543,-3.624,-2.525,
OIKQ,05,23,26.75465,55.90235,49.567,2.484,-2.917,-1.833,
OIKR,11,29,30.29775,56.05115,111.928,3.247,-1.319,-0.11,
OIKY,14,32,29.55095,55.6727,131.579,3.103,-11.524,-10.343,
OIMB,08,26,32.89695,59.2664,78.437,3.683,-5.247,-3.941,2018.59
OIMB,10,28,32.8945,59.285,98.794,3.681,-4.887,-3.581,
OIMC,14,32,36.50115,61.0649,145.189,4.652,0.537,1.947,
OIMJ,07,25,36.42495,55.10485,71.22,4.995,-3.775,-2.275,
OIMM,13L,31R,36.23595,59.64175,133.61,4.658,-1.048,0.369,
OIMM,13R,31L,36.2346,59.6402,133.617,4.658,-1.042,0.375,
OIMN,07,25,37.493,57.30825,70.264,5.219,-4.956,-3.45,
OIMS,09,27,36.1681,57.5952,94.795,4.765,0.03,1.47,
OIMT,15,33,33.66775,56.89235,152.229,4.059,-1.83,-0.489,
OINE,10,28,37.38325,55.452,104.787,5.286,-0.499,1.043,
OING,13,31,36.91255,54.39729,133.889,5.19,-1.3,0.244,
OINJ,09,27,36.65515,52.3496,78.958,5.219,-16.262,-14.669,
OINN,10,28,36.66362,51.46521,108.665,5.268,3.396,5.022,
OINR,12,30,36.90678,50.68794,123.226,5.38,-2.154,-0.483,
OINR,13,31,36.90991,50.67958,130.3,5.382,-5.081,-3.41,2022.59
OINZ,16,34,36.6446,53.18865,160.916,5.171,-4.255,-2.691,
OISF,14,32,28.89235,53.72335,136.955,3.121,-6.165,-4.993,1976.5
OISJ,08,26,28.5867,53.57915,82.031,3.068,-1.037,0.125,
OISL,09,27,27.6747,54.38325,89.185,2.806,-3.621,-2.503,
OISR,11,29,27.3731,53.18855,113.9,2.855,1.045,2.167,
OISS,11L,29R,29.5411,52.59065,114.518,3.36,1.158,2.38,
OISS,11R,29L,29.53735,52.58895,114.274,3.359,0.915,2.137,
OISY,13,31,30.7005,51.5451,132.429,3.706,-1.277,0.028,
OITK,15,33,38.42745,44.9736,156.952,6.027,0.925,2.986,
OITL,15,33,38.32565,48.42435,149.912,5.904,-5.992,-4.128,2007.36
OITM,08,26,37.34805,46.1279,85.0,5.699,-0.699,1.229,
OITP,11,29,39.60365,47.88155,110.758,6.319,-5.561,-3.585,2014.2
OITR,03,21,37.6681,45.0687,32.867,5.818,-2.951,-0.941,
OITT,12L,30R,38.1337,46.23555,128.988,5.914,3.074,5.043,
OITT,12R,30L,38.13235,46.2343,128.913,5.914,2.999,4.968,
OITZ,12,30,36.77365,48.3594,126.545,5.451,1.094,2.865,
OIYY,13,31,31.9049,54.2765,133.062,3.775,-0.713,0.58,
OIZB,16,34,31.09715,61.5441,166.745,3.052,3.693,4.974,
OIZC,09L,27R,25.4454,60.38415,90.989,1.864,-0.875,0.269,
OIZC,09R,27L,25.4413,60.3801,90.842,1.863,-1.022,0.122,
OIZH,17L,35R,29.47687,60.90728,172.856,2.699,0.157,1.394,
OIZH,17R,35L,29.47676,60.9048,172.85,2.699,0.151,1.388,
OIZI,17,35,27.2361,60.72005,171.048,2.209,-1.161,0.027,
OIZS,13,31,27.41925,62.31575,132.791,2.139,0.652,1.889,
OJ38,10,28,32.02525,36.14475,105.74,4.966,0.774,3.302,
OJAI,08L,26R,31.72945,35.98855,80.352,4.93,-4.578,-2.038,
OJAI,08R,26L,31.71715,35.99955,80.354,4.928,-4.574,-2.035,
OJAM,06,24,31.9727,35.9916,64.288,4.962,-0.674,1.868,
OJAQ,01,19,29.611,35.01785,16.999,4.697,2.303,4.936,
OJHF,13,31,32.16075,37.1494,130.921,4.961,-4.04,-1.606,
OJHR,10,28,32.53925,38.195,102.531,4.985,-2.454,-0.112,
OJMF,13,31,32.35645,36.2593,130.426,5.009,-4.583,-2.063,
OJMS,08,26,31.81785,36.78005,79.974,4.924,-4.95,-2.485,
OJMS,13,31,31.83325,36.78385,130.936,4.926,-3.989,-1.524,
OK11,17,35,34.3175,-98.01555,174.796,3.301,1.495,-3.549,
OK14,17,35,36.83525,-98.6577,176.621,3.747,2.874,-2.249,
OK16,17,35,36.3647,-97.6678,172.328,3.127,-0.8,-5.968,
OK63,17,35,34.62975,-97.815,177.112,3.187,3.925,-1.152,
OKAS,12L,30R,29.3477,47.5214,120.259,3.789,-3.53,-2.085,
OKAS,12R,30L,29.34575,47.5201,120.076,3.788,-3.712,-2.268,
OKDI,18,36,29.69765,47.436,181.401,3.863,-2.462,-0.998,
OKKK,15L,33R,29.2269,47.99105,154.852,3.721,1.131,2.54,
OKKK,15R,33L,29.2266,47.9689,154.964,3.723,1.241,2.651,
OKKK,16,34,29.20958,47.95185,154.996,3.722,-8.726,-7.314,
OL30,18,36,35.002,-97.0616,180.0,2.734,-2.734,-7.89,
OL35,18,36,35.8591,-96.0822,180.0,2.123,-2.123,-7.377,
OL35,9,27,35.8606,-96.08195,89.998,2.123,-2.125,-7.38,
OL36,17,35,36.9884,-96.32225,167.788,2.279,-4.491,-9.764,
OLBA,03,21,33.81255,35.492,32.843,5.222,-2.378,0.227,
OLBA,16,34,33.8253,35.48335,165.91,5.224,0.686,3.292,
OLBA,17,35,33.82375,35.488,177.023,5.224,1.799,4.405,
OLKA,06,24,34.5894,36.0114,61.908,5.337,-3.429,-0.857,
OLRA,04,22,33.85075,35.98775,46.162,5.225,0.937,3.499,
OM-0003,04,22,19.50001,57.64283,45.212,1.004,4.208,5.128,
OM11,13,31,24.51885,54.98005,130.766,2.137,-1.372,-0.363,
OMAA,13L,31R,24.45366,54.65425,127.87,2.157,-4.287,-3.281,
OMAA,13R,31L,24.43305,54.6512,127.767,2.154,-4.387,-3.382,
OMAD,13,31,24.4283,54.45805,127.976,2.172,-4.195,-3.19,
OMAH,17,35,24.074,52.4636,169.68,2.316,-2.636,-1.62,
OMAJ,13,31,24.18745,52.614,133.753,2.32,1.433,2.45,
OMAL,01,19,24.2617,55.60915,7.435,2.03,-4.596,-3.592,
OMAM,13L,31R,24.24825,54.5477,126.994,2.13,-5.136,-4.136,2018.78
OMAM,13R,31L,24.2309,54.5511,126.857,2.127,-5.27,-4.271,2015.87
OMAR,13,31,24.7805,52.55995,130.684,2.43,-1.746,-0.707,
OMAZ,13,31,24.86155,53.07785,132.608,2.39,0.218,1.25,
OMBY,13,31,24.28365,52.58038,132.364,2.34,0.024,1.045,
OMDL,17,35,24.50994,52.33522,174.288,2.406,1.881,2.915,
OMDM,09,27,25.02685,55.3662,88.869,2.195,-3.326,-2.3,
OMDW,12,30,24.89658,55.1611,121.184,2.19,-1.006,0.015,
OMDW,13,31,24.86637,55.16022,121.267,2.185,-10.917,-9.897,
OMFJ,11R,29L,25.10908,56.3266,112.43,2.123,0.307,1.344,
OMRK,16,34,25.61335,55.93885,164.644,2.255,2.389,3.437,
OMRS,15,33,25.75555,55.96015,152.728,2.281,0.447,1.5,
OO42,16,34,16.9904,53.3588,157.582,1.047,-3.465,-2.696,
OOFD,13,31,22.35442,56.4848,129.826,1.605,-1.778,-0.817,
OOKB,01,19,26.171,56.2406,13.826,2.338,1.488,2.556,
OOMA,07,25,20.67595,58.892,66.834,1.097,-4.263,-3.269,
OOMA,17,35,20.67115,58.8915,166.903,1.097,-4.194,-3.2,
OOMS,08L,26R,23.60741,58.27671,85.01,1.674,3.337,4.375,
OOMS,08R,26L,23.5931,58.2844,85.032,1.67,3.361,4.4,
OOMX,06,24,18.13315,55.1758,64.301,1.022,3.279,4.097,
OOMX,13,31,18.13925,55.1789,136.118,1.023,5.095,5.913,1929.85
OOSA,07,25,17.04031,54.08746,70.772,0.967,-0.194,0.577,
OOTH,17,35,17.666,54.0246,172.677,1.077,1.6,2.392,
OP10,12,30,27.20055,69.1538,120.332,1.651,-1.319,0.084,
OP11,10,28,31.18955,70.18,99.97,2.465,-2.495,-1.132,
OP12,04,22,27.8466,65.1597,38.593,2.046,-3.452,-2.13,
OP13,08,26,28.35615,70.60015,77.459,1.795,-4.336,-2.937,
OP14,02,20,30.34,70.55665,23.784,2.236,1.548,2.921,
OP15,16,34,30.2501,70.2363,161.811,2.239,-0.429,0.947,
OP16,06,24,24.7872,68.55715,57.829,1.211,-3.382,-1.975,
OP17,17,35,26.7408,67.66665,167.341,1.652,-4.31,-2.929,
OP18,17,35,30.49485,70.9711,172.552,2.24,0.313,1.681,
OP19,06,24,32.42445,71.45855,60.769,2.661,-1.892,-0.564,
OP1A,17,35,26.19815,67.5037,171.074,1.552,-0.478,0.902,
OP1Y,05,23,32.07785,73.79015,50.052,2.366,-2.314,-1.028,
OP21,17,35,30.0914,72.15375,167.725,2.055,-4.33,-2.968,
OP22,02,20,29.26395,70.1864,25.253,2.021,3.233,4.621,
OP23,02,20,33.3876,70.58875,20.984,2.983,-1.999,-0.675,
OP24,02,20,32.60135,73.50835,27.118,2.517,4.601,5.882,
OP25,12,30,32.8785,73.6053,125.443,2.575,2.868,4.139,
OP26,16,34,32.62915,73.0226,162.796,2.57,0.226,1.519,
OP27,05,23,32.239,74.13095,50.145,2.372,-2.227,-0.954,
OP28,15,33,29.92335,66.7461,151.017,2.412,-1.395,-0.038,
OP31,03,21,28.47055,69.59905,29.262,1.889,-2.627,-1.232,
OP32,07,25,28.03605,69.67485,66.366,1.791,-5.425,-4.025,2015.09
OP33,05,23,28.27405,69.27595,61.241,1.869,9.372,10.767,
OP34,17,35,28.81945,62.7307,173.039,2.422,0.617,1.885,
OP35,18,36,29.0405,61.6474,181.447,2.546,-1.099,0.146,
OP36,02,20,26.2526,63.1303,18.862,1.839,-2.977,-1.727,
OP36,07,25,26.2518,63.1296,75.641,1.839,3.803,5.052,
OP37,14,32,27.8131,69.16705,139.504,1.778,-2.274,-0.876,
OPBG,07,25,32.0561,72.9484,70.06,2.439,-2.379,-1.071,
OPBW,08,26,29.3481,71.718,78.787,1.926,-3.14,-1.759,
OPCH,02,20,35.8866,71.80055,27.36,3.556,3.804,5.049,
OPDG,18,36,29.961,70.48595,180.834,2.155,-1.321,0.058,
OPDI,12,30,31.9094,70.8966,118.929,2.581,-3.652,-2.307,
OPFA,03L,21R,31.36604,72.99501,36.238,2.273,3.965,5.287,
OPFA,03R,21L,31.36527,72.99555,36.245,2.273,3.972,5.295,
OPGD,07,25,25.29672,62.49876,69.154,1.687,-2.534,-1.317,
OPGT,07,25,35.91875,74.33365,71.531,3.28,-1.75,-0.593,
OPGT,09,27,35.91805,74.34445,87.885,3.279,-5.394,-4.238,2013.67
OPIS,10L,28R,33.55,72.8259,100.508,2.818,-2.31,-1.035,
OPIS,10R,28L,33.54815,72.82549,100.57,2.817,-2.247,-0.972,
OPJA,15,33,28.2842,68.44975,147.265,1.926,-4.661,-3.275,
OPJA,15L,33R,28.28435,68.45125,147.295,1.926,-4.632,-3.245,
OPKC,07L,25R,24.90855,67.1628,74.474,1.318,3.156,4.529,
OPKC,07R,25L,24.90455,67.1588,74.304,1.318,2.986,4.36,
OPLA,18L,36R,31.52155,74.40455,180.821,2.182,-1.36,-0.078,
OPLA,18R,36L,31.52155,74.4026,180.804,2.182,-1.378,-0.095,
OPLH,14,32,31.4948,74.34625,136.643,2.181,-5.538,-4.253,2011.27
OPMA,14,32,33.0501,73.6384,135.59,2.613,-7.024,-5.758,
OPMF,13,31,34.339,73.50865,131.726,2.952,-1.225,0.009,
OPMI,06L,24R,32.5638,71.5704,60.987,2.686,-1.699,-0.375,
OPMI,06R,24L,32.5624,71.571,61.206,2.685,-1.48,-0.156,
OPMJ,08,26,27.33515,68.14305,76.614,1.744,-5.13,-3.743,2021.53
OPMR,04,22,24.8885,66.94025,45.161,1.328,3.833,5.2,
OPMR,09,27,24.8985,66.9399,89.994,1.33,-1.335,0.032,
OPMS,12,30,33.8691,72.4009,121.294,2.942,-1.647,-0.369,
OPNH,02,20,26.2194,68.39005,20.654,1.501,-0.847,0.55,
OPOK,18,36,30.74105,73.35775,180.174,2.1,-1.926,-0.598,
OPPG,13,31,26.95455,64.1325,131.695,1.92,-0.225,1.063,
OPPI,06,24,25.29015,63.34445,58.434,1.63,-3.197,-1.949,
OPPS,17,35,33.9937,71.5146,175.73,3.059,2.671,3.966,
OPQS,14,32,33.5602,73.03325,142.674,2.8,-0.126,1.143,
OPQT,13L,31R,30.25215,66.9387,136.411,2.477,3.934,5.292,
OPQT,13R,31L,30.2507,66.9369,136.292,2.477,3.815,5.173,
OPRK,01,19,28.3839,70.27955,14.564,1.823,2.741,4.14,
OPRN,12,30,33.6168,73.09885,118.118,2.808,-4.69,-3.424,
OPRQ,15,33,30.7585,72.28354,150.507,2.195,-1.688,-0.339,
OPRQ,15R,33L,30.75741,72.28136,150.486,2.195,-1.708,-0.36,
OPRS,09L,27R,34.08265,71.97385,93.909,3.039,0.87,2.154,
OPRS,09R,27L,34.0795,71.97135,93.668,3.039,0.629,1.913,
OPRT,01,19,33.84965,73.79815,13.676,2.796,0.88,2.119,
OPSD,14R,32L,35.3395,75.5414,147.085,2.981,4.105,5.23,
OPSF,08,26,24.8742,67.1185,79.049,1.314,-2.266,-0.893,
OPSK,14,32,27.72195,68.7917,140.327,1.784,-1.456,-0.062,
OPSS,05,23,34.81355,72.3528,51.893,3.198,-1.305,-0.049,
OPSU,01,19,28.6448,69.17735,6.297,1.956,-5.658,-4.267,2011.04
OPSU,01L,19R,28.6455,69.1765,6.137,1.956,-5.819,-4.428,2007.39
OPTH,06,24,24.84155,68.8384,60.662,1.205,-0.543,0.87,
OPTU,08L,26R,25.9864,63.0302,82.985,1.791,1.194,2.437,
OPWN,09,27,32.30465,69.57045,92.065,2.789,-0.724,0.627,
OPZB,10,28,31.3584,69.46365,100.103,2.561,-2.458,-1.094,
OR07,13,31,44.76235,-119.1015,148.095,13.622,4.472,-1.057,
OR17,15,33,44.4118,-118.6915,164.961,13.452,1.509,-3.923,
ORAA,08,26,33.77245,42.42815,88.545,5.021,3.524,5.531,
ORAA,09L,27R,33.78995,42.4546,88.558,5.023,-6.465,-4.46,1998.34
ORAA,09R,27L,33.78125,42.4278,88.558,5.023,-6.465,-4.457,1998.37
ORAT,12L,30R,33.33905,43.5988,119.295,4.872,-5.577,-3.68,2012.3
ORAT,12R,30L,33.337,43.5954,119.416,4.872,-5.456,-3.559,2014.11
ORBD,12,30,33.9364,44.3569,125.619,4.953,0.666,2.532,
ORBD,14,32,33.94395,44.36615,145.771,4.954,0.817,2.682,
ORBI,15L,33R,33.2682,44.2419,150.041,4.82,-4.779,-2.934,
ORBI,15R,33L,33.2557,44.22575,150.035,4.818,-4.784,-2.938,
ORBM,15,33,36.30575,43.1474,157.692,5.534,2.158,4.221,
ORBR,13,31,36.5337,44.3399,138.953,5.549,3.403,5.397,
ORER,18,36,36.23811,43.94667,180.359,5.492,-5.132,-3.128,2020.0
ORKK,13,31,35.4697,44.3465,133.136,5.295,-2.159,-0.22,
ORKK,14,32,35.46925,44.35175,145.357,5.295,0.063,2.001,
ORMM,14,32,30.54885,47.6624,137.969,4.01,-6.041,-4.555,2001.66
ORNI,10,28,31.98985,44.4043,104.072,4.555,-0.482,1.297,
ORQW,15,33,35.7662,43.12205,152.471,5.412,-2.941,-0.902,
ORSH,14R,32L,34.66815,43.53625,142.507,5.152,-2.646,-0.687,
ORSU,13,31,35.56085,45.31465,132.91,5.273,-2.363,-0.485,
ORTF,13,31,36.2831,42.40305,138.46,5.551,2.909,5.024,
ORTI,16,34,33.52385,44.25675,160.503,4.872,-4.369,-2.514,
ORTL,12L,30R,30.93755,46.09125,118.376,4.221,-5.844,-4.235,2006.6
ORTL,12R,30L,30.9336,46.0888,118.301,4.22,-5.919,-4.31,2005.39
ORUB,11L,29R,32.48375,45.75615,108.537,4.557,-6.021,-4.321,2004.52
ORUB,11R,29L,32.4805,45.75795,108.522,4.557,-6.034,-4.335,2004.22
OS57,09,27,35.73215,37.1042,92.742,5.524,-2.783,-0.277,
OS58,09,27,35.11815,36.7112,98.92,5.42,3.5,6.023,
OS60,05L,23R,32.70635,36.412,56.11,5.055,1.055,3.565,
OS60,05R,23L,32.70405,36.4138,56.111,5.054,1.056,3.565,
OS61,06L,24R,33.6096,36.749,64.368,5.181,-0.813,1.678,
OS61,06R,24L,33.60895,36.7523,64.693,5.181,-0.488,2.003,
OS62,10,28,36.09675,37.93645,100.092,5.588,-5.496,-3.046,2015.73
OS63,06L,24R,33.28895,36.4557,62.874,5.138,-2.264,0.249,
OS63,06R,24L,33.28445,36.4592,63.164,5.137,-1.973,0.54,
OS64,04,22,33.9191,36.86665,43.735,5.227,-1.492,0.994,
OS65,11,29,34.49025,36.909,110.541,5.317,-4.776,-2.282,
OS66,10,28,36.1871,37.5832,100.123,5.605,-5.482,-3.002,2016.03
OS67,06,24,33.4775,36.2234,59.763,5.168,-5.405,-2.869,2016.77
OS68,05,23,33.68495,37.21095,58.782,5.186,3.596,6.048,
OS68,08,26,33.67985,37.21685,89.352,5.185,4.167,6.618,
OS69,07,25,33.06575,36.57265,75.0,5.104,-0.103,2.396,
OS69,15,33,33.0789,36.5409,149.915,5.106,-5.191,-2.688,2019.56
OS70,10,28,34.56905,36.5728,100.224,5.332,-5.108,-2.584,2022.27
OS71,10,28,36.5216,37.04145,101.031,5.665,-4.634,-2.101,
OS72,09,27,34.52255,37.62995,89.392,5.314,-5.921,-3.489,2010.04
OS72,09R,27L,34.52175,37.62995,89.368,5.314,-5.946,-3.513,2009.74
OS72,17,35,34.514,37.6076,176.475,5.313,1.163,3.597,
OSAP,09,27,36.18065,37.22435,97.262,5.604,1.658,4.167,
OSDI,05R,23L,33.39565,36.5104,48.388,5.153,-6.764,-4.255,1997.61
OSDZ,10L,28R,35.2854,40.176,109.889,5.401,4.488,6.732,
OSKL,03,21,37.0206,41.1914,38.939,5.744,3.195,5.431,
OSLK,17,35,35.4013,35.94845,176.46,5.466,0.994,3.587,
OSPR,08,26,34.55735,38.3169,84.018,5.309,-1.291,1.084,
OTBD,15,33,25.26105,51.565,158.013,2.622,5.391,6.473,
OTBH,16,34,25.1173,51.31495,158.044,2.624,-4.58,-3.495,
OTBK,14,32,25.62955,51.5067,140.198,2.695,-2.497,-1.4,
OTHH,16L,34R,25.27575,51.6178,158.089,2.619,-4.531,-3.45,
OTHH,16R,34L,25.27315,51.59755,158.2,2.621,-4.421,-3.34,
OY74,07,25,13.1747,44.7651,72.202,1.772,0.429,1.589,
OY75,16,34,15.60185,49.0807,162.018,1.425,0.593,1.445,
OYAA,08,26,12.82955,45.0288,77.083,1.674,-4.592,-3.48,
OYAT,13,31,14.55115,46.8263,134.986,1.627,3.36,4.347,
OYBA,06,24,18.7192,50.83695,59.249,1.649,-2.4,-1.519,
OYBN,17,35,14.782,45.72005,172.975,1.844,1.131,2.242,
OYGD,08,26,16.1932,52.17325,82.014,1.072,0.942,1.695,
OYRN,06,24,14.66265,49.375,62.058,1.233,0.825,1.622,
OYSN,18,36,15.47625,44.2197,179.626,2.189,-2.562,-1.246,
OYSQ,03,21,12.63065,53.9056,26.409,0.235,-3.826,-3.217,
OYSY,07,25,15.96605,48.78835,68.587,1.526,-2.939,-2.053,
OYTZ,01,19,13.686,44.13905,7.522,1.954,-4.433,-3.171,
P09,05,23,40.7081,-80.0285,39.925,-9.247,-0.829,-3.667,
P15,09,27,41.8326,-79.36155,73.963,-9.831,-6.206,-8.465,
P27,13,31,35.96035,-119.3085,153.541,11.934,11.607,8.111,
P34,08,26,40.59895,-77.40565,66.395,-10.757,-2.848,-4.796,
P37,14,32,40.73455,-79.59565,135.542,-9.515,5.057,2.371,2007.48
PA-0042,15,33,7.55688,-80.0233,151.509,-5.18,6.688,-0.484,2015.38
PA-AML,04,22,8.267,-82.8651,37.891,-3.454,1.345,-5.399,
PA39,12,30,40.7764,-77.2164,114.797,-10.888,5.685,3.869,1987.51
PA88,05,23,39.80555,-79.5489,45.058,-9.404,4.462,1.518,
PAAD,05,23,70.136,-146.29003,70.665,14.858,5.807,-12.55,2024.88
PAAK,16,34,52.22055,-174.2065,165.517,4.252,1.265,-4.734,
PAAN,09,27,64.19895,-147.9275,115.348,14.753,10.595,-2.937,2010.77
PAAQ,09,27,61.59305,-149.0915,113.315,14.316,8.999,-2.955,2013.09
PAAQ,16,34,61.5958,-149.08701,180.0,14.317,5.683,-6.273,2024.19
PAAT,02,20,52.82835,173.18,17.812,-1.353,-0.835,-4.821,
PABA,07,25,70.134,-143.582,92.653,15.808,6.844,-12.363,2022.54
PABE,01L,19R,60.7798,-161.83649,24.62,9.101,5.519,-4.193,2024.72
PABE,01R,19L,60.776,-161.83549,23.761,9.102,4.659,-5.053,
PABE,12,30,60.7797,-161.844,129.249,9.098,0.151,-9.56,
PABI,01,19,63.99705,-145.721,29.978,15.523,4.456,-9.34,
PABI,07,25,63.99125,-145.7185,92.234,15.523,6.711,-7.082,2021.05
PABI,10,28,63.99495,-145.7195,124.894,15.523,9.371,-4.424,2013.53
PABL,11,29,65.9816,-161.149,122.081,9.015,3.066,-8.713,
PABM,07,25,59.36165,-155.257,90.496,11.946,8.55,-1.652,2013.21
PABR,08,26,71.28487,-156.76858,89.926,10.155,-0.229,-16.427,
PABT,01,19,66.9139,-151.529,33.187,13.222,9.964,-4.477,2014.05
PABV,02L,20R,61.416,-149.509,38.62,14.162,4.458,-7.353,
PACD,08,26,55.1984,-162.715,94.99,8.95,6.04,-2.028,2021.62
PACD,15,33,55.20915,-162.729,158.76,8.944,-0.184,-8.252,
PACE,07,25,65.57395,-144.781,102.859,15.827,17.032,2.022,1995.78
PACI,04,22,66.64505,-143.74001,53.326,16.134,-2.809,-18.834,
PACL,01,19,64.30125,-149.12,33.716,14.311,9.405,-3.972,2013.68
PACM,11,29,61.84455,-165.574,113.562,7.31,-3.748,-13.112,
PACR,15,33,65.82795,-144.076,180.0,16.053,13.947,-1.39,2004.36
PACV,09,27,60.4925,-145.478,114.122,15.478,8.645,-3.204,2013.33
PACV,16,34,60.4889,-145.477,180.0,15.478,4.522,-7.325,
PACX,02,20,67.2522,-150.2035,32.246,13.733,-1.487,-16.458,
PACZ,02,20,61.7801,-166.039,37.631,7.096,10.535,1.277,2006.49
PADE,03,21,66.06875,-162.767,38.681,8.233,0.449,-11.004,
PADE,12,30,66.06955,-162.767,127.102,8.233,-1.131,-12.584,
PADG,03,21,68.0321,-162.899,40.814,7.889,2.925,-9.429,
PADK,05,23,51.88355,-176.6425,61.295,3.24,8.055,2.465,2007.12
PADL,01,19,59.04465,-158.5055,26.202,10.616,5.586,-4.082,2024.3
PADM,07,25,61.8642,-162.026,84.61,8.953,5.657,-4.37,2024.31
PADQ,01,19,57.7466,-152.488,22.978,12.984,-0.006,-9.923,
PADQ,08,26,57.75185,-152.4995,91.912,12.98,-1.068,-10.986,
PADQ,11,29,57.75045,-152.491,127.112,12.983,4.129,-5.789,
PAED,06,24,61.251,-149.81599,79.888,14.047,5.841,-5.85,2023.55
PAED,16,34,61.2518,-149.793,180.0,14.056,5.944,-5.751,2023.15
PAEE,17,35,60.2137,-162.0435,189.599,9.037,10.562,1.057,2005.79
PAEG,07,25,64.7781,-141.1495,92.301,16.931,5.37,-9.77,2025.53
PAEH,15,33,58.64645,-162.063,163.117,9.1,4.017,-5.031,
PAEI,14,32,64.66565,-147.1015,159.127,15.044,4.083,-9.879,
PAEM,16,34,62.78615,-164.491,175.811,7.741,8.07,-1.794,2016.44
PAEN,02L,20R,60.572,-151.2475,30.127,13.508,-3.381,-14.576,
PAEN,02R,20L,60.5773,-151.2355,28.161,13.512,-5.351,-16.551,
PAEW,12,30,60.8104,-164.49948,130.156,7.887,2.269,-6.994,
PAFA,02,20,64.8192,-147.841,39.473,14.775,4.698,-9.221,
PAFA,02L,20R,64.8153,-147.8625,38.222,14.767,3.455,-10.457,
PAFB,07,25,64.8376,-147.6145,89.004,14.857,4.148,-9.825,
PAFE,11,29,56.9614,-133.9105,130.5,17.435,3.065,-7.711,
PAFM,10,28,67.10805,-157.86,111.892,10.422,1.469,-11.617,
PAFS,04,22,63.01855,-154.35851,62.812,12.261,10.551,-1.26,2009.69
PAGA,06,24,64.7366,-156.939,89.992,11.063,18.929,6.819,1934.11
PAGB,13,31,68.47965,-149.49,152.147,13.885,8.262,-7.764,2018.74
PAGH,09,27,66.88805,-157.1625,116.517,10.768,15.749,2.618,1996.79
PAGK,15,33,62.15495,-145.4545,170.16,15.566,4.593,-8.156,
PAGL,03,21,64.55045,-163.0075,35.93,8.283,-2.354,-13.137,
PAGM,16,34,63.7666,-171.733,171.745,4.138,7.608,-1.035,2017.93
PAGQ,07,25,61.5351,-149.814,89.994,14.053,5.941,-5.886,2023.22
PAGS,02,20,58.4232,-135.713,40.264,17.469,2.795,-8.744,
PAGS,11,29,58.4262,-135.7045,134.747,17.471,7.276,-4.265,2015.98
PAGT,03,21,60.46917,-164.70388,40.982,7.816,3.166,-5.965,
PAGY,02,20,59.4601,-135.31551,43.386,17.676,5.71,-6.501,2023.5
PAGZ,17,35,65.4021,-161.2815,182.232,9.015,3.218,-8.278,
PAHC,02,20,62.1883,-159.775,30.829,9.951,0.878,-9.66,
PAHL,03,21,65.69785,-156.3515,51.395,11.251,10.145,-2.548,2012.68
PAHN,08,26,59.2438,-135.524,110.348,17.617,12.731,0.675,1999.67
PAHO,04,22,59.64555,-151.4765,54.411,13.405,1.006,-9.766,
PAHP,13,31,61.52385,-166.147,148.198,7.067,11.131,1.967,2003.11
PAHU,17,35,66.0391,-154.2645,192.738,12.139,10.6,-2.72,2011.93
PAHV,15,33,63.86755,-148.969,173.629,14.374,9.255,-3.905,2013.78
PAHX,16,34,62.69235,-159.569,180.0,10.016,9.984,-0.776,2010.76
PAIG,05,23,59.32405,-155.9015,71.941,11.687,10.253,0.147,2007.18
PAII,03,21,58.1856,-157.372,50.597,11.098,9.499,-0.037,2009.07
PAII,12,30,58.18545,-157.3765,139.376,11.096,8.28,-1.256,2013.48
PAIL,08,26,59.7516,-154.9105,92.506,12.084,0.422,-9.969,
PAIL,18,36,59.75615,-154.912,188.886,12.084,-3.197,-13.59,
PAIM,07,25,65.9926,-153.7035,82.715,12.383,0.332,-13.083,
PAIW,18,36,65.6226,-168.095,188.702,5.687,3.015,-7.045,
PAJC,02,20,56.31145,-158.3735,33.409,10.707,2.702,-6.145,
PAJN,08,26,58.35495,-134.5765,104.602,17.6,7.003,-4.566,2017.05
PAJZ,09,27,59.72665,-157.2595,106.886,11.125,5.762,-4.305,2023.67
PAKH,04,22,56.9386,-154.183,62.402,12.337,10.065,0.599,2005.87
PAKK,01,19,64.93955,-161.154,24.367,9.12,5.246,-6.082,2025.87
PAKN,12,30,58.6758,-156.6475,131.617,11.389,0.228,-9.559,
PAKN,18,36,58.678,-156.652,196.417,11.387,5.031,-4.757,2026.5
PAKO,08,26,52.94155,-168.849,90.582,6.483,4.099,-2.75,
PAKP,02,20,68.1336,-151.743,38.794,13.004,5.79,-9.407,2024.66
PAKT,11,29,55.35405,-131.7115,135.904,17.276,8.627,-1.321,2009.08
PAKV,03,21,64.31895,-158.741,46.163,10.284,5.878,-5.686,2023.88
PAKW,02,20,55.5792,-133.076,35.282,17.25,-1.968,-12.004,
PALB,04,22,57.53505,-153.97649,55.271,12.427,2.844,-6.849,
PALG,07,25,61.53625,-160.341,81.384,9.732,1.652,-8.56,
PALU,09,27,68.87515,-166.11,100.332,6.139,4.193,-7.792,
PAMB,03,21,58.93205,-158.902,41.971,10.451,1.519,-8.059,
PAMC,05,23,62.95795,-155.6135,69.224,11.735,7.49,-4.078,2018.4
PAMC,16,34,62.9511,-155.605,180.0,11.739,8.261,-3.305,2016.05
PAMD,02,20,59.44775,-146.308,35.659,15.158,0.501,-10.739,
PAMD,13,31,59.4545,-146.305,150.404,15.159,5.244,-5.999,2025.68
PAMH,03,21,63.886,-152.302,44.061,13.078,0.982,-11.6,
PAMK,02,20,63.49005,-162.1105,32.559,8.799,3.76,-6.812,
PAMO,02,20,62.0948,-163.6825,32.801,8.174,4.627,-5.171,
PAMR,04,22,61.2108,-149.84,65.492,14.038,11.455,-0.215,2005.39
PAMR,07,25,61.2159,-149.842,89.99,14.037,5.953,-5.718,2023.12
PAMR,16,34,61.2121,-149.853,180.0,14.033,5.967,-5.701,2023.06
PAMY,05,23,60.37145,-166.2705,66.04,7.1,8.941,0.112,2011.96
PANA,16,34,60.69035,-161.9785,176.824,9.042,7.782,-1.879,2016.46
PANC,07L,25R,61.16979,-149.97832,89.883,13.987,5.896,-5.736,2023.33
PANC,07R,25L,61.16785,-150.00776,89.853,13.976,5.877,-5.75,2023.4
PANC,15,33,61.18539,-150.0065,164.869,13.977,0.892,-10.743,
PANI,11,29,61.58155,-159.543,120.715,10.085,0.63,-9.733,
PANN,04L,22R,64.54885,-149.0745,58.854,14.323,4.531,-8.996,
PANO,02,20,59.98025,-154.8395,36.438,12.112,4.326,-6.16,
PANT,12,30,55.03665,-131.5725,147.754,17.219,10.535,0.754,2001.72
PANU,03,21,64.72935,-158.07449,41.906,10.555,1.35,-10.527,
PANW,14,32,59.4515,-157.373,153.036,11.082,1.954,-8.003,
PAOB,09,27,66.91235,-156.8975,106.321,10.886,5.435,-7.77,2025.45
PAOH,06,24,58.0961,-135.4095,77.233,17.459,-0.226,-11.589,
PAOM,03,21,64.5129,-165.43999,42.205,7.123,5.083,-5.168,2026.36
PAOM,10,28,64.51155,-165.45,109.512,7.118,2.394,-7.854,
PAOO,16,34,60.5413,-165.0875,176.822,7.634,9.188,0.103,2011.31
PAOR,05,23,62.96115,-141.92799,76.403,16.652,9.751,-3.992,2011.86
PAOT,09,27,66.88775,-162.58839,101.489,8.213,3.276,-8.588,
PAOT,17,35,66.87995,-162.6125,194.968,8.203,16.765,4.911,1978.42
PAOU,08,26,56.00755,-161.1605,95.885,9.573,6.312,-2.14,2020.5
PAPB,11,29,56.57735,-169.664,118.152,5.838,2.313,-5.088,
PAPE,02,20,55.9067,-159.1605,34.297,10.394,3.904,-4.744,
PAPG,05,23,56.80165,-132.945,70.287,17.484,2.803,-7.92,
PAPH,05,23,56.9592,-158.6225,69.905,10.6,9.305,0.295,2008.78
PAPH,13,31,56.959,-158.647,149.309,10.59,8.719,-0.288,2011.16
PAPK,02,20,60.7029,-161.7785,32.222,9.131,3.09,-6.608,
PAPN,07,25,57.5804,-157.572,89.993,11.021,8.972,-0.348,2010.67
PAPO,03,21,68.34885,-166.7995,21.893,5.895,-14.001,-25.539,
PAPR,01,19,66.81405,-150.6435,33.047,13.593,9.453,-5.127,2015.1
PAQH,12,30,59.7551,-161.8455,135.11,9.148,5.962,-3.437,2022.86
PAQT,04,22,70.20995,-151.0055,69.864,12.977,16.887,-0.115,2002.15
PARC,02,20,68.11465,-145.5795,44.592,15.406,9.186,-7.569,2016.51
PARS,17,35,61.7749,-161.3195,188.268,9.279,8.988,-1.135,2013.09
PARY,03,21,64.72725,-155.47,51.081,11.709,9.371,-3.027,2014.0
PASA,05,23,63.68585,-170.4965,59.127,4.755,4.372,-4.518,
PASC,05,23,70.1948,-148.465,74.796,14.016,10.78,-6.968,2014.73
PASD,13,31,55.31505,-160.523,148.493,9.851,8.642,0.3,2010.35
PASH,05,23,66.24955,-166.0895,63.952,6.591,7.361,-3.404,2019.8
PASI,11,29,57.04715,-135.3615,135.376,17.297,8.079,-2.681,2012.43
PASK,04,22,66.59975,-159.984,52.365,9.493,2.871,-9.461,
PASK,09,27,66.60055,-159.988,106.341,9.491,6.849,-5.483,2021.47
PASL,14,32,61.7005,-157.166,166.967,11.115,15.852,5.054,1974.26
PASM,17,35,62.0627,-163.3005,181.626,8.354,3.272,-6.587,
PASN,18,36,57.16735,-170.2205,188.833,5.536,3.296,-4.128,
PASV,17,35,61.0974,-155.5745,182.456,11.801,0.654,-10.158,
PASX,07,25,60.475,-151.038,89.988,13.584,6.404,-4.776,2021.21
PASY,10,28,52.7122,174.11349,107.022,-0.925,7.947,3.807,1998.11
PATA,07,25,65.1744,-152.10799,89.022,13.104,5.917,-7.378,2023.91
PATC,17,35,65.564,-167.9225,174.468,5.781,-1.312,-11.39,
PATE,08,26,65.24035,-166.3395,89.279,6.601,2.678,-7.638,
PATG,03,21,59.0529,-160.397,45.835,9.809,6.026,-3.381,2022.48
PATK,1,19,62.32135,-150.09273,27.036,13.958,3.077,-9.091,
PATL,17,35,62.89445,-155.9765,177.494,11.582,-4.088,-15.565,
PATQ,07,25,70.4671,-157.4355,81.246,10.046,1.2,-14.143,
PAUM,06,24,69.37115,-152.135,82.672,12.655,10.017,-5.98,2015.55
PAUN,09,27,63.8831,-160.793,98.571,9.379,-0.808,-11.788,
PAUN,15,33,63.8901,-160.801,164.42,9.375,5.046,-5.936,2026.48
PAUO,13,31,61.75445,-150.05151,154.015,13.969,10.045,-1.853,2010.32
PAUT,09,27,54.14461,-165.60411,98.695,7.781,0.913,-6.573,
PAVA,02,20,61.54085,-165.601,33.206,7.321,5.885,-3.387,2023.4
PAVC,08,26,55.11635,-162.26649,88.218,9.139,-0.922,-9.021,
PAVD,06,24,61.13395,-146.2485,81.4,15.269,6.131,-5.961,2022.35
PAVE,04,22,67.00865,-146.3665,62.446,15.217,7.229,-8.469,2020.56
PAVL,12,30,67.73615,-164.5635,136.974,7.119,9.855,-1.938,2014.34
PAWB,05,23,66.3622,-147.4065,72.324,14.877,7.447,-7.556,2019.74
PAWD,13,31,60.13275,-149.42,143.076,14.16,-1.084,-12.308,
PAWG,10,28,56.4843,-132.37,120.866,17.462,3.404,-7.158,
PAWI,05,23,70.63805,-159.995,67.331,8.782,8.55,-6.193,2018.98
PAWM,15,33,64.68915,-163.4125,164.862,8.077,6.786,-3.964,2021.06
PAWN,01,19,67.56105,-162.9805,22.56,7.925,4.635,-7.459,
PAWS,04,22,61.57165,-149.54,56.391,14.154,2.238,-9.644,
PAWT,3,21,70.61335,-159.8605,69.207,8.853,30.354,15.591,
PAYA,02,20,59.50255,-139.6725,45.457,16.917,8.54,-3.34,2012.76
PAYA,11,29,59.504,-139.64999,134.519,16.922,7.597,-4.285,2015.66
PE-0035,03,21,-11.92875,-77.0611,28.754,-3.636,2.39,-5.621,
PFAK,03,21,60.9029,-161.2305,46.534,9.366,7.168,-2.685,2018.65
PFAL,05,23,66.55185,-152.62199,73.338,12.797,10.54,-3.432,2012.51
PFCL,18,36,58.83365,-158.5295,197.361,10.61,6.751,-2.846,2019.46
PFEL,01,19,64.61495,-162.2705,30.229,8.626,11.603,0.64,2006.46
PFKA,17,35,60.87335,-162.52399,186.862,8.786,8.077,-1.549,2015.53
PFKK,07,25,59.4333,-154.80251,80.809,12.127,-1.318,-11.604,
PFKO,02,20,63.0306,-163.53249,33.728,8.172,5.557,-4.575,2024.76
PFKT,04,22,65.332,-166.46751,53.486,6.527,6.959,-3.363,2020.65
PFKT,11,29,65.33085,-166.4645,130.224,6.528,13.695,3.373,1996.13
PFKU,07,25,64.87585,-157.7305,78.819,10.699,-1.881,-13.893,
PFKW,18,36,60.7903,-161.4435,196.239,9.277,6.962,-2.819,2019.31
PFNO,06,24,66.8175,-161.0225,75.24,8.974,6.266,-5.932,2023.12
PFSH,14,32,64.3711,-161.224,156.971,9.139,7.832,-3.252,2017.94
PFTO,07,25,63.32955,-142.9535,99.28,16.377,12.903,-0.923,2004.05
PFWS,04,22,58.7041,-157.0035,62.324,11.244,11.08,1.328,2002.85
PFWS,12,30,58.7007,-157.002,137.451,11.244,6.207,-3.544,2021.64
PG-0094,16,34,-6.05731,142.87544,166.979,3.921,3.058,1.984,
PGRO,09,27,14.17435,145.2425,91.722,0.208,1.515,0.029,
PGSN,07,25,15.119,145.7295,68.053,0.07,-2.016,-3.487,
PGUA,06L,24R,13.58625,144.9295,65.737,0.288,5.449,3.953,2018.59
PGUA,06R,24L,13.5816,144.9305,66.053,0.29,5.764,4.268,2013.37
PGWT,08,26,14.9992,145.619,79.316,0.074,-0.758,-2.233,
PH-0096,12,30,15.78195,119.79278,121.781,-2.847,4.628,2.302,
PH-0679,06,24,9.80926,125.593,59.599,-1.965,1.564,-0.939,
PH-0680,09,27,16.83005,121.5005,90.535,-3.224,3.759,1.341,
PH-0681,06,24,13.15752,123.73482,57.341,-2.61,-0.049,-2.547,
PH-0683,17,35,9.66408,123.853,172.876,-1.925,4.801,2.336,
PH-0687,08,26,15.25454,120.67832,76.007,-2.83,-1.163,-3.539,
PHBK,16,34,22.02275,-159.7855,170.242,9.226,1.016,-1.16,
PHDH,08,26,21.5795,-158.1975,90.904,9.284,1.62,-0.45,
PHHF,06,24,23.86405,-166.2845,73.205,8.881,4.324,1.772,
PHHI,06,24,21.4835,-158.0395,66.854,9.286,-2.432,-4.484,
PHHN,08,26,20.7956,-156.0145,89.998,9.344,0.654,-1.237,
PHJH,02,20,20.96295,-156.673,27.216,9.322,-2.105,-4.042,
PHJR,04L,22R,21.31035,-158.06651,55.446,9.273,6.173,4.144,1994.88
PHJR,04R,22L,21.3062,-158.0695,54.707,9.273,5.434,3.406,2012.13
PHKO,17,35,19.7388,-156.0455,185.357,9.261,6.096,4.346,1992.89
PHLI,03,21,21.97925,-159.342,45.779,9.247,6.532,4.374,1991.34
PHLI,17,35,21.97275,-159.336,180.0,9.247,0.753,-1.404,
PHLU,05,23,21.21105,-156.9735,61.945,9.324,2.62,0.64,
PHMK,05,23,21.15265,-157.0955,59.406,9.313,0.093,-1.884,
PHMK,17,35,21.1532,-157.09801,180.0,9.313,0.687,-1.29,
PHMU,04,22,20.0013,-155.668,52.183,9.3,2.884,1.112,
PHNG,04,22,21.45045,-157.768,51.699,9.298,2.4,0.362,
PHNL,04L,22R,21.32405,-157.915,52.518,9.282,3.236,1.211,
PHNL,04R,22L,21.32135,-157.9165,52.857,9.282,3.575,1.55,
PHNL,08L,26R,21.3252,-157.925,89.993,9.282,0.712,-1.314,
PHNL,08R,26L,21.3068,-157.9285,89.994,9.28,0.714,-1.31,
PHNP,04,22,21.3649,-157.9595,50.303,9.282,1.021,-1.012,
PHNY,03,21,20.78565,-156.9515,46.263,9.294,6.969,5.047,
PHOG,02,20,20.897,-156.4305,33.195,9.33,3.865,1.946,
PHOG,05,23,20.9009,-156.4305,64.607,9.33,5.277,3.357,2016.73
PHPA,09,27,21.89695,-159.6035,99.56,9.228,0.332,-1.822,
PHSF,09,27,19.76005,-155.5535,100.335,9.286,1.048,-0.687,
PHTO,03,21,19.71835,-155.057,38.97,9.308,-0.338,-2.05,
PHTO,08,26,19.7214,-155.0435,89.995,9.309,0.687,-1.026,
PHUP,07,25,20.26525,-155.86,75.171,9.311,-4.14,-5.954,
PK-0081,16,34,28.5972,65.42255,161.349,2.195,-0.846,0.485,
PK-0082,03,21,29.539,66.02335,27.103,2.371,-5.268,-3.923,2018.42
PK-REQ,18,36,29.04679,62.19682,174.611,2.51,-7.899,-6.642,
PKMA,06,24,11.3407,162.3275,62.419,5.926,-3.508,-4.567,
PKMJ,07,25,7.06476,171.272,76.689,8.589,-1.9,-2.879,
PKRO,04,22,9.39688,167.471,50.333,7.553,2.78,1.741,
PKWA,06,24,8.72012,167.73151,72.166,7.718,4.448,3.443,
PL-0002,07,25,54.20014,15.68417,76.029,6.017,0.013,6.026,
PL-0264,09,27,54.47885,17.1075,86.78,6.461,-9.681,-3.799,1989.07
PL-0265,08,26,51.18275,16.17825,79.883,5.709,-5.826,-0.338,2020.17
PL-0273,10,28,52.19825,20.2911,107.862,6.848,1.014,6.154,
PLCH,08,26,1.98633,-157.35,90.031,9.143,0.889,0.735,
PMDY,06,24,28.20145,-177.3815,68.811,7.051,1.76,-1.209,
PPIZ,05,23,69.73205,-163.011,68.758,7.51,11.248,-2.047,2012.67
PR-0009,08,26,18.3089,-65.6619,67.492,-13.868,1.361,-2.857,
PR10,06,24,18.0107,-67.1414,65.526,-13.308,18.834,14.109,
PR27,10,28,17.96325,-66.39125,91.584,-13.599,5.184,0.662,2024.11
PT-0157,06,24,40.2648,-7.47995,47.874,-0.472,-11.654,-4.278,1980.7
PTKK,04,22,7.46189,151.843,46.148,3.829,2.32,1.321,
PTPN,09,27,6.98509,158.20982,90.27,5.71,-5.441,-6.285,
PTRO,09,27,7.36765,134.544,91.375,-0.582,1.956,-0.21,
PTSA,05,23,5.35693,162.9585,55.635,7.206,-1.571,-2.34,
PTYA,07,25,9.49891,138.0825,70.751,-0.357,1.108,-0.833,
PWAK,10,28,19.2821,166.63599,101.889,5.243,-3.354,-4.969,
QJP,04,22,37.8665,127.1745,34.762,-9.106,3.868,1.923,
RCAY,18L,36R,22.78335,120.264,180.0,-4.362,4.362,2.052,
RCAY,18R,36L,22.78175,120.2615,182.401,-4.362,6.763,4.452,1989.8
RCBS,06,24,24.42785,118.359,63.051,-4.435,7.486,5.295,1966.92
RCDC,09,27,22.6724,120.4615,87.852,-4.364,2.216,-0.106,
RCFG,03,21,26.1598,119.9585,26.253,-5.078,1.331,-0.915,
RCFN,04,22,22.755,121.1015,38.965,-4.464,3.43,1.082,
RCGI,17,35,22.67385,121.4665,162.957,-4.49,-2.553,-4.916,
RCKH,09,27,22.5771,120.35,92.053,-4.328,6.381,4.064,2005.52
RCKU,18L,36R,23.46,120.395,180.0,-4.531,4.531,2.223,
RCKU,18R,36L,23.4636,120.3905,178.073,-4.531,2.603,0.296,
RCKW,14,32,22.04105,120.7305,138.272,-4.259,2.531,0.19,
RCLY,13,31,22.02885,121.5335,131.009,-4.352,5.362,2.987,2020.4
RCMQ,18,36,24.265,120.621,176.821,-4.743,1.564,-0.741,
RCMT,03,21,26.22415,120.0025,25.855,-5.1,0.955,-1.292,
RCNN,18L,36R,22.9505,120.2075,178.079,-4.392,2.471,0.165,
RCNN,18R,36L,22.95035,120.204,180.0,-4.391,4.391,2.085,
RCPO,05,23,24.81805,120.9395,44.396,-4.914,-0.69,-2.998,
RCQC,02,20,23.56865,119.6285,17.893,-4.446,2.339,0.07,
RCQS,04,22,22.7931,121.182,34.158,-4.483,-1.359,-3.709,
RCSQ,08,26,22.7,120.4825,77.836,-4.373,2.209,-0.113,
RCSS,10,28,25.0695,121.553,91.932,-5.055,-3.014,-5.339,
RCTP,05L,23R,25.08369,121.22969,49.121,-5.015,4.136,1.822,
RCTP,05R,23L,25.07207,121.23774,49.14,-5.013,4.153,1.839,
RCWA,02,20,23.3692,119.5035,19.535,-4.384,3.919,1.653,
RCYU,03,21,24.02365,121.617,26.506,-4.818,1.325,-1.021,
RCYU,03R,21L,24.0222,121.619,26.2,-4.818,1.018,-1.328,
RDV,10,28,61.78805,-157.35,120.522,11.033,9.488,-1.313,2011.74
RJ04,07,25,42.045,140.793,57.227,-9.739,-3.034,-4.271,
RJAA,16L,34R,35.79425,140.386,149.959,-7.849,-2.192,-3.665,
RJAA,16R,34L,35.75885,140.3795,148.898,-7.838,-3.263,-4.738,
RJAF,18,36,36.1668,137.9225,172.241,-8.342,0.583,-0.978,
RJAH,03R,21L,36.18105,140.4155,21.275,-7.968,-0.757,-2.216,
RJAM,05,23,24.2897,153.979,46.147,-0.357,-3.496,-4.905,
RJAW,07,25,24.78395,141.32301,67.886,-4.064,1.95,0.237,
RJBB,06L,24R,34.43992,135.22308,50.837,-8.089,-1.075,-2.828,
RJBB,06R,24L,34.4273,135.244,51.456,-8.083,-0.461,-2.215,
RJBD,15,33,33.6623,135.3645,142.167,-7.834,0.0,-1.777,
RJBE,09,27,34.6327,135.2235,84.358,-8.149,2.507,0.761,
RJBH,04,22,34.36675,132.414,30.128,-8.226,-1.646,-3.535,
RJBK,09,27,34.59085,133.933,85.552,-8.228,3.78,1.97,
RJBT,01,19,35.5129,134.787,0.0,-8.457,-1.543,-3.275,
RJCA,08,26,43.79425,142.3645,72.162,-9.971,2.133,0.993,
RJCB,17,35,42.7336,143.21751,158.88,-9.477,-1.643,-2.807,
RJCC,01L,19R,42.775,141.6905,352.193,-9.797,-8.011,-9.199,
RJCC,01R,19L,42.7754,141.694,353.729,-9.796,-6.474,-7.663,
RJCH,12,30,41.77015,140.822,108.045,-9.65,-2.305,-3.55,
RJCJ,18L,36R,42.79315,141.669,172.946,-9.806,2.752,1.564,
RJCJ,18R,36L,42.7986,141.664,173.006,-9.809,2.815,1.626,
RJCK,17,35,43.041,144.193,157.241,-9.355,-3.405,-4.549,
RJCM,18,36,43.8806,144.16399,176.306,-9.611,5.918,4.799,1986.2
RJCN,08,26,43.57745,144.9595,70.56,-9.336,-0.103,-1.229,
RJCO,14,32,43.11615,141.38,135.339,-9.957,5.297,4.113,2019.12
RJCT,13,31,42.8905,143.1585,123.856,-9.537,3.393,2.234,
RJCT,13L,31R,42.8935,143.161,124.215,-9.537,3.753,2.593,
RJCW,08,26,45.4041,141.801,69.267,-10.555,-0.178,-1.272,
RJDA,13,31,32.4825,130.1585,124.313,-7.683,1.996,-0.059,
RJDB,02,20,33.7491,129.786,8.052,-8.05,-3.898,-5.917,
RJDC,07,25,33.92995,131.279,62.307,-8.115,0.422,-1.533,
RJDT,14,32,34.2849,129.3305,134.875,-8.195,3.07,1.055,
RJEB,14,32,44.3039,143.404,132.875,-9.905,2.78,1.67,
RJEC,16,34,43.6707,142.44749,154.958,-9.917,4.876,3.732,
RJEO,13,31,42.0716,139.433,119.715,-9.968,-0.317,-1.592,
RJER,07,25,45.242,141.1875,56.76,-10.622,-2.618,-3.729,
RJFA,12,30,33.8827,130.654,115.599,-8.101,3.7,1.719,
RJFC,14,32,30.38555,130.6595,134.314,-7.067,1.38,-0.734,
RJFE,03,21,32.66625,128.8325,25.038,-7.705,2.743,0.651,
RJFF,16L,34R,33.58595,130.45049,150.172,-8.012,-1.816,-3.817,
RJFF,16R,34L,33.58619,130.44791,150.235,-8.012,-1.753,-3.755,
RJFG,13,31,30.60505,130.991,122.44,-7.128,-0.432,-2.525,
RJFK,16,34,31.8034,130.719,149.703,-7.484,-2.813,-4.872,
RJFM,09,27,31.87715,131.4485,85.281,-7.498,2.779,0.751,
RJFN,10,28,32.0838,131.452,101.841,-7.56,9.401,7.381,
RJFO,01,19,33.4795,131.737,0.0,-7.973,-2.027,-3.98,
RJFR,18,36,33.84555,131.035,170.323,-8.091,-1.586,-3.554,
RJFS,11,29,33.14975,130.30251,99.316,-7.881,-2.803,-4.826,
RJFT,07,25,32.8373,130.8555,64.633,-7.791,2.423,0.408,
RJFU,14,32,32.91695,129.9135,138.612,-7.808,6.42,4.373,1999.26
RJFY,08L,26R,31.3686,130.836,78.994,-7.355,6.349,4.278,2003.55
RJFY,08R,26L,31.36675,130.839,79.808,-7.354,7.163,5.091,1972.75
RJFZ,07,25,33.68545,131.041,69.996,-8.043,8.039,6.065,1924.67
RJGG,18,36,34.8584,136.8055,169.449,-8.064,-2.487,-4.149,
RJKA,03,21,28.4306,129.71249,26.161,-6.503,2.665,0.449,
RJKB,04,22,27.4303,128.7045,34.718,-6.212,0.93,-1.348,
RJKI,07,25,28.32085,129.927,65.215,-6.472,1.686,-0.526,
RJKN,01,19,27.8364,128.881,5.637,-6.328,1.965,-0.294,
RJNA,16,34,35.25545,136.924,152.338,-8.176,0.514,-1.127,
RJNF,18,36,36.14285,136.2235,176.132,-8.53,4.661,3.022,
RJNG,10,28,35.3941,136.8695,92.401,-8.226,0.627,-1.012,
RJNH,09,27,34.75025,137.703,90.739,-7.921,8.66,7.036,
RJNO,08,26,36.1795,133.3225,59.697,-8.747,-11.556,-13.33,
RJNT,02,20,36.64845,137.1875,12.977,-8.585,1.562,-0.014,
RJNW,07,25,37.29315,136.962,66.044,-8.812,4.856,3.296,
RJNY,09,27,34.81265,138.298,86.968,-7.861,4.829,3.235,
RJOA,10,28,34.436,132.9195,89.991,-8.23,-1.78,-3.642,
RJOB,07,25,34.75695,133.8555,59.837,-8.283,-1.88,-3.686,
RJOC,07,25,35.4137,132.8895,59.384,-8.529,-2.086,-3.911,
RJOF,01,19,34.0327,131.549,0.0,-8.143,-1.857,-3.796,
RJOF,12,30,34.03585,131.5445,108.993,-8.144,-2.863,-4.802,
RJOI,02,20,34.14491,132.24691,9.013,-8.163,-2.823,-4.728,
RJOI,02R,20L,34.1412,132.237,0.0,-8.162,-11.838,-13.743,
RJOK,14,32,33.546,133.66949,129.7,-7.921,-2.379,-4.242,
RJOM,14,32,33.82725,132.6995,129.963,-8.052,-1.985,-3.882,
RJOO,14L,32R,34.78945,135.436,135.381,-8.18,3.561,1.831,
RJOO,14R,32L,34.78175,135.4405,135.186,-8.177,3.363,1.632,
RJOR,10,28,35.53005,134.165,93.504,-8.504,2.007,0.246,
RJOS,11,29,34.1328,134.6065,102.262,-8.042,0.304,-1.492,
RJOT,08,26,34.21405,134.01601,72.763,-8.107,0.87,-0.951,
RJOW,11,29,34.6764,131.7905,104.849,-8.333,3.182,1.279,
RJOY,09,27,34.596,135.5975,86.733,-8.105,4.838,3.108,
RJOY,13,31,34.59745,135.601,128.14,-8.105,6.245,4.515,1995.37
RJOZ,12,30,34.0443,131.0545,114.418,-8.15,2.568,0.609,
RJOZ,17,35,34.04985,131.05,161.765,-8.152,-0.083,-2.042,
RJSA,06,24,40.73325,140.689,51.891,-9.355,1.246,-0.042,
RJSC,01,19,38.41185,140.3715,7.527,-8.685,6.212,4.829,1984.34
RJSD,10,28,38.0602,138.414,96.013,-8.874,4.887,3.418,
RJSF,01,19,37.22745,140.428,4.063,-8.3,2.363,0.941,
RJSH,06,24,40.5564,141.464,44.831,-9.162,-6.007,-7.28,
RJSH,07,25,40.5521,141.467,63.817,-9.16,2.977,1.704,
RJSH,12,30,40.55865,141.47,109.813,-9.161,-1.025,-2.298,
RJSI,02,20,39.42875,141.1355,9.96,-8.871,-1.169,-2.491,
RJSK,10,28,39.6156,140.2185,96.606,-9.088,5.694,4.35,2012.13
RJSM,10,28,40.7032,141.368,94.994,-9.225,4.219,2.948,
RJSN,04,22,37.9533,139.119,32.33,-8.74,1.07,-0.375,
RJSN,10,28,37.9563,139.10999,92.573,-8.742,1.315,-0.13,
RJSR,11,29,40.19185,140.3715,99.967,-9.242,-0.791,-2.108,
RJSS,09,27,38.14055,140.916,82.567,-8.505,1.071,-0.303,
RJSS,12,30,38.13695,140.921,118.265,-8.503,6.768,5.394,1944.39
RJST,07,25,38.40165,141.2115,58.733,-8.534,-2.734,-4.089,
RJST,15,33,38.40855,141.2155,139.99,-8.535,-1.475,-2.83,
RJSY,09,27,38.81235,139.7875,79.6,-8.907,-1.493,-2.881,
RJTA,01,19,35.4546,139.45,0.0,-7.895,-2.105,-3.628,
RJTH,08,26,33.11515,139.786,69.471,-7.085,-3.444,-5.031,
RJTJ,17,35,35.8416,139.411,158.815,-8.025,-3.16,-4.67,
RJTK,02,20,35.39825,139.91,17.16,-7.802,4.962,3.456,
RJTL,01,19,35.79895,140.01199,0.0,-7.914,-2.086,-3.574,
RJTO,03,21,34.78195,139.3605,20.445,-7.693,-1.862,-3.412,
RJTQ,02,20,34.07215,139.56,16.132,-7.432,3.564,1.999,
RJTR,02,20,35.5138,139.3935,8.864,-7.923,-3.213,-4.736,
RJTT,04,22,35.55824,139.76919,35.056,-7.877,2.933,1.427,
RJTT,05,23,35.5323,139.8128,42.572,-7.861,0.433,-1.071,
RJTT,16L,34R,35.55279,139.79585,149.891,-7.87,-2.238,-3.743,
RJTT,16R,34L,35.54852,139.7772,149.875,-7.872,-2.252,-3.758,
RJTU,01,19,36.51455,139.87099,6.019,-8.166,4.185,2.717,
RJTY,18,36,35.7485,139.3485,169.152,-8.005,-2.843,-4.359,
RK13,17,35,38.0875,127.9865,175.391,-9.237,14.628,12.717,
RK14,18,36,38.0266,127.3665,172.959,-9.169,2.128,0.195,
RK15,03,21,38.1548,127.3125,21.176,-9.202,0.378,-1.552,
RK16,03,21,38.0758,127.521,26.362,-9.197,5.558,3.632,2017.65
RK17,04,22,38.1385,128.0075,29.477,-9.253,-1.27,-3.178,
RK18,17,35,38.079,127.2725,159.67,-9.176,-1.153,-3.087,
RK19,17,35,38.1375,127.742,162.479,-9.233,1.712,-0.205,
RK21,06,24,38.38265,128.4575,57.602,-9.355,6.957,5.073,1972.01
RK22,01,19,38.11905,127.685,0.0,-9.223,-0.777,-2.697,
RK27,14,32,37.89545,126.9715,122.288,-9.096,-8.616,-10.565,
RK28,09,27,37.9094,127.008,82.823,-9.103,1.926,-0.022,
RK31,08,26,37.9295,127.7565,75.834,-9.173,5.007,3.083,2026.41
RK32,03,21,37.9562,128.31599,24.968,-9.221,4.189,2.284,
RK34,02,20,37.64805,128.5715,13.64,-9.147,2.787,0.879,
RK38,18,36,38.02975,127.141,180.0,-9.15,9.15,7.211,
RK40,07,25,38.24905,127.378,62.111,-9.235,1.346,-0.578,
RK41,14,32,38.21515,127.655,123.244,-9.248,-7.508,-9.425,
RK42,08,26,38.05165,127.798,70.869,-9.212,0.081,-1.838,
RK43,05,23,38.10605,128.201,45.525,-9.257,4.783,2.879,
RK44,04,22,38.2417,128.2075,37.203,-9.297,6.5,4.602,1992.17
RK48,07,25,37.70315,127.9045,62.422,-9.118,1.54,-0.388,
RK49,07,25,36.75605,126.33,68.04,-8.705,6.745,4.738,1984.38
RK50,03,21,36.5838,126.66,23.069,-8.689,1.758,-0.248,
RK52,02L,20R,37.28875,127.2265,25.143,-8.943,14.087,12.122,
RK52,02R,20L,37.2849,127.2265,9.072,-8.942,-1.985,-3.95,
RK60,15,33,35.30625,126.4955,147.795,-8.308,6.104,4.048,2010.32
RK6D,09,27,35.3447,127.018,89.999,-8.366,8.365,6.323,1918.59
RK6O,10,28,37.1629,128.21851,91.088,-8.982,0.071,-1.868,
RK82,04,22,38.11875,128.0395,39.284,-9.25,8.533,6.625,1915.08
RKJB,01,19,34.99142,126.38281,359.614,-8.208,-2.177,-4.246,
RKJJ,04L,22R,35.1265,126.8085,32.881,-8.286,1.166,-0.888,
RKJJ,04R,22L,35.12585,126.81,30.735,-8.286,-0.979,-3.034,
RKJK,18,36,35.90375,126.616,168.631,-8.49,-2.879,-4.91,
RKJM,06,24,34.7589,126.38,51.464,-8.142,-0.394,-2.471,
RKJU,07,25,35.87845,127.1195,68.117,-8.528,6.645,4.625,1989.5
RKJY,17,35,34.84235,127.617,159.341,-8.268,-2.391,-4.436,
RKNN,08,26,37.75355,128.9435,68.425,-9.199,-2.376,-4.267,
RKNW,03,21,37.43805,127.9605,25.123,-9.045,4.168,2.232,
RKNY,15,33,38.06135,128.669,140.888,-9.274,0.162,-1.727,
RKPC,07,25,33.50745,126.483,58.983,-7.798,-3.219,-5.338,
RKPC,13,31,33.5105,126.4955,125.07,-7.8,2.871,0.752,
RKPD,01,19,33.3933,126.712,0.0,-7.786,-2.214,-4.333,
RKPD,15,33,33.3985,126.713,142.155,-7.787,-0.058,-2.177,
RKPE,18,36,35.14095,128.69601,170.393,-8.419,-1.188,-3.19,
RKPK,18L,36R,35.1818,128.939,172.399,-8.443,0.842,-1.151,
RKPK,18R,36L,35.17955,128.937,173.475,-8.442,1.917,-0.076,
RKPS,06L,24R,35.0892,128.0695,55.72,-8.369,4.089,2.066,
RKPS,06R,24L,35.08825,128.0725,55.925,-8.369,4.295,2.271,
RKPU,18,36,35.5935,129.3515,177.383,-8.58,5.964,4.002,2012.0
RKRA,18,36,37.83045,126.9895,175.763,-9.079,4.841,2.89,
RKRB,17,35,37.47495,126.747,157.773,-8.953,-3.274,-5.245,
RKRG,15,33,37.5015,127.6295,146.441,-9.038,5.479,3.534,2018.63
RKRK,16,34,37.81165,127.357,157.864,-9.106,6.971,5.029,1975.14
RKRN,10L,28R,37.19745,127.475,89.6,-8.938,-1.462,-3.423,
RKRN,10R,28L,37.1964,127.4735,89.998,-8.937,-1.064,-3.025,
RKRP,16,34,37.7626,126.793,158.349,-9.04,7.39,5.43,1948.38
RKSG,14,32,36.96225,127.0315,131.482,-8.832,0.314,-1.668,
RKSI,15L,33R,37.47015,126.4525,144.069,-8.922,2.991,1.013,
RKSI,15R,33L,37.468,126.4485,144.162,-8.921,3.083,1.104,
RKSI,16L,34R,37.45809,126.42866,144.656,-8.916,-6.428,-8.408,
RKSI,16R,34L,37.45501,126.42566,144.654,-8.915,-6.431,-8.411,
RKSM,01,19,37.44635,127.116,0.0,-8.979,-1.021,-2.983,
RKSM,02,20,37.44565,127.113,6.909,-8.979,-4.113,-6.075,
RKSO,09L,27R,37.09252,127.02933,84.045,-8.869,2.914,0.937,
RKSO,09R,27L,37.09061,127.02957,84.055,-8.869,2.923,0.946,
RKSS,14L,32R,37.55885,126.7925,134.759,-8.982,3.741,1.774,
RKSS,14R,32L,37.5578,126.7885,135.699,-8.981,4.68,2.714,
RKSW,15L,33R,37.23985,127.0075,142.08,-8.91,0.99,-0.982,
RKSW,15R,33L,37.23895,127.0065,142.08,-8.909,0.99,-0.983,
RKSW,16,34,37.2275,127.0245,159.443,-8.908,8.351,6.379,1919.12
RKTE,16,34,36.56815,127.5,154.41,-8.757,3.167,1.184,
RKTH,10,28,35.98785,129.4205,89.082,-8.699,-2.219,-4.163,
RKTI,18L,36R,37.03005,127.8865,174.44,-8.921,3.361,1.407,
RKTI,18R,36L,37.02995,127.884,176.403,-8.921,5.324,3.369,2020.7
RKTN,13L,31R,35.8946,128.6595,124.536,-8.638,3.174,1.2,
RKTN,13R,31L,35.89365,128.6585,124.329,-8.637,2.967,0.993,
RKTP,03L,21R,36.70515,126.485,23.424,-8.706,2.13,0.125,
RKTP,03R,21L,36.7044,126.4875,25.044,-8.706,3.75,1.745,
RKTU,06L,24R,36.7177,127.499,51.801,-8.801,0.601,-1.377,
RKTU,06R,24L,36.7154,127.4995,50.988,-8.8,-0.212,-2.19,
RKTY,10,28,36.63195,128.355,88.807,-8.836,-2.357,-4.312,
RKUC,14,32,36.57155,127.2955,136.248,-8.742,4.99,3.001,
RKUL,11L,29R,36.26945,127.1135,103.348,-8.64,1.987,-0.018,
RKUL,11R,29L,36.2686,127.1105,109.082,-8.639,7.721,5.716,1942.38
RMP,11,29,65.5079,-150.1405,139.123,13.878,15.245,1.363,1998.97
RO-0001,14,32,46.84374,26.55861,150.495,6.907,3.588,7.456,
RO-0009,18,36,46.2718,21.60622,188.106,6.025,2.081,6.366,
RO-0031,10,28,47.1679,22.85455,104.17,6.386,-2.215,2.028,
RO-0107,11,29,44.0773,24.4164,105.399,6.074,-10.675,-6.84,1942.07
RO-0108,04,22,44.22487,26.12128,43.625,6.322,-2.697,0.998,
ROAH,18L,36R,26.1958,127.6455,178.072,-5.847,3.92,1.582,
ROAH,18R,36L,26.1909,127.633,175.773,-5.846,1.618,-0.72,
RODE,05,23,26.731,127.7585,48.269,-5.996,4.265,1.944,
RODN,05L,23R,26.3567,127.7655,51.201,-5.894,7.095,4.764,1980.99
RODN,05R,23L,26.3545,127.7695,51.201,-5.894,7.095,4.764,1980.98
ROKJ,03,21,26.3635,126.7135,20.582,-5.854,-3.563,-5.91,
ROMD,02,20,25.8465,131.2635,19.205,-5.733,4.938,2.699,
ROMY,04,22,24.7828,125.295,37.65,-5.36,3.009,0.614,
RORE,04,22,26.72285,127.786,40.542,-5.995,6.537,4.217,2001.95
RORK,03,21,25.9439,131.32401,31.489,-5.759,7.248,5.014,1975.68
RORS,17,35,24.8269,125.145,164.421,-5.36,-0.219,-2.613,
RORT,18,36,24.6539,124.675,172.237,-5.282,-2.481,-4.877,
RORY,14,32,27.04395,128.4015,137.834,-6.099,3.933,1.636,
ROTM,06,24,26.27415,127.7565,55.022,-5.872,0.894,-1.44,
ROYN,08,26,24.46695,122.978,74.72,-5.079,-0.201,-2.576,
RP12,08,26,13.90025,121.7435,84.16,-2.649,6.81,4.384,1990.5
RP15,04,22,10.91205,124.4375,39.156,-2.178,1.334,-1.163,
RP16,12,30,6.65425,121.9795,116.56,-1.321,-2.118,-4.437,
RP17,17,35,6.40229,125.6195,174.657,-1.313,5.969,3.537,2015.28
RPLA,01,19,12.9859,121.426,10.288,-2.448,2.735,0.331,
RPLB,07,25,14.79445,120.2715,66.989,-2.702,-0.309,-2.661,
RPLC,02R,20L,15.1879,120.5635,21.588,-2.806,4.394,2.024,
RPLE,05,23,14.41885,122.0396,42.23,-2.774,-4.996,-7.438,
RPLI,01,19,18.1761,120.531,4.37,-3.408,-2.222,-4.587,
RPLJ,05,23,14.70333,122.33,51.681,-2.851,4.533,2.078,
RPLL,06,24,14.50615,121.015,60.252,-2.712,2.964,0.572,
RPLL,13,31,14.517,121.0105,134.58,-2.714,7.294,4.902,1977.55
RPLS,07,25,14.49535,120.904,67.428,-2.7,0.129,-2.257,
RPLU,07,25,13.85545,120.1055,66.383,-2.505,-1.111,-3.447,
RPLV,05,23,15.4347,121.0915,49.235,-2.903,2.139,-0.26,
RPMA,16,34,6.36638,124.7515,155.656,-1.319,-3.025,-5.441,
RPMB,01,19,6.10644,125.235,15.004,-1.266,6.27,3.852,2011.82
RPMC,10,28,7.16525,124.2095,103.346,-1.464,4.81,2.387,
RPMD,05,23,7.12552,125.6455,49.836,-1.447,1.282,-1.169,
RPME,12,30,8.95132,125.478,116.466,-1.797,-1.737,-4.224,
RPMF,05,23,8.19595,126.3215,53.384,-1.635,5.018,2.538,2026.28
RPMG,02,20,8.60126,123.3345,16.774,-1.713,-1.513,-3.941,
RPMH,07,25,9.25352,124.707,69.919,-1.858,1.777,-0.703,
RPMI,02,20,8.13049,124.215,18.659,-1.641,0.3,-2.146,
RPMJ,09,27,6.05367,121.011,88.76,-1.176,-0.064,-2.308,
RPML,01,19,8.41562,124.6115,12.95,-1.698,4.647,2.185,
RPMO,03,21,8.1785,123.8415,34.097,-1.646,5.743,3.307,2017.16
RPMP,02,20,7.82719,123.458,14.989,-1.574,-3.437,-5.852,
RPMQ,14,32,6.94937,126.273,137.844,-1.397,-0.759,-3.211,
RPMR,17,35,6.05813,125.096,172.135,-1.26,3.394,0.98,
RPMS,18,36,9.75757,125.479,172.583,-1.955,-5.462,-7.962,
RPMW,03,21,9.07211,126.1715,22.911,-1.81,-5.279,-7.775,
RPMY,09,27,8.61221,124.4565,85.556,-1.734,-2.711,-5.172,
RPMZ,09,27,6.92242,122.0595,93.931,-1.371,5.302,2.972,2021.75
RPNS,01,19,9.8591,126.014,9.992,-1.969,1.962,-0.545,
RPSM,16,34,10.18735,124.7825,162.974,-2.04,5.013,2.518,2026.34
RPUB,09,27,16.3751,120.6195,88.606,-3.049,1.655,-0.72,
RPUD,06,24,14.12915,122.9805,58.9,-2.774,1.674,-0.804,
RPUF,03,21,14.98655,120.4925,27.548,-2.76,0.308,-2.057,
RPUG,08,26,16.0348,120.241,74.955,-2.943,-2.102,-4.455,
RPUH,10,28,12.36155,121.0465,104.429,-2.3,6.729,4.35,1992.37
RPUL,03,21,13.95505,121.125,33.718,-2.613,6.331,3.935,2008.43
RPUM,16,34,13.2081,120.6055,165.514,-2.426,7.94,5.579,1959.46
RPUN,04,22,13.5849,123.2705,44.377,-2.678,7.055,4.569,1984.09
RPUO,06,24,20.45135,121.9795,54.287,-4.047,-1.666,-4.077,
RPUQ,02,20,17.55535,120.3555,15.64,-3.261,-1.099,-3.457,
RPUR,05,23,15.72985,121.5,49.135,-2.998,2.133,-0.286,
RPUS,01,19,16.5956,120.3035,5.099,-3.061,-1.839,-4.196,
RPUT,17,35,17.6437,121.734,173.785,-3.415,7.2,4.776,1979.6
RPUV,06,24,13.57645,124.2055,60.824,-2.713,3.538,1.026,
RPUW,16,34,13.36095,121.8255,158.592,-2.549,1.141,-1.286,
RPUY,12,30,16.9283,121.755,125.043,-3.266,8.309,5.881,1951.01
RPUZ,09,27,16.6192,121.2525,88.917,-3.158,2.075,-0.332,
RPVA,18,36,11.22765,125.0275,182.927,-2.249,5.175,2.663,2023.82
RPVC,17,35,12.0727,124.545,163.16,-2.413,-4.427,-6.938,
RPVF,04,22,12.5024,124.6355,45.149,-2.503,7.651,5.135,1973.53
RPVI,02,20,10.83296,122.49334,20.034,-2.099,2.134,-0.298,
RPVJ,04,22,12.3694,123.6295,38.679,-2.447,1.127,-1.363,
RPVK,05,23,11.67945,122.3765,48.455,-2.255,0.71,-1.727,
RPVM,04L,22R,10.31072,123.97991,44.825,-2.052,6.876,4.399,1991.62
RPVM,04R,22L,10.30756,123.97944,44.835,-2.051,6.887,4.409,1991.18
RPVO,18,36,11.058,124.5655,183.363,-2.209,5.573,3.071,2019.04
RPVP,09,27,9.74212,118.759,92.452,-1.638,4.09,1.908,
RPVR,14,32,11.5977,122.752,144.839,-2.258,7.097,4.645,1982.37
RPVS,18,36,10.76605,121.933,180.0,-2.058,2.058,-0.347,
RPVU,03,21,12.31095,122.0845,23.501,-2.361,-4.139,-6.569,
RPVV,08,26,12.12145,120.1,84.778,-2.179,6.957,4.639,1982.29
RPVW,02,20,11.67435,125.479,21.349,-2.341,3.69,1.167,
RU-0008,09,27,51.40695,109.9,83.654,-7.65,1.304,-1.064,
RU-0050,13,31,67.98827,75.097,156.31,24.309,2.0,3.89,
RU-0211,05,23,47.24635,38.8401,54.521,8.589,-4.068,-1.011,
RU-0276,03,21,52.5503,104.45405,29.872,-4.893,4.765,2.309,
RU-0372,05,23,47.2777,39.63605,60.605,8.68,1.925,4.94,
RU-0447,01R,19L,58.1418,28.20385,20.608,10.718,-0.111,5.257,
RU-0845,07,25,59.76576,30.07745,84.396,11.999,2.396,7.926,
RU-10143,13,31,56.10416,101.4378,122.725,-3.135,-4.14,-7.056,
RU-9991,04,22,47.25825,39.8181,45.648,8.691,-3.043,-0.04,
RU-9991,04R,22L,47.2559,39.81625,45.91,8.689,-2.779,0.223,
RU-9991,08,26,47.2485,39.8139,91.93,8.687,3.243,6.245,
S28,10,28,48.99735,-100.0435,113.187,4.974,8.213,1.959,1997.69
S31,16,34,48.4839,-122.938,180.0,15.195,4.805,-1.974,
S35,04,22,48.3619,-119.5675,59.001,14.482,4.52,-2.199,
S43,15L,33R,47.9048,-122.1025,163.932,14.922,-0.99,-7.549,
S43,15R,33L,47.90495,-122.1035,162.726,14.922,-2.196,-8.755,
S51,11,29,41.51205,-123.9955,127.915,13.86,4.056,-0.562,
S66,13,31,43.6146,-116.9215,151.868,12.828,9.04,3.802,1990.17
S81,04,22,44.76115,-115.1075,55.653,12.493,3.159,-2.421,
S89,07,25,46.2477,-116.4795,87.021,13.207,3.813,-2.188,
SA-0081,13,31,27.95559,45.55604,129.955,3.736,-3.781,-2.241,
SA01,3,21,-25.105,-66.1572,25.177,-8.574,3.751,-5.308,
SA02,15,33,-26.05605,-65.93685,147.23,-8.336,5.566,-3.405,2023.84
SA03,1,19,-28.6201,-61.60375,9.39,-10.936,10.326,1.667,1996.23
SA04,17,35,-34.18215,-58.2469,163.843,-10.611,4.454,-3.044,
SA05,18,36,-32.6592,-62.70215,180.974,-7.732,8.705,0.637,2005.1
SA05,18L,36R,-32.6605,-62.7019,180.961,-7.731,8.692,0.624,2005.18
SA06,3,21,-35.82835,-60.14665,25.179,-7.969,3.149,-4.197,
SA07,10,28,-37.1943,-69.61265,106.217,1.523,4.694,-2.039,
SA10,16,34,-26.29595,-59.53535,164.984,-13.714,18.699,9.968,1940.43
SA11,7,25,-27.07225,-66.5861,62.849,-7.246,0.095,-8.716,
SA13,5,23,-37.5594,-58.666,45.88,-8.032,3.912,-2.941,
SA14,18,36,-38.226,-57.8712,178.794,-8.208,7.002,0.379,2011.63
SA16,05,23,-32.9628,-68.8737,49.973,-1.81,1.783,-5.875,
SA17,01L,19R,-33.1606,-64.3382,16.405,-5.94,12.345,4.379,1980.41
SA17,01R,19L,-33.16145,-64.33705,16.081,-5.94,12.022,4.056,1982.54
SA20,9,27,-38.41375,-68.7373,96.054,1.506,4.548,-2.022,
SA21,4,22,-37.80975,-67.65935,59.715,0.119,19.596,12.79,
SA22,18,36,-22.28575,-62.71375,176.246,-12.7,8.946,-0.324,2006.65
SA23,6,24,-27.9032,-55.7655,45.883,-15.821,1.705,-6.281,
SA24,8,26,-23.78185,-64.7495,73.088,-10.402,3.49,-5.732,
SA25,6,24,-46.538,-67.559,74.536,5.854,8.682,3.918,1990.39
SA26,17,35,-28.5262,-59.03855,182.477,-13.102,25.579,17.133,
SA29,9,27,-39.2864,-65.61035,97.261,-0.766,8.027,1.422,2005.43
SA31,18,36,-33.39065,-60.19565,183.454,-9.481,12.936,5.109,1975.27
SA31,9,27,-33.3921,-60.1976,94.539,-9.479,14.018,6.191,1967.74
SA33,8,26,-49.99505,-68.9531,89.482,9.185,0.296,-3.629,
SA34,01,19,-43.23165,-65.32845,10.628,1.716,-1.087,-6.742,
SA34,04,22,-43.23225,-65.325,43.874,1.713,2.161,-3.494,
SA34,13,31,-43.23195,-65.3274,131.005,1.715,-0.711,-6.365,
SA35,7,25,-27.6281,-66.34175,71.183,-7.192,8.375,-0.382,2009.29
SA36,18,36,-35.6051,-59.81715,180.43,-8.397,8.826,1.458,2001.47
SA38,10,28,-38.53895,-70.33705,107.373,3.046,4.327,-2.032,
SA39,11,29,-24.2365,-65.26905,107.86,-9.754,7.614,-1.562,2014.01
SA40,18,36,-31.60285,-68.54735,188.517,-2.929,11.445,3.505,1986.61
SA42,18,36,-26.6734,-66.024,183.997,-7.96,11.957,3.062,1987.91
SA44,7,25,-27.70795,-67.0951,75.614,-6.45,12.064,3.375,1986.26
SAAC,4,22,-31.2969,-57.99665,27.925,-12.503,0.428,-7.521,
SAAG,1,19,-33.00575,-58.6136,1.625,-11.031,2.656,-5.094,
SAAN,13,31,-33.91675,-60.65305,133.265,-8.765,12.029,4.271,1980.89
SAAN,4,22,-33.91895,-60.64795,43.947,-8.768,12.714,4.956,1976.3
SAAP,1,19,-31.79475,-60.48035,8.571,-10.185,8.757,0.633,2004.63
SAAR,02,20,-32.90355,-60.7846,10.815,-9.272,0.088,-7.866,
SAAV,3,21,-31.71078,-60.81132,22.83,-9.951,2.781,-5.379,
SABE,13,31,-34.5592,-58.4156,123.996,-10.237,4.233,-3.214,
SACA,16,34,-31.4419,-64.25825,158.753,-7.039,5.791,-2.485,2022.29
SACO,01,19,-31.3101,-64.20805,359.829,-7.161,-3.01,-11.309,
SACO,05,23,-31.31685,-64.20025,44.343,-7.164,1.507,-6.792,
SADF,5,23,-34.4536,-58.58995,43.685,-10.161,3.847,-3.639,
SADL,2,20,-34.96925,-57.8931,14.052,-10.398,4.449,-2.859,
SADM,02,20,-34.6763,-58.64275,13.566,-9.977,3.543,-3.906,
SADO,18,36,-34.53445,-58.67175,176.728,-10.043,6.771,-0.708,2015.04
SADP,17,35,-34.60995,-58.6126,157.423,-10.044,-2.533,-9.991,
SAET,2,20,-35.97145,-62.77245,20.718,-5.573,6.291,-1.122,2018.51
SAEZ,11,29,-34.82225,-58.53585,102.225,-9.971,2.196,-5.213,
SAEZ,17,35,-34.82175,-58.52925,164.09,-9.977,4.067,-3.342,
SAFR,01L,19R,-31.2811,-61.509,10.919,-9.593,10.511,2.243,1993.47
SAFR,01R,19L,-31.2825,-61.50175,11.174,-9.598,10.773,2.505,1991.97
SAFR,6,24,-31.2828,-61.50635,54.016,-9.594,3.61,-4.658,
SAHC,12,30,-37.4447,-70.22245,124.763,2.244,2.52,-4.084,
SAHR,9,27,-39.00065,-67.6205,94.439,0.87,3.568,-2.974,
SAHS,10,28,-37.3906,-68.9042,102.342,0.996,1.346,-5.427,
SAHZ,9,27,-38.9755,-70.1136,98.109,3.123,4.987,-1.307,
SAME,18,36,-32.83175,-68.7929,180.764,-1.965,2.73,-4.962,
SAMM,14,32,-35.4936,-69.5743,144.383,0.41,3.973,-3.112,
SAMR,11,29,-34.58791,-68.40332,108.583,-1.254,-0.163,-7.568,
SANC,02,20,-28.59555,-65.75165,11.997,-7.237,-0.766,-9.428,
SANE,3,21,-27.76565,-64.3101,27.735,-8.982,6.717,-2.105,2017.97
SANL,3,21,-29.3816,-66.7958,28.485,-5.843,4.328,-4.149,
SANO,17,35,-29.2239,-67.4388,173.079,-5.325,8.404,-0.04,2008.53
SANR,01,19,-27.4968,-64.93635,1.138,-8.549,-0.313,-9.155,
SANU,18,36,-31.5715,-68.4182,179.562,-3.069,2.631,-5.33,
SAOC,05,23,-33.09216,-64.26932,44.336,-6.045,0.381,-7.599,
SAOC,18,36,-33.09295,-64.26136,179.33,-6.052,5.382,-2.599,2024.38
SAOD,17,35,-31.94515,-65.14625,175.781,-5.924,11.706,3.546,1985.76
SAOL,16,34,-22.16195,-65.57209,155.171,-10.317,5.488,-3.83,2024.31
SAOM,7,25,-32.68365,-62.1578,68.99,-8.203,7.192,-0.86,2014.06
SAOR,10,28,-33.73185,-65.37575,100.893,-4.627,5.52,-2.298,2023.61
SAOR,6,24,-33.7252,-65.3781,58.2,-4.629,2.829,-4.991,
SAOS,2,20,-32.38465,-65.18655,14.138,-5.625,-0.237,-8.316,
SAOU,19,01,-33.2732,-66.35645,186.713,-3.994,0.706,-7.14,
SARC,2,20,-27.4455,-58.76185,7.928,-13.819,1.747,-6.78,
SARE,3,21,-27.45,-59.0561,20.867,-13.588,4.455,-4.109,
SARF,4,22,-26.21275,-58.2281,25.001,-14.752,-0.248,-8.809,
SARI,13,31,-25.73725,-54.47345,114.782,-17.516,2.297,-5.563,
SARL,18,36,-29.6894,-57.15205,170.913,-13.993,4.906,-3.138,
SARM,18,36,-30.2719,-57.6402,173.335,-13.326,6.662,-1.382,2016.45
SARM,18L,36R,-30.2705,-57.6392,174.12,-13.328,7.448,-0.596,2011.86
SARP,02,20,-27.38585,-55.97075,359.242,-15.898,-4.861,-12.932,
SASA,02,20,-24.8596,-65.487,11.333,-9.29,0.623,-8.491,
SASA,06,24,-24.85145,-65.4802,52.215,-9.299,1.514,-7.6,
SASJ,16,34,-24.39275,-65.09785,150.104,-9.84,-0.057,-9.223,
SASO,1,19,-23.15275,-64.3293,9.599,-11.018,10.617,1.349,1997.04
SASQ,16,34,-22.16235,-65.5699,154.74,-10.319,5.059,-4.259,2026.34
SAST,02,20,-22.6197,-63.79365,7.496,-11.679,-0.825,-10.119,
SATD,1,19,-26.3975,-54.5746,356.774,-17.215,3.989,-3.856,
SATG,4,22,-29.10605,-59.21865,37.961,-12.675,10.636,2.239,1992.94
SATO,17,35,-27.51815,-55.12415,161.251,-16.419,7.67,-0.217,2009.75
SATR,02,20,-29.20455,-59.69005,7.512,-12.244,-0.245,-8.68,
SATR,10,28,-29.2103,-59.6799,89.553,-12.249,1.802,-6.632,
SATU,01,19,-29.7704,-57.9788,1.031,-13.321,4.352,-3.806,
SAVB,18,36,-41.9436,-71.5329,188.791,6.266,2.525,-2.959,
SAVC,7,25,-45.78535,-67.46555,78.917,5.277,3.641,-1.307,
SAVE,5,23,-42.9039,-71.13565,56.989,6.527,0.462,-4.861,
SAVE,8,26,-42.912,-71.14325,90.005,6.538,3.467,-1.854,
SAVH,9,27,-46.53845,-68.96595,94.787,7.01,-2.223,-6.915,
SAVJ,7,25,-41.3209,-69.5749,80.227,4.155,6.072,0.235,2018.93
SAVN,12,30,-40.7512,-65.0344,125.412,-0.274,5.686,-0.59,2021.66
SAVT,07,25,-43.2105,-65.2703,69.145,1.651,-2.506,-8.167,
SAVV,10,28,-40.87005,-62.99655,105.445,-1.985,7.429,1.156,2008.47
SAVV,2,20,-40.865,-62.99765,25.762,-1.987,7.749,1.475,2006.04
SAVY,5,23,-42.75915,-65.10275,58.07,1.19,6.881,1.103,2011.81
SAWB,06,24,-64.2383,-56.63085,71.526,10.365,1.161,-0.01,
SAWC,7,25,-50.2803,-72.0531,84.512,11.724,2.788,-0.924,
SAWD,6,24,-47.73525,-65.9041,65.111,5.312,-0.2,-4.727,
SAWE,7,25,-53.7777,-67.7494,87.461,10.642,6.819,3.643,2002.86
SAWG,7,25,-51.60885,-69.31265,85.53,10.452,5.078,1.5,2025.77
SAWH,7,25,-54.8433,-68.29575,85.915,11.684,4.231,1.257,
SAWJ,07,25,-49.30675,-67.8026,78.803,7.857,0.946,-3.169,
SAWP,07,25,-46.5359,-70.97635,87.039,8.651,8.389,3.837,1992.26
SAWP,10,28,-46.538,-70.9787,111.509,8.654,2.855,-1.696,
SAWP,11,29,-46.54115,-70.9757,127.087,8.654,8.434,3.883,1991.74
SAWU,07,25,-50.0171,-68.5792,77.778,8.911,-1.133,-5.067,
SAZA,17,35,-36.83677,-59.88081,172.287,-7.517,9.805,2.693,1992.83
SAZB,06,24,-38.72314,-62.17064,60.734,-4.231,4.964,-1.82,
SAZB,17L,35R,-38.72709,-62.15349,163.7,-4.243,-2.057,-8.84,
SAZB,17R,35L,-38.72621,-62.18197,164.175,-4.219,-1.607,-8.39,
SAZC,17,35,-37.44615,-61.8893,169.198,-5.365,4.563,-2.51,
SAZF,04,22,-36.89005,-60.2166,41.138,-7.196,8.334,1.211,2004.16
SAZF,13,31,-36.88795,-60.2235,124.72,-7.191,1.911,-5.212,
SAZG,03,21,-35.6924,-63.76595,31.99,-4.859,6.849,-0.621,2015.35
SAZG,16,34,-35.6962,-63.7583,159.848,-4.863,4.711,-2.758,
SAZH,14,32,-38.3829,-60.3268,133.873,-6.065,-0.062,-6.854,
SAZH,18,36,-38.3869,-60.3296,174.995,-6.06,1.055,-5.736,
SAZH,4,22,-38.388,-60.3252,43.775,-6.063,9.837,3.047,1991.33
SAZI,14,32,-36.1857,-61.0692,133.821,-6.936,0.757,-6.565,
SAZI,2,20,-36.1866,-61.0764,15.682,-6.93,2.611,-4.71,
SAZL,17,35,-36.54235,-56.72175,170.011,-10.285,10.296,3.452,1987.27
SAZM,13,31,-37.9342,-57.5734,122.509,-8.653,1.162,-5.493,
SAZN,9,27,-38.949,-68.1557,90.009,1.324,-1.315,-7.823,
SAZO,13,31,-38.492,-58.81075,129.51,-7.256,6.765,0.11,2013.56
SAZO,17,35,-38.49,-58.8086,174.496,-7.259,11.755,5.099,1975.23
SAZO,18,36,-38.48965,-58.8161,183.33,-7.253,10.583,3.926,1984.16
SAZP,18,36,-35.84455,-61.8576,180.0,-6.472,6.472,-0.952,2017.31
SAZR,1,19,-36.58835,-64.2757,11.231,-3.803,5.034,-2.233,2026.4
SAZS,11,29,-41.1512,-71.15755,114.545,5.441,-0.895,-6.595,
SAZT,1,19,-37.2343,-59.22865,5.007,-7.793,2.8,-4.175,
SAZV,11,29,-37.23532,-57.02936,101.892,-9.571,1.462,-5.278,
SAZW,3,21,-38.9402,-69.2689,39.235,2.333,6.902,0.503,2013.76
SAZW,7,25,-38.9397,-69.26465,83.195,2.329,10.866,4.467,1981.56
SAZY,06,24,-40.0754,-71.13725,68.185,4.742,3.444,-2.488,
SB06,12,30,-15.8488,-48.9826,120.797,-21.799,22.597,16.676,1900.25
SB29,06,24,-6.87094,-48.5349,36.033,-21.191,-2.776,-7.121,
SBAC,09,27,-4.56888,-37.80504,70.792,-20.389,1.181,1.843,
SBAE,17,35,-22.16074,-49.07034,153.887,-21.23,5.118,-1.245,2025.34
SBAQ,17,35,-21.81183,-48.13316,148.265,-21.65,-0.085,-6.126,
SBAR,12,30,-10.98403,-37.07033,91.968,-22.33,-5.702,-6.217,2015.41
SBBE,03,21,-1.38231,-48.47645,4.899,-20.213,-4.888,-8.022,
SBBE,07,25,-1.37913,-48.47604,45.444,-20.213,-4.343,-7.477,
SBBG,6,24,-31.39045,-54.1121,46.447,-15.299,1.745,-5.511,
SBBH,13,31,-19.85085,-43.94994,110.761,-23.068,3.829,-0.633,
SBBI,18,36,-25.40506,-49.232,157.785,-20.443,-1.771,-8.177,
SBBR,11L,29R,-15.86265,-47.9106,85.653,-22.12,-2.227,-7.767,
SBBR,11R,29L,-15.8797,-47.9246,86.166,-22.117,-1.717,-7.264,
SBBU,14,32,-22.3455,-49.05295,122.738,-21.205,3.944,-2.416,
SBCA,15,33,-25.00018,-53.50131,134.916,-18.349,3.264,-4.389,
SBCB,10,28,-22.92144,-42.0718,77.871,-23.269,1.141,-2.803,
SBCF,16,34,-19.63575,-43.9669,138.852,-23.072,1.924,-2.529,
SBCG,06,24,-20.46997,-54.67395,42.264,-18.825,1.089,-6.897,
SBCJ,10,28,-6.11792,-50.00347,83.858,-20.804,4.662,-0.098,
SBCR,09,27,-19.01138,-57.67069,74.337,-17.308,1.645,-6.993,
SBCT,11,29,-25.52854,-49.17122,91.74,-20.437,2.177,-4.206,
SBCT,15,33,-25.52912,-49.17504,134.545,-20.435,4.98,-1.404,
SBCX,15,33,-29.19791,-51.18666,135.035,-18.14,3.175,-3.597,
SBCY,17,35,-15.65299,-56.11666,152.749,-18.734,1.483,-6.616,
SBDN,12,30,-22.17503,-51.42474,98.523,-20.184,-1.292,-8.399,
SBDO,06,24,-22.20186,-54.92674,39.204,-18.291,-2.505,-10.572,
SBEG,11,29,-3.03859,-60.0497,90.125,-16.973,-2.902,-10.275,
SBFI,15,33,-25.5938,-54.48991,130.685,-17.555,-1.76,-9.632,
SBFL,03,21,-27.67,-48.55292,11.907,-20.059,1.967,-4.132,
SBFL,14,32,-27.67133,-48.5408,121.203,-20.064,1.267,-4.828,
SBFZ,13,31,-3.77622,-38.53294,104.925,-20.263,-4.812,-4.272,
SBGL,10,28,-22.797,-43.23645,74.571,-23.016,-2.413,-6.767,
SBGL,15,33,-22.82075,-43.2511,125.564,-23.01,-1.427,-5.787,
SBGO,14,32,-16.63195,-49.2211,120.122,-21.708,1.83,-4.254,
SBGP,02L,20R,-21.76444,-48.40472,0.0,-21.555,1.555,-4.576,
SBGP,02R,20L,-21.76486,-48.40515,359.042,-21.555,0.597,-5.534,
SBGR,10L,28R,-23.42955,-46.46588,73.675,-21.982,-4.343,-9.846,
SBGR,10R,28L,-23.435,-46.47295,73.667,-21.979,-4.354,-9.86,
SBGV,07,25,-18.89621,-41.98323,44.611,-23.448,-1.941,-5.603,
SBIH,05,23,-4.24196,-56.00045,37.541,-18.82,6.361,-0.113,2013.89
SBJA,05,23,-28.67527,-49.05956,33.829,-19.459,3.288,-2.904,
SBJD,18,36,-23.18077,-46.94396,156.839,-21.86,-1.301,-6.965,
SBJE,08,26,-2.90642,-40.35735,63.533,-20.299,3.832,3.795,
SBJH,12,30,-23.42682,-47.16594,94.306,-21.736,-3.958,-9.7,
SBJR,03,21,-22.98681,-43.37222,3.663,-22.96,-3.377,-7.784,
SBKP,15,33,-23.00745,-47.1345,127.726,-21.822,-0.452,-6.179,
SBLO,13,31,-23.33362,-51.13006,110.061,-20.075,0.137,-6.886,
SBMA,7,25,-5.36861,-49.13806,50.036,-20.856,0.892,-3.384,
SBMG,10,28,-23.47638,-52.01782,77.907,-19.595,-2.498,-9.782,
SBMK,12,30,-16.70694,-43.81903,96.671,-23.071,-0.258,-4.376,
SBNF,08,26,-26.87942,-48.65095,55.796,-20.273,-3.931,-10.1,
SBNM,12,30,-28.28249,-54.16962,100.843,-16.728,-2.429,-10.039,
SBPF,09,27,-28.2442,-52.32847,68.425,-17.878,-3.697,-10.856,
SBPJ,14,32,-10.29155,-48.357,123.552,-21.671,5.222,0.312,2022.11
SBPK,07,25,-31.71679,-52.32726,51.329,-16.286,-2.385,-9.186,
SBPO,07,25,-26.2171,-52.6944,54.804,-18.419,3.223,-4.165,
SBPS,10,28,-16.4385,-39.0807,74.279,-23.555,-2.167,-4.459,
SBRB,07,25,-9.86903,-67.89394,57.132,-11.544,-1.324,-10.513,
SBRJ,02L,20R,-22.91028,-43.16361,357.346,-23.021,0.366,-3.965,
SBRJ,02R,20L,-22.91056,-43.16292,356.216,-23.021,-0.764,-5.095,
SBRP,18,36,-21.1346,-47.77398,163.387,-21.872,5.259,-0.636,2023.25
SBSG,12,30,-5.76981,-35.36656,99.244,-20.282,-0.474,0.913,
SBSJ,16,34,-23.22825,-45.86275,135.005,-22.216,-2.778,-8.069,
SBSP,17L,35R,-23.62625,-46.65425,147.631,-21.882,-0.488,-6.057,
SBSP,17R,35L,-23.62765,-46.6558,147.488,-21.881,-0.631,-6.201,
SBSR,7,25,-20.817,-49.40675,51.499,-21.302,2.801,-3.632,
SBTS,10,28,2.22481,-55.9427,81.568,-18.204,-0.228,-5.335,
SBTV,15,33,-16.54085,-39.10775,126.623,-23.567,0.19,-2.127,
SBUY,09,27,-4.88426,-65.35546,77.886,-13.874,1.76,-6.824,
SBVT,02,20,-20.25666,-40.27972,351.863,-23.714,-4.423,-7.581,
SBVT,06,24,-20.2576,-40.28665,31.698,-23.713,-4.589,-7.749,
SBYS,02C,20C,-21.98457,-47.3412,359.791,-21.91,1.701,-4.074,
SBYS,02L,20R,-21.98457,-47.3427,359.815,-21.91,1.724,-4.052,
SBYS,02R,20L,-21.98468,-47.32688,359.732,-21.915,1.647,-4.123,
SC1A,08,26,-20.4271,-69.64145,82.22,-7.339,9.559,0.452,2003.38
SC99,09,27,33.9639,-81.3592,81.623,-7.566,-0.811,-5.561,
SCAE,09,27,-18.5089,-70.2907,85.512,-7.443,2.955,-6.164,
SCAP,07,25,-43.61151,-71.80543,84.2,7.537,6.663,1.565,2012.92
SCAR,03,21,-18.35119,-70.33971,19.258,-7.453,-3.289,-12.408,
SCAT,17,35,-27.26125,-70.7792,175.331,-3.218,8.549,0.275,2007.55
SCBA,09,27,-45.91605,-71.68945,99.447,8.853,0.595,-4.027,
SCBQ,02,20,-33.5618,-70.6884,29.163,0.26,8.903,1.609,2001.89
SCCC,12,30,-46.58335,-71.6874,136.689,9.255,7.434,2.952,2002.76
SCCF,10,28,-22.50012,-68.90308,94.215,-7.193,1.408,-7.647,
SCCH,04,22,-36.5825,-72.0314,44.827,3.354,1.473,-5.039,
SCCI,01,19,-53.0014,-70.849,28.75,12.409,6.342,3.081,2010.21
SCCI,07,25,-53.0009,-70.85455,88.637,12.412,6.225,2.964,2011.89
SCCI,12,30,-53.00565,-70.85695,139.0,12.417,6.583,3.323,2006.96
SCCL,11,29,-27.07805,-70.7953,108.623,-3.297,1.921,-6.375,
SCCY,03,21,-45.5942,-72.10615,45.888,8.998,6.89,2.241,2009.26
SCDA,01,19,-20.53525,-70.18133,2.988,-6.81,-0.202,-9.231,
SCDW,04,22,-53.61295,-70.47535,51.881,12.496,-0.615,-3.776,
SCDW,12,30,-53.6069,-70.47635,137.704,12.493,5.21,2.048,2024.23
SCEC,02,20,-29.14475,-70.8878,23.512,-2.111,5.622,-2.37,2023.39
SCEL,17L,35R,-33.393,-70.78595,177.876,0.249,7.627,0.317,2010.97
SCEL,17R,35L,-33.3894,-70.8028,177.529,0.263,7.267,-0.041,2013.36
SCER,02,20,-32.79019,-71.52175,21.651,0.575,1.076,-6.219,
SCER,18,36,-32.7981,-71.51939,186.191,0.577,5.614,-1.68,2023.15
SCES,09,27,-26.3111,-69.7652,88.898,-4.653,3.551,-5.004,
SCFA,01,19,-23.44529,-70.44515,6.438,-5.368,1.806,-6.955,
SCFM,09,27,-53.2537,-70.3192,110.181,12.173,8.008,4.776,1983.23
SCFT,09,27,-43.1892,-71.85115,103.143,7.315,5.828,0.646,2020.26
SCFX,11,29,-26.2939,-80.0962,121.531,4.486,7.045,0.909,2013.05
SCGE,18,36,-37.40175,-72.42545,185.069,4.217,0.852,-5.438,
SCGZ,08,26,-54.9311,-67.62625,90.886,11.268,-0.382,-3.341,
SCHR,07,25,-47.24385,-72.5884,86.87,10.369,6.501,2.234,2012.2
SCIE,02,20,-36.77142,-73.0624,25.142,4.399,0.743,-5.56,
SCIL,02,20,-31.5778,-71.11085,25.409,-0.523,5.932,-1.64,2021.55
SCIP,10,28,-27.1648,-109.422,116.884,14.94,1.945,1.715,
SCJO,15,33,-40.61025,-73.0613,155.299,6.76,-1.461,-7.017,
SCKP,10,28,-20.7359,-68.6835,97.413,-8.087,5.5,-3.7,2024.31
SCKP,17,35,-20.7517,-68.68245,169.676,-8.082,7.758,-1.442,2013.65
SCLL,10,28,-28.5964,-70.756,98.171,-2.534,0.705,-7.39,
SCNT,10,28,-51.6715,-72.52835,119.599,12.871,6.727,3.301,2006.01
SCOT,07,25,-30.67655,-71.40095,70.17,-0.771,0.941,-6.727,
SCOV,04,22,-30.55932,-71.17604,40.825,-1.049,1.873,-5.853,
SCPC,09,27,-39.2928,-71.91585,102.649,4.94,7.709,1.719,2006.52
SCPE,14,32,-22.92175,-68.1584,133.897,-7.699,1.596,-7.506,
SCPQ,17,35,-42.34041,-73.71566,184.669,8.369,6.3,1.182,2016.46
SCQP,01,19,-38.9259,-72.65159,17.191,5.363,1.828,-4.126,
SCQT,17,35,-30.0964,-71.3641,174.932,-1.134,6.067,-1.699,2020.99
SCQY,09,27,-38.44985,-71.35485,90.645,3.909,-3.264,-9.506,
SCRA,09,27,-26.33255,-70.6073,97.9,-3.852,11.753,3.332,1986.98
SCRD,18,36,-33.06837,-71.5575,190.348,0.774,9.574,2.333,1996.48
SCRG,03,21,-34.17375,-70.7757,36.108,0.714,5.394,-1.774,2024.29
SCRM,11,29,-62.19085,-58.98665,121.757,10.405,1.353,-0.154,
SCSE,12,30,-29.9162,-71.1995,115.858,-1.39,-2.752,-10.574,
SCSN,05,23,-33.6567,-71.6157,56.427,1.181,5.246,-1.881,2025.15
SCTB,01,19,-33.45625,-70.54665,12.598,0.063,2.535,-4.801,
SCTC,06,24,-38.7668,-72.6371,66.96,5.252,1.709,-4.279,
SCTE,17,35,-41.4389,-73.09395,181.63,7.296,4.334,-1.051,
SCTL,03,21,-35.3778,-71.60165,38.961,2.217,6.743,-0.068,2015.95
SCTN,01,19,-42.78126,-72.83461,21.52,7.895,3.625,-1.523,
SCTO,01,19,-38.24555,-72.3486,17.337,4.672,2.665,-3.471,
SCTT,15,33,-25.5643,-70.3759,157.351,-4.448,11.799,3.249,1987.33
SCVD,17,35,-39.64995,-73.08615,178.356,6.191,2.165,-3.578,
SCVL,17L,35R,-39.79695,-73.2415,183.023,6.416,6.607,0.916,2015.05
SCVM,05,23,-32.9496,-71.4786,52.44,0.63,1.811,-5.465,
SD50,15,33,44.5313,-99.74765,159.086,4.674,4.412,-1.264,
SDAM,16,34,-22.85915,-47.10806,136.822,-21.857,-1.321,-7.037,
SDCO,01,19,-23.47809,-47.49,342.682,-21.608,-5.71,-11.563,
SDCZ,11,29,-22.93499,-44.09174,89.54,-22.78,2.321,-2.341,
SDEN,15,33,-27.16641,-48.62194,130.864,-20.195,1.059,-5.088,
SDHX,15,33,-30.74972,-51.535,138.767,-17.244,6.011,-0.702,2017.76
SDJX,03,21,-13.10444,-48.38194,9.071,-21.899,0.97,-4.391,
SDKA,13,31,4.165,-59.835,114.695,-16.681,1.376,-4.517,
SDPI,15,33,4.68778,-60.24472,134.856,-16.483,1.339,-4.557,
SDRT,08,26,4.64806,-60.78778,65.325,-16.266,1.591,-4.465,
SDVF,12,30,4.58972,-60.18139,104.879,-16.514,1.393,-4.506,
SDXA,05,23,4.21194,-60.00444,34.967,-16.611,1.579,-4.353,
SDXK,11,29,4.41333,-60.11667,94.884,-16.553,1.436,-4.483,
SDYT,15,33,3.76389,-63.98694,136.93,-14.82,1.75,-5.259,
SDZC,01,19,2.70806,-62.66889,356.334,-15.504,1.838,-5.087,
SE01,08,26,-2.16704,-79.2838,78.006,-4.121,2.127,-5.427,
SE02,03,21,-2.7734,-79.70245,29.037,-3.704,2.741,-4.73,
SE03,11,29,-2.94715,-80.10075,109.866,-3.383,3.25,-4.136,
SE08,17,35,-2.05472,-79.43305,169.669,-4.034,3.704,-3.818,
SE09,18,36,-2.18167,-79.23665,179.513,-4.153,3.666,-3.897,
SE10,03,21,-1.59611,-79.7261,29.242,-3.909,3.151,-4.307,
SE11,01,19,-0.53667,-79.36885,9.092,-4.353,3.445,-4.068,
SE22,02,20,-3.27933,-79.8009,20.818,-3.534,4.353,-3.1,
SE58,10,28,-3.34094,-79.8638,102.297,-3.477,5.773,-1.666,2022.34
SE59,01,19,-3.20292,-79.79825,7.498,-3.551,1.05,-6.404,
SE60,12,30,-2.44325,-79.3993,110.776,-3.986,-5.238,-12.771,
SEAM,01,19,-1.21207,-78.57465,11.029,-4.805,5.833,-1.841,2022.04
SECM,01,19,-1.70627,-79.37895,21.899,-4.137,16.036,8.507,1930.22
SECO,16,34,-0.46093,-76.9878,153.709,-6.075,-0.216,-8.126,
SECU,06,24,-2.88947,-78.9844,51.985,-4.204,-3.812,-11.435,
SEGS,14,32,-0.45376,-90.26595,143.881,2.423,1.459,-3.419,
SEGU,03,21,-2.15742,-79.88355,30.494,-3.691,4.186,-3.244,
SEGZ,15,33,-3.42321,-78.567,156.367,-4.409,10.776,3.062,1989.17
SEII,17,35,-0.94263,-90.95305,171.045,2.86,-1.815,-6.492,
SEJD,09,27,-1.06019,-77.5805,90.079,-5.55,5.629,-2.212,2023.24
SEKK,17,35,0.1842,-79.39195,179.321,-4.461,13.782,6.288,1964.46
SELJ,03,21,-1.70439,-79.55225,29.818,-4.013,3.832,-3.662,
SELT,18,36,-0.90683,-78.61575,184.312,-4.828,9.14,1.48,1999.28
SEMA,01,19,-4.37823,-79.941,11.975,-3.21,5.185,-2.236,2025.62
SEMC,01,19,-2.29917,-78.1208,14.431,-4.944,9.375,1.594,1998.21
SEMO,08,26,-2.06689,-76.97575,84.544,-5.826,10.37,2.399,1992.43
SEMT,05,23,-0.94608,-80.6788,55.797,-3.355,9.152,1.899,1997.9
SEMX,09,27,-2.8511,-79.8036,94.426,-3.616,8.042,0.591,2008.08
SENF,15,33,-2.52257,-76.99059,151.096,-5.739,6.834,-1.149,2016.61
SEPC,02,20,-2.75172,-78.2636,26.324,-4.758,11.082,3.319,1987.36
SEPS,10,28,-3.31965,-79.76915,105.734,-3.549,9.283,1.824,1997.93
SEPV,12,30,-1.04165,-80.4722,127.764,-3.482,11.247,3.949,1983.88
SEQE,18,36,-0.98934,-79.4651,178.098,-4.205,2.303,-5.198,
SEQM,18,36,-0.12413,-78.35442,177.53,-5.146,2.676,-5.008,
SERB,05,23,-1.65343,-78.65615,55.864,-4.668,10.532,2.864,1990.4
SERO,07,25,-3.4419,-79.9967,67.921,-3.36,1.282,-6.128,
SESA,08,26,-2.20275,-80.98725,81.606,-2.899,4.505,-2.682,
SESA,13,31,-2.20993,-80.98515,129.453,-2.899,2.352,-4.836,
SESC,17,35,-2.4738,-78.169,172.606,-4.878,7.483,-0.293,2012.39
SESD,11,29,-0.24822,-79.21445,108.214,-4.513,2.727,-4.809,
SEST,16,34,-0.91021,-89.61745,169.481,2.183,7.298,2.273,2008.08
SESV,15,33,-0.60811,-80.40265,151.326,-3.611,4.936,-2.372,
SETA,03,21,-2.26104,-79.68015,25.828,-3.818,-0.354,-7.827,
SETE,10,28,-0.98675,-77.81945,101.564,-5.389,6.953,-0.847,2015.57
SETM,06,24,-3.99589,-79.37195,63.453,-3.705,7.158,-0.391,2014.34
SETN,18,36,0.97852,-79.6267,182.656,-4.431,7.087,-0.348,2014.05
SETR,12,30,-0.12296,-76.33775,122.947,-6.596,9.544,1.56,1997.25
SETU,05,23,0.80951,-77.70805,54.817,-5.756,10.573,2.818,1990.21
SFAL,09,27,-51.68595,-57.77375,89.318,2.13,-2.812,-6.053,
SFAL,18,36,-51.68555,-57.7816,180.0,2.135,-2.135,-5.376,
SG67,03,21,-23.22395,-55.94635,20.205,-17.383,7.589,-0.701,2011.09
SGAS,02,20,-25.23985,-57.5191,12.521,-15.648,8.168,-0.345,2008.57
SGAY,02,20,-27.37065,-56.85395,10.123,-15.28,5.403,-2.835,2024.08
SGCO,03,21,-23.44175,-57.4271,15.994,-16.329,2.323,-6.259,
SGES,05,23,-25.4555,-54.8436,40.729,-17.38,8.108,0.147,2007.11
SGIB,03,21,-25.40785,-54.6194,19.383,-17.537,6.92,-0.991,2014.19
SGME,01,19,-22.045,-60.62165,357.802,-14.442,2.244,-6.86,
SGPI,02,20,-26.88145,-58.31805,4.924,-14.406,-0.67,-9.189,
SGPJ,03,21,-22.64145,-55.83,14.578,-17.622,2.2,-6.075,
SGST,02,20,-22.62385,-56.63455,6.911,-17.109,4.02,-4.428,
SIKX,08,26,-20.2359,-48.65105,61.809,-21.663,3.472,-2.682,
SJKX,11,29,4.16685,-59.7476,95.923,-16.715,2.638,-3.229,
SJLA,11,29,4.66664,-60.29023,91.964,-16.466,-1.57,-7.483,
SJLC,12,30,2.7222,-63.57783,98.458,-15.047,-6.495,-13.615,
SJRG,6,24,-32.08286,-52.16652,42.776,-16.195,-1.029,-7.743,
SJSH,05,23,-27.37246,-48.61469,27.244,-20.131,-2.625,-8.759,
SJYQ,09,27,4.33083,-60.28556,75.034,-16.491,1.525,-4.46,
SK-0001,17,35,48.48878,19.10177,171.151,5.937,-4.786,0.003,
SK-434,01,19,3.1972,-75.64201,13.333,-7.537,10.87,3.012,1988.27
SK-467,17,35,4.3753,-76.07405,165.913,-7.388,3.301,-4.442,
SK53,07,25,3.88162,-73.3401,64.552,-9.181,3.733,-4.177,
SKAP,10,28,4.07607,-73.5627,95.156,-9.051,4.207,-3.68,
SKAR,02,20,4.45278,-75.7665,13.245,-7.606,0.852,-6.908,
SKAS,01,19,0.50523,-76.5008,8.665,-6.571,5.236,-2.696,2025.37
SKBC,10,28,9.04554,-73.9749,99.65,-9.264,8.914,1.542,1996.94
SKBG,17,35,7.1265,-73.18475,159.121,-9.586,-1.293,-8.861,
SKBN,03,21,10.8879,-72.9004,26.679,-10.078,6.757,-0.336,2013.15
SKBO,14L,32R,4.70305,-74.1384,126.967,-8.731,-4.302,-12.118,
SKBO,14R,32L,4.70015,-74.1555,126.994,-8.719,-4.287,-12.102,
SKBQ,05,23,10.88955,-74.78085,40.2,-8.945,-0.855,-8.044,
SKBS,18,36,6.20292,-77.3947,173.661,-6.731,0.392,-7.124,
SKBU,09,27,3.81963,-76.9898,85.942,-6.69,2.632,-5.066,
SKCC,03,21,7.92624,-72.51195,16.937,-10.075,-2.989,-10.437,
SKCC,16,34,7.93138,-72.5139,147.619,-10.074,-2.307,-9.756,
SKCG,01,19,10.44167,-75.51293,2.323,-8.446,0.77,-6.479,
SKCL,02,20,3.54322,-76.3816,9.844,-7.072,-3.085,-10.857,
SKCN,04,22,6.31684,-70.21075,39.966,-11.373,11.339,3.833,1982.55
SKCO,06,24,1.81442,-78.74925,54.161,-5.179,-0.66,-8.22,
SKCU,01,19,7.96846,-75.19845,13.808,-8.382,12.19,4.701,1977.82
SKCV,05,23,9.40093,-75.6913,50.149,-8.222,8.371,1.022,2001.16
SKCZ,02,20,9.33274,-75.2856,19.702,-8.471,8.173,0.815,2002.86
SKEB,18,36,7.59647,-74.80895,184.324,-8.593,12.917,5.387,1973.47
SKEJ,04,22,7.02433,-73.8068,31.013,-9.18,0.192,-7.397,
SKFL,12,30,1.58919,-75.5644,115.578,-7.386,2.964,-5.009,
SKGB,06,24,3.45898,-76.49665,61.652,-6.981,8.633,0.866,2002.45
SKGI,02,20,4.27624,-74.79665,12.415,-8.242,0.657,-7.171,
SKGO,01,19,4.75812,-75.95575,4.854,-7.515,2.369,-5.355,
SKGP,01,19,2.57013,-77.8986,17.994,-5.886,13.881,6.226,1966.07
SKGY,11,29,4.81233,-74.06495,103.013,-8.791,1.804,-6.003,
SKIB,14,32,4.42161,-75.1333,131.096,-8.031,-0.873,-8.673,
SKIO,06,24,9.26878,-74.65235,55.355,-8.863,4.218,-3.143,
SKIP,08,26,0.86148,-77.66749,78.657,-5.792,4.449,-3.309,
SKLC,15,33,7.81196,-76.7164,149.615,-7.38,6.996,-0.456,2013.26
SKLG,12,30,-0.18228,-74.7708,117.36,-7.718,5.078,-3.082,2026.22
SKLM,09,27,11.2325,-72.4901,89.999,-10.346,10.345,3.333,1985.89
SKLT,03,21,-4.19316,-69.9427,20.8,-10.744,1.544,-7.185,
SKMA,06,24,4.7278,-74.2754,58.761,-8.642,7.403,-0.406,2011.29
SKMD,02,20,6.21996,-75.5905,10.608,-7.932,-1.46,-9.091,
SKME,05L,23R,4.21727,-74.63585,39.763,-8.344,-1.893,-9.734,
SKME,05R,23L,4.21644,-74.63505,41.307,-8.345,-0.349,-8.189,
SKMG,11,29,9.28474,-74.8461,101.593,-8.743,0.336,-7.025,
SKMJ,07,25,11.3899,-72.23915,71.699,-10.503,12.202,5.235,1974.58
SKML,18,36,7.97174,-75.4325,174.171,-8.231,2.403,-5.082,
SKMP,02,20,9.25872,-74.43795,15.959,-8.996,4.955,-2.403,
SKMU,02,20,1.25367,-70.2339,11.419,-11.031,2.45,-5.716,
SKMZ,10,28,5.02959,-75.4647,94.621,-7.878,2.5,-5.234,
SKNV,02,20,2.95016,-75.294,14.351,-7.747,2.098,-5.804,
SKOC,01,19,8.31506,-73.3583,6.315,-9.582,5.897,-1.54,2020.81
SKOT,16,34,7.01037,-74.7155,159.47,-8.592,8.062,0.475,2005.17
SKPA,05,23,5.76454,-73.10545,36.938,-9.514,-3.548,-11.265,
SKPB,09,27,12.22145,-71.9848,82.852,-10.708,3.56,-3.258,
SKPC,07,25,6.18471,-67.49315,60.325,-12.951,3.276,-3.927,
SKPD,17,35,3.85353,-67.9062,168.632,-12.644,11.276,3.641,1983.46
SKPE,08,26,4.81267,-75.7395,72.392,-7.668,0.059,-7.675,
SKPI,06,24,1.85777,-76.08575,60.199,-7.055,7.254,-0.651,2013.26
SKPN,06,24,6.21002,-74.5906,70.658,-8.59,19.248,11.584,
SKPP,07,25,2.45443,-76.6094,70.748,-6.769,7.517,-0.299,2011.32
SKPQ,01,19,5.48361,-74.65735,2.706,-8.468,1.174,-6.555,
SKPR,18,36,6.46034,-74.4105,173.08,-8.733,1.813,-5.83,
SKPS,02,20,1.39625,-77.29145,15.934,-6.139,2.074,-5.714,
SKPV,17,35,13.3569,-81.3584,169.341,-5.146,4.487,-2.307,
SKPZ,04,22,5.87615,-71.8866,33.049,-10.305,3.353,-4.32,
SKQU,01,19,5.21256,-74.88365,2.478,-8.288,0.766,-6.979,
SKRG,01,19,6.16482,-75.42312,359.62,-8.037,-2.343,-9.986,
SKRH,09,27,11.5262,-72.92595,88.461,-10.114,8.576,1.567,1997.09
SKSI,04,22,4.73215,-72.32315,33.094,-9.931,3.026,-4.794,
SKSJ,01,19,2.57969,-72.63935,5.535,-9.526,5.062,-2.987,2026.29
SKSM,01,19,11.11965,-74.23065,358.9,-9.302,-1.798,-8.941,
SKSO,04,22,5.67621,-72.9703,40.376,-9.594,9.97,2.245,1992.21
SKSP,06,24,12.5836,-81.71115,59.808,-4.818,4.625,-2.166,
SKSV,14,32,2.15218,-74.76635,131.371,-8.016,-0.613,-8.611,
SKTB,09,27,8.63152,-72.7304,83.421,-9.997,3.418,-3.954,
SKTI,04,22,4.2448,-74.6499,34.269,-8.338,2.607,-5.231,
SKTI,04L,22R,4.25594,-74.64495,35.443,-8.343,3.786,-4.051,
SKTJ,04,22,5.5414,-73.3445,34.156,-9.338,3.495,-4.248,
SKTM,07,25,6.45108,-71.76025,59.356,-10.428,-0.216,-7.812,
SKTQ,07,25,0.7459,-75.23405,63.767,-7.509,1.276,-6.781,
SKUA,03,21,5.5281,-68.677,23.884,-12.251,6.134,-1.333,2019.19
SKUA,07,25,5.52448,-68.6856,63.345,-12.245,5.59,-1.879,2022.87
SKUC,11,29,7.06888,-70.73695,97.542,-11.099,-1.358,-8.803,
SKUI,13,31,5.69076,-76.64115,122.325,-7.169,-0.506,-8.116,
SKUL,01,19,4.08836,-76.23515,11.424,-7.242,8.666,0.916,2001.87
SKVG,16,34,0.97877,-76.60555,165.817,-6.565,12.381,4.486,1979.3
SKVL,15,33,5.93904,-74.45695,150.422,-8.649,9.071,1.378,1997.86
SKVP,02,20,10.43505,-73.2495,9.604,-9.832,-0.563,-7.738,
SKVV,05,23,4.16788,-73.61375,39.077,-9.027,-1.897,-9.774,
SKYP,05,23,5.31911,-72.38395,45.127,-9.942,5.069,-2.686,2026.23
SLBJ,01,19,-22.77335,-64.31285,1.981,-11.178,3.159,-6.133,
SLCB,05,23,-17.4203,-66.1765,37.522,-11.34,-1.138,-10.591,
SLCB,14,32,-17.4205,-66.1778,132.008,-11.339,3.347,-6.107,
SLCO,02,20,-11.0404,-68.7829,10.694,-10.652,1.346,-7.887,
SLCP,17,35,-16.14343,-62.02617,154.574,-14.887,-0.539,-9.763,
SLET,16,34,-17.8116,-63.1715,143.784,-13.661,-2.555,-11.927,
SLHI,17,35,-16.99,-65.1415,162.202,-12.303,4.504,-4.945,
SLLP,10,28,-16.5133,-68.19225,91.908,-9.891,1.798,-7.579,
SLLP,10L,28R,-16.50535,-68.18885,97.723,-9.896,7.619,-1.759,2014.41
SLOR,09,27,-17.96335,-67.0735,93.062,-10.429,13.491,4.068,1981.18
SLOR,18,36,-17.9626,-67.07625,182.223,-10.427,12.649,3.227,1985.9
SLPO,06,24,-19.5431,-65.7237,56.136,-11.095,7.231,-2.198,2016.21
SLPS,05,23,-18.9753,-57.8206,31.705,-17.219,-1.075,-9.743,
SLRB,18,36,-18.32757,-59.76548,163.804,-16.051,-0.144,-9.14,
SLSA,14,32,-13.7622,-65.43515,138.844,-12.779,11.623,2.254,1991.1
SLSI,18,36,-16.38463,-60.96271,171.075,-15.6,6.675,-2.427,2017.94
SLSR,01,19,-14.07291,-66.78738,0.409,-11.651,2.06,-7.339,
SLSU,05,23,-19.00705,-65.28875,45.729,-11.626,7.355,-2.088,2015.56
SLSV,18,36,-16.4012,-61.04515,169.469,-15.54,5.008,-4.106,2026.58
SLTI,03,21,-16.33879,-58.4017,12.779,-17.309,0.088,-8.578,
SLTJ,13,31,-21.55575,-64.7013,124.401,-11.292,5.692,-3.668,2023.35
SLTR,14,32,-14.81875,-64.918,134.869,-12.973,7.842,-1.551,2012.69
SLUY,13,31,-20.44125,-66.85737,120.929,-9.816,0.745,-8.613,
SLVM,18,36,-21.25465,-63.4056,175.231,-12.482,7.713,-1.632,2013.43
SLVR,16,34,-17.64475,-63.13535,147.077,-13.729,0.806,-8.561,
SLYA,02,20,-21.9609,-63.65165,20.407,-12.036,12.443,3.119,1986.57
SMJP,11,29,5.45283,-55.1878,89.671,-17.973,-2.356,-6.429,
SN52,18,36,37.4792,-97.0126,180.0,2.728,-2.728,-7.982,
SNAV,14,32,-9.50454,-40.36947,112.796,-22.186,-5.018,-6.561,2026.32
SNCP,09,27,-27.63417,-50.35828,74.725,-19.195,3.919,-2.733,
SNDV,17,35,-20.18071,-44.87091,147.984,-22.834,0.818,-4.001,
SNQN,06,24,-13.15278,-52.56639,40.659,-20.534,1.193,-5.623,
SNRD,11,29,-17.29695,-39.27111,88.42,-23.647,2.067,-0.413,
SNRZ,03,21,-20.71455,-44.86525,11.645,-22.801,4.446,-0.403,
SNSM,09,27,-0.69602,-47.33602,70.35,-20.137,0.487,-2.017,
SNTF,11,29,-17.52442,-39.66846,90.019,-23.642,3.661,1.005,
SNVB,04,22,-13.29637,-38.9924,13.925,-23.017,-3.058,-4.799,
SNZR,11,29,-17.24272,-46.88299,86.545,-22.404,-1.051,-6.363,
SOCA,08,26,4.81981,-52.36045,65.267,-18.582,3.849,0.673,
SOOA,07,25,3.65564,-54.0396,54.832,-18.488,3.32,-0.778,
SOOG,04,22,3.8976,-51.8041,18.323,-18.825,-2.853,-6.044,
SOOR,06,24,4.3135,-52.13275,38.876,-18.705,-2.419,-5.634,
SOOY,11,29,5.37363,-52.9453,89.359,-18.401,-2.239,-5.499,
SPAB,18,36,-5.25677,-79.44285,178.28,-3.393,1.672,-5.861,
SPAS,12,30,-2.79613,-76.4666,118.926,-6.082,5.008,-3.069,2026.58
SPAY,04,22,-10.72915,-73.76655,45.269,-6.652,11.922,3.222,1986.75
SPBC,12,30,-3.91685,-70.5082,116.745,-10.362,7.107,-1.589,2015.54
SPBR,13,31,-11.4116,-69.4887,126.139,-10.016,6.154,-3.058,2021.3
SPCL,02,20,-8.37794,-74.5743,20.208,-6.512,6.72,-1.816,2018.16
SPCM,09,27,-7.33578,-74.99253,92.355,-6.39,8.745,0.3,2005.84
SPDR,10,28,-3.80601,-75.0393,104.138,-6.988,11.126,2.802,1989.44
SPEE,13,31,-2.45406,-72.6706,122.641,-8.952,1.594,-6.89,
SPEO,01,19,-9.14961,-78.52385,7.383,-3.198,0.581,-7.132,
SPEP,07,25,-9.76813,-70.7065,71.561,-9.349,10.911,1.85,1993.86
SPEQ,06,24,-17.179,-70.9308,65.963,-7.314,13.278,4.199,1980.73
SPGB,17,35,-4.03188,-77.7588,170.617,-4.895,5.513,-2.369,2023.96
SPGM,01,19,-9.28937,-76.00504,5.617,-5.162,0.779,-7.5,
SPGP,05,23,-0.11906,-75.24795,45.386,-7.383,2.768,-5.341,
SPHI,01,19,-6.78747,-79.8281,7.119,-2.768,-0.113,-7.541,
SPHO,02,20,-13.1548,-74.20445,22.511,-5.673,8.184,-0.428,2010.42
SPHY,03,21,-13.7064,-73.3504,31.736,-6.246,7.982,-0.781,2011.83
SPHZ,16,34,-9.34745,-77.5984,161.759,-3.876,5.635,-2.296,2023.43
SPJA,16,34,-6.06786,-77.16,165.734,-4.952,10.686,2.658,1991.13
SPJE,16,34,-5.59248,-78.77395,163.1,-3.821,6.921,-0.763,2016.09
SPJI,03,21,-7.1691,-76.72855,34.152,-5.058,9.209,1.085,2001.42
SPJJ,13,31,-11.7831,-75.4734,127.828,-4.98,2.808,-5.565,
SPJL,12,30,-15.4671,-70.15815,111.971,-8.497,0.469,-8.742,
SPJR,16,34,-7.13918,-78.4894,157.594,-3.7,1.295,-6.45,
SPLC,17,35,-16.7915,-71.8866,173.849,-6.597,10.446,1.503,1996.93
SPLN,10,28,-6.39231,-77.5012,108.647,-4.622,13.269,5.308,1973.52
SPLO,12,30,-17.69505,-71.34395,114.754,-6.781,1.535,-7.463,
SPLP,02,20,-12.1607,-76.99895,17.926,-3.622,1.548,-6.472,
SPME,14,32,-3.55226,-80.38107,141.456,-3.061,4.517,-2.806,
SPMF,15,33,-11.3254,-74.53565,151.514,-5.873,7.388,-1.177,2014.83
SPMS,09,27,-5.89377,-76.1182,94.374,-5.791,10.165,1.943,1994.85
SPNC,07,25,-9.87881,-76.2048,67.615,-4.861,2.476,-5.76,
SPPH,03,21,-7.20107,-75.29404,31.355,-6.179,7.534,-0.858,2013.42
SPPY,13,31,-6.2018,-77.85605,131.875,-4.389,6.264,-1.621,2020.05
SPQT,06,24,-3.78474,-73.3088,56.667,-8.298,4.965,-3.556,
SPQU,10,28,-16.34055,-71.5708,93.2,-7.015,0.215,-8.792,
SPRM,01,19,-11.1286,-75.3505,11.952,-5.25,7.202,-1.204,2015.66
SPRU,02,20,-8.08141,-79.1088,16.957,-3.008,-0.035,-7.622,
SPSO,04,22,-13.74485,-76.2203,38.024,-3.808,1.831,-6.329,
SPST,17,35,-6.50874,-76.37325,169.958,-5.472,5.43,-2.756,2024.49
SPTN,02,20,-18.05325,-70.27585,19.545,-7.609,7.154,-1.985,2016.68
SPTU,01,19,-12.6131,-69.2282,2.132,-9.98,2.112,-7.155,
SPUR,01,19,-5.20576,-80.61645,12.549,-2.543,5.092,-2.162,2026.12
SPYL,17,35,-4.57663,-81.25415,169.848,-2.221,2.069,-5.036,
SPZA,07,25,-14.85395,-74.96155,66.382,-4.535,0.917,-7.495,
SPZO,10,28,-13.5357,-71.9388,95.99,-7.494,3.483,-5.51,
SRV,18,36,61.78975,-156.5885,199.482,11.359,8.123,-2.803,2015.88
SSBL,19,01,-26.83182,-49.09353,167.363,-20.086,-2.551,-8.862,
SSBN,9,27,-30.18887,-51.18179,71.305,-17.709,-0.986,-7.664,
SSIJ,18,36,-28.36868,-53.84644,162.206,-16.899,-0.895,-8.422,
SSKT,03,21,-27.61199,-48.6733,9.995,-20.024,0.019,-6.121,
SSKZ,11,29,-28.3218,-52.81629,98.721,-17.556,6.278,-1.001,2016.98
SSOK,11,29,-23.21459,-51.18452,89.67,-20.076,-0.254,-7.294,
SSUM,04,22,-23.7992,-53.314,21.23,-18.809,0.04,-7.599,
SUAA,01,19,-34.78901,-56.26494,356.703,-11.784,-1.513,-8.631,
SUCM,17,35,-33.96603,-58.32539,162.79,-10.682,3.471,-4.076,
SUDU,03,21,-33.35995,-56.49975,23.303,-12.483,5.786,-1.62,2020.9
SUDU,10,28,-33.3592,-56.50305,86.48,-12.481,-1.039,-8.446,
SULS,01,19,-34.8574,-55.09415,357.699,-12.611,0.31,-6.6,
SULS,08,26,-34.8569,-55.1012,72.426,-12.606,5.033,-1.879,2026.34
SUMO,07,25,-32.33818,-54.21725,59.366,-14.719,4.085,-3.063,
SUMU,01,19,-34.83181,-56.03084,359.483,-11.934,1.417,-5.657,
SUMU,07,25,-34.8354,-56.02595,53.416,-11.935,-4.648,-11.721,
SUPE,02,20,-34.90941,-54.92013,4.606,-12.704,-2.689,-9.559,
SUPU,02,20,-32.36421,-58.06228,8.844,-11.851,0.695,-7.097,
SUSO,05,23,-31.4385,-57.9853,38.535,-12.434,0.969,-6.957,
SUSO,13,31,-31.4323,-57.9856,116.561,-12.437,-1.002,-8.929,
SV02,07,25,8.40443,-65.01555,56.526,-14.243,0.769,-5.551,
SV73,11,29,8.67032,-62.62535,92.911,-15.29,-1.799,-7.467,
SV74,07,25,9.58187,-72.78805,66.632,-10.039,6.672,-0.584,2014.44
SV75,01,19,10.0883,-72.55485,3.942,-10.22,4.161,-3.012,
SVAC,05,23,9.54852,-69.239,42.345,-12.09,4.435,-2.457,
SVAC,11,29,9.55342,-69.23755,105.128,-12.091,7.219,0.328,2008.03
SVAE,09,27,10.3286,-72.4807,93.041,-10.282,13.323,6.188,1968.01
SVAJ,11,29,8.81869,-65.8867,99.741,-13.821,3.562,-2.865,
SVAN,09,27,9.43022,-64.4709,90.474,-14.475,14.95,8.973,1942.93
SVAS,05,23,6.57727,-66.8169,47.167,-13.329,10.496,3.47,1984.6
SVAX,01,19,10.00032,-72.58305,0.614,-10.196,0.81,-6.377,
SVBC,02,20,10.10845,-64.6889,12.629,-14.364,6.993,1.109,2004.83
SVBC,15,33,10.11105,-64.6922,142.578,-14.363,6.941,1.057,2005.43
SVBI,03,21,8.61667,-70.22305,33.022,-11.492,14.514,7.345,1958.99
SVBI,13,31,8.61525,-70.2142,122.954,-11.497,4.451,-2.717,
SVBK,04,22,9.26608,-70.23035,36.574,-11.522,8.096,1.028,2001.0
SVBL,09,27,10.18335,-67.5573,81.708,-12.999,4.707,-1.789,
SVBM,09,27,10.04235,-69.35885,80.924,-12.045,2.969,-3.857,
SVBS,06,24,10.2492,-67.65025,50.918,-12.953,3.871,-2.63,
SVBS,11,29,10.25065,-67.6523,104.46,-12.952,7.412,0.911,2003.98
SVCB,07,25,8.12189,-63.53745,56.048,-14.925,0.973,-5.054,
SVCD,11,29,7.62608,-66.1649,101.542,-13.681,5.223,-1.492,2025.0
SVCE,12,30,9.35031,-65.28065,107.978,-14.107,2.085,-4.1,
SVCG,10,28,8.75639,-72.5366,92.761,-10.126,2.887,-4.459,
SVCJ,15,33,9.64772,-68.57465,141.666,-12.454,4.12,-2.653,
SVCL,09,27,8.92465,-67.4171,83.606,-13.048,6.654,-0.051,2012.6
SVCN,01,19,6.23199,-62.85445,353.814,-15.296,-0.89,-7.15,
SVCP,17,35,10.66,-63.2617,167.474,-14.947,12.421,7.035,1959.53
SVCR,09,27,11.4149,-69.68165,78.841,-11.929,0.77,-5.87,
SVCS,10,28,10.28655,-66.8162,94.122,-13.37,7.493,1.164,2002.28
SVCU,08,26,10.4503,-64.13045,62.377,-14.598,-3.026,-8.692,
SVCZ,08,26,9.37217,-66.92295,77.95,-13.308,11.258,4.729,1977.5
SVDW,07,25,7.49275,-63.2702,73.686,-15.065,18.751,12.655,1913.25
SVEB,09,27,8.67612,-72.33475,91.393,-10.242,11.635,4.291,1980.02
SVED,08,26,6.71544,-61.6392,87.551,-15.794,23.344,17.507,
SVEN,05,23,9.03777,-72.24795,47.842,-10.323,8.165,0.874,2001.88
SVEP,08,26,10.1976,-67.4442,65.938,-13.057,-1.005,-7.477,
SVET,10,28,7.35043,-62.53245,90.368,-15.39,5.758,-0.179,2019.64
SVEZ,07,25,7.05972,-69.49665,76.49,-11.836,18.326,11.001,1918.9
SVFM,11,29,10.485,-66.8435,102.305,-13.359,5.664,-0.631,2021.1
SVFU,08,26,7.55195,-71.47115,74.005,-10.686,4.69,-2.745,
SVGC,03,21,9.77707,-72.4868,28.388,-10.236,8.624,1.414,1997.86
SVGD,05,23,7.21108,-70.75645,56.242,-11.096,17.339,9.912,1929.34
SVGI,05,23,10.574,-62.31265,32.795,-15.316,-1.889,-7.026,
SVGU,05,23,9.02695,-69.75515,44.968,-11.78,6.748,-0.3,2013.01
SVHD,12,30,9.89667,-72.55045,117.614,-10.207,7.821,0.623,2004.37
SVHG,08,26,10.46245,-66.09275,70.05,-13.719,3.769,-2.37,
SVHH,12,30,10.80755,-69.6384,114.659,-11.926,6.584,-0.153,2013.33
SVIE,09,27,10.79445,-63.9816,87.319,-14.65,11.97,6.42,1965.17
SVJC,09,27,11.7808,-70.1515,85.012,-11.694,6.706,0.057,2011.81
SVJM,06,24,9.90695,-67.37965,48.984,-13.084,2.068,-4.446,
SVLF,01,19,8.23915,-72.27105,0.309,-10.248,0.557,-6.84,
SVLM,07,25,9.49669,-62.90127,54.719,-15.14,-0.14,-5.695,
SVLO,08,26,11.80885,-66.1791,71.508,-13.678,5.186,-0.691,2024.98
SVMC,03L,21R,10.5584,-71.7288,22.753,-10.739,3.492,-3.545,
SVMC,03R,21L,10.558,-71.7269,22.705,-10.74,3.446,-3.591,
SVMD,06,24,8.58197,-71.1614,58.791,-10.94,9.732,2.464,1990.94
SVMG,09,27,10.91225,-63.9666,78.206,-14.653,2.859,-2.66,
SVMG,09L,27R,10.91365,-63.9684,78.433,-14.652,3.086,-2.434,
SVMI,09,27,10.60195,-66.9844,76.125,-13.291,-0.584,-6.886,
SVMI,10,28,10.6043,-66.9968,88.187,-13.285,1.472,-4.831,
SVMP,08,26,10.1332,-66.78785,77.45,-13.383,10.833,4.479,1978.9
SVMT,06,24,9.74907,-63.1534,48.411,-15.028,3.438,-2.127,
SVMZ,08,26,7.55777,-69.14145,58.407,-12.064,-9.529,-16.734,
SVNX,08,26,8.82815,-63.095,73.214,-15.089,8.303,2.544,1992.15
SVOE,08,26,8.74414,-69.91385,76.254,-11.676,7.93,0.818,2002.73
SVOF,10,28,9.70226,-63.62535,90.566,-14.834,5.4,-0.302,2022.81
SVOK,08,26,9.06148,-63.4447,84.912,-14.933,19.844,14.046,1901.78
SVON,06,24,10.3301,-71.3225,56.234,-10.959,7.192,0.163,2009.04
SVPA,04,22,5.61999,-67.6061,30.606,-12.873,3.479,-3.835,
SVPB,08,26,10.78395,-68.34365,73.055,-12.61,5.665,-0.864,2021.36
SVPC,10,28,10.4805,-68.073,96.005,-12.742,8.747,2.211,1993.17
SVPE,09,27,9.97871,-62.23125,72.121,-15.379,-2.5,-7.754,
SVPF,10,28,8.81912,-64.73965,90.549,-14.366,4.914,-1.257,
SVPM,02,20,7.80143,-72.2028,12.609,-10.256,2.865,-4.584,
SVPP,09,27,5.79101,-61.44075,74.833,-15.928,0.761,-5.226,
SVPR,07,25,8.28853,-62.76035,64.15,-15.252,9.401,3.612,1984.34
SVPT,05,23,7.57571,-70.1743,51.671,-11.464,13.136,5.816,1970.77
SVQL,10,28,7.75776,-63.08235,103.815,-15.137,18.952,12.962,1911.28
SVQU,09,27,8.74913,-69.7222,95.069,-11.785,16.854,9.766,1931.93
SVRA,10,28,10.5741,-62.98515,86.188,-15.06,1.248,-4.081,
SVRB,08,26,11.51245,-69.3148,75.514,-12.128,7.643,1.079,2002.06
SVRX,13,31,9.84347,-72.54725,123.006,-10.205,3.211,-3.995,
SVS,05,23,66.0172,-149.0545,70.529,14.275,6.254,-8.167,2023.05
SVSA,17,35,7.84083,-72.43975,165.303,-10.113,5.415,-2.04,2024.0
SVSB,12,30,7.80353,-71.16583,111.304,-10.887,2.191,-5.186,
SVSE,11,29,4.55473,-61.1449,102.059,-16.122,8.181,2.008,1995.76
SVSN,09,27,8.87525,-66.83985,78.924,-13.345,2.269,-4.339,
SVSO,11,29,7.56511,-72.03515,110.394,-10.341,10.735,3.266,1986.09
SVSP,05,23,10.27875,-68.7552,36.024,-12.379,-1.597,-8.288,
SVSR,11,29,7.88332,-67.44405,107.583,-13.014,10.598,3.698,1983.35
SVST,08,26,8.94515,-64.15105,68.333,-14.629,2.962,-3.04,
SVSZ,18,36,8.97443,-71.94305,179.304,-10.501,9.805,2.527,1990.63
SVTC,07,25,9.08899,-62.09415,65.043,-15.48,10.523,5.099,1975.42
SVTK,07,25,7.10835,-69.7891,63.949,-11.667,5.616,-1.734,2022.6
SVTM,08,26,7.24938,-61.5289,67.993,-15.807,3.8,-1.887,
SVUP,12,30,7.9791,-62.3288,117.087,-15.445,12.532,6.789,1962.22
SVVA,10,28,10.14975,-67.9284,92.759,-12.808,5.567,-1.004,2022.21
SVVG,09,27,8.6241,-71.6728,81.928,-10.638,2.566,-4.738,
SVVL,03,21,9.34079,-70.5841,17.843,-11.324,-0.834,-7.932,
SVVP,08,26,9.22201,-65.9936,72.479,-13.768,6.246,-0.122,2015.48
SVVQ,13,31,10.2426,-70.50165,122.415,-11.421,3.836,-3.113,
SVWB,09,27,10.47945,-68.47285,89.467,-12.534,12.001,5.394,1973.55
SVWQ,16,34,8.5983,-69.75995,158.141,-11.757,9.897,2.781,1988.99
SWHP,03,21,-14.01985,-52.15195,14.013,-20.691,4.704,-2.084,
SWIT,01,19,-25.48493,-54.44133,356.496,-17.622,4.119,-3.746,
SWKQ,16,34,-9.08339,-42.64461,135.18,-22.125,-2.694,-5.094,
SWMK,7,25,0.62816,-66.11517,67.336,-13.619,10.955,3.049,1986.72
SWQS,12,30,-20.94694,-53.43639,103.564,-19.41,2.973,-4.694,
SWVW,06,24,-20.53525,-45.6039,39.089,-22.615,1.704,-3.4,
SWVX,17,35,-10.24145,-60.1409,157.242,-16.851,4.093,-4.364,
SWWH,03,21,-21.98275,-53.904,8.166,-18.935,-2.899,-10.707,
SY-0035,09,27,35.75475,38.56685,92.751,5.519,-2.769,-0.381,
SY-0036,04,22,32.7867,35.718,41.435,5.076,-3.641,-1.067,
SYCJ,11,29,6.49859,-58.25555,89.999,-17.026,-2.975,-7.843,
SYLD,11,29,5.96592,-58.27045,91.003,-17.076,-1.921,-6.922,
SYLT,07,25,3.37277,-59.78945,57.932,-16.757,4.688,-1.364,
TA24,16,34,31.47515,-98.7114,159.884,3.641,-3.757,-8.578,
TA34,13,31,28.7668,-100.083,131.042,4.297,-3.254,-7.733,
TA52,16,34,29.81695,-99.9961,160.329,4.282,-3.953,-8.511,
TA65,16,34,32.82617,-98.4804,174.241,3.541,10.7,5.78,1968.76
TA70,17,35,31.7836,-95.8975,170.746,2.021,-1.275,-6.425,
TA78,17,35,31.97235,-98.0614,169.832,3.286,-3.455,-8.377,
TA89,01,19,31.52375,-98.8003,10.073,3.691,-3.618,-8.43,
TAPA,07,25,17.1367,-61.7927,58.421,-15.108,3.529,0.261,
TBPB,09,27,13.0746,-59.49245,75.916,-16.015,1.931,-1.664,
TDCF,01,19,15.3367,-61.3922,356.109,-15.328,1.437,-2.19,
TE26,12,30,28.7836,-98.35,125.506,3.406,2.1,-2.62,
TE27,16,34,28.25445,-99.59925,166.16,4.043,2.117,-2.398,
TE37,15,33,30.2691,-100.451,149.603,4.528,-4.926,-9.453,
TE62,09,27,27.85425,-97.6823,95.668,3.048,2.62,-2.145,
TE78,04,22,29.5687,-99.9745,40.116,4.264,-4.148,-8.693,
TE83,16,34,28.9208,-99.75615,159.865,4.136,-4.272,-8.806,
TE99,14,32,32.0215,-97.25375,144.938,2.823,2.116,-2.899,
TFFF,10,28,14.59062,-61.00571,80.011,-15.487,-4.502,-8.202,
TFFG,12,30,18.0999,-63.04725,107.06,-14.715,1.775,-1.654,
TFFJ,10,28,17.90439,-62.84356,88.596,-14.781,3.377,-0.036,
TFFM,09,27,15.86875,-61.27015,78.125,-15.326,3.451,0.011,
TFFR,12,30,16.2653,-61.5318,100.912,-15.23,-3.858,-7.279,
TFFS,09,27,15.8654,-61.5808,78.324,-15.241,3.566,0.019,
TGPY,10,28,12.00425,-61.7862,90.229,-15.42,5.649,1.022,2017.33
TH-0036,02,20,14.0215,101.70311,22.243,-0.708,2.951,2.328,
TH-0051,18,36,19.88575,99.82685,181.963,-0.999,2.961,2.423,
TIST,10,28,18.3373,-64.97335,87.612,-14.107,1.719,-2.277,
TISX,10,28,17.7015,-64.80195,84.144,-14.174,-1.682,-5.79,
TJ-0011,03,21,38.36482,69.98689,34.022,4.524,-0.502,0.746,
TJ-UT44,07,25,38.1904,74.02475,69.206,3.977,-4.77,-3.68,
TJ-UT45,08,26,38.5123,68.67245,82.913,4.713,-1.8,-0.512,
TJ-UT46,04,22,37.46985,69.38085,42.554,4.293,-1.739,-0.457,
TJAB,08,26,18.44995,-66.6753,67.95,-13.495,1.446,-3.04,
TJBQ,08,26,18.49485,-67.12925,72.523,-13.32,5.844,1.238,2013.1
TJIG,09,27,18.4568,-66.0981,82.921,-13.711,6.631,2.319,1997.81
TJMZ,09,27,18.25565,-67.14845,76.234,-13.309,-0.457,-5.125,
TJPS,12,30,18.0083,-66.56305,107.775,-13.534,1.31,-3.252,
TJSJ,08,26,18.44415,-66.0016,67.147,-13.746,0.893,-3.394,
TJSJ,10,28,18.43355,-66.00215,90.254,-13.745,4.0,-0.29,
TJVQ,09,27,18.1348,-65.4936,76.285,-13.929,0.213,-3.997,
TKPK,07,25,17.3112,-62.71865,57.031,-14.843,1.874,-1.661,
TKPN,10,28,17.20565,-62.58985,89.485,-14.884,4.37,0.849,
TLPC,09,27,14.0197,-60.9934,75.286,-15.531,0.818,-3.031,
TLPL,10,28,13.7332,-60.9526,89.997,-15.564,5.561,1.649,2015.49
TLT,15,33,61.08773,-160.92331,159.915,9.494,0.42,-9.544,
TM-UT50,07,25,36.4919,61.2665,71.104,4.635,-3.532,-2.124,
TM-UT52,17,35,37.66435,61.82695,178.487,4.994,3.493,4.925,
TM-UT55,10,28,38.98425,56.35695,102.006,5.795,-3.789,-2.186,
TM-UT56,17,35,37.8059,65.96545,174.16,4.724,-0.564,0.796,
TM-UT58,02,20,35.66285,62.55485,20.385,4.279,-3.895,-2.516,
TN44,03,21,36.3467,-84.01225,30.096,-6.121,6.217,1.411,2005.96
TN65,01,19,35.67275,-86.4833,9.994,-4.382,4.376,-0.837,
TN85,04,22,35.63885,-85.3972,37.915,-5.119,3.034,-2.069,
TNCA,11,29,12.5014,-70.01525,103.995,-11.802,5.797,-0.706,2020.16
TNCB,10,28,12.131,-68.26855,91.755,-12.685,4.44,-1.82,
TNCC,11,29,12.18885,-68.9598,102.182,-12.338,4.52,-1.859,
TNCE,06,24,17.4965,-62.97945,50.181,-14.759,4.939,1.368,
TNCM,10,28,18.04093,-63.10896,81.487,-14.7,-3.813,-7.279,
TNCS,12,30,17.64539,-63.22056,112.385,-14.681,7.067,3.455,1988.46
TQPF,11,29,18.2048,-63.05385,90.765,-14.709,-4.526,-7.928,
TR-0018,06,24,40.74863,31.6518,64.686,6.233,-1.546,1.531,
TR-0041,06,24,39.09275,27.1484,63.274,5.598,-2.325,1.038,
TR-0295,05,23,39.30282,31.49879,51.411,5.962,-4.55,-1.515,
TR-0297,07,25,36.57345,36.154,68.04,5.667,-7.627,-5.023,1975.26
TR-0298,15,33,37.09425,38.8471,150.648,5.78,-5.132,-2.719,2021.6
TS36,17,35,30.21955,-99.14085,169.969,3.847,-3.878,-8.573,
TS65,17,35,31.3585,-100.613,170.266,4.653,-4.386,-8.966,
TSG,06,24,63.37465,-143.3205,87.929,16.27,11.659,-2.139,2007.4
TSG,12,30,63.3725,-143.3325,145.732,16.267,9.465,-4.33,2012.86
TT-TT01,10,28,10.42621,-61.4418,89.835,-15.639,5.474,0.562,2020.92
TT12,15,33,32.27245,-97.6934,149.976,3.08,-3.104,-8.082,
TT16,18,36,32.9367,-98.39745,178.058,3.496,-5.438,-10.372,
TT19,18,36,30.15748,-94.7099,184.372,1.333,3.039,-2.191,
TT40,18,36,33.0757,-98.79935,183.414,3.728,-0.314,-5.214,
TT65,12,30,30.03161,-96.41863,129.335,2.339,6.996,1.966,2007.26
TT66,2,20,32.10815,-96.8085,28.108,2.562,5.545,0.479,2020.16
TT75,18,36,30.43255,-95.74582,178.917,1.944,-3.027,-8.15,
TTCP,11,29,11.1497,-60.8322,94.169,-15.793,-0.038,-4.582,
TTPP,10,28,10.59535,-61.33725,89.799,-15.664,5.464,0.624,2020.92
TUPJ,07,25,18.44555,-64.5416,60.365,-14.248,4.613,0.783,
TVSB,12,30,12.98845,-61.26205,103.33,-15.525,-1.146,-5.355,
TVSC,13,31,12.7008,-61.34507,121.587,-15.519,7.106,2.795,1993.33
TVSM,09,27,12.88795,-61.18015,71.24,-15.557,-3.203,-7.411,
TX07,16,34,29.93425,-101.234,161.375,4.905,-3.53,-7.931,
TX13,1,19,35.88925,-101.03,17.06,5.091,1.969,-2.897,
TX25,17,35,31.98945,-95.9511,169.827,2.052,-2.225,-7.376,
TX31,02,20,32.07375,-101.564,20.459,5.171,-4.712,-9.227,
TX82,15,33,31.8637,-97.3812,150.906,2.895,-1.99,-6.984,
TXKF,12,30,32.36405,-64.6787,101.449,-14.379,-4.172,-3.878,
U37,02,20,43.4536,-112.807,34.736,11.461,3.275,-2.02,
U41,16,34,44.16235,-112.2205,170.2,11.356,-1.156,-6.639,
U46,01,19,43.4326,-113.0555,30.432,11.549,8.883,3.601,1992.53
U48,7,25,43.21775,-113.2279,84.096,11.575,2.52,-2.706,
U53,06,24,44.63475,-111.3425,76.56,11.079,5.481,-0.14,2021.33
U61,03,21,43.9437,-114.1105,17.287,12.011,-24.724,-30.107,
U65,07,25,43.3088,-113.936,89.997,11.84,8.156,2.929,1999.76
U74,05,23,40.41885,-116.561,69.665,12.127,7.538,3.06,2002.46
U74,14,32,40.41255,-116.566,151.574,12.127,-0.553,-5.029,
U86,07,25,43.3419,-114.7985,89.996,12.135,7.862,2.648,2001.93
U87,14,32,43.91235,-114.7965,155.479,12.237,3.243,-2.116,
U88,10,28,44.067,-115.9315,116.137,12.624,3.512,-1.864,
U91,05,23,42.3733,-115.8795,68.733,12.294,6.439,1.492,2011.98
U92,05,23,43.6771,-113.6025,79.192,11.788,17.405,12.077,
U93,03,21,43.27935,-114.397,53.445,11.991,11.454,6.245,1950.4
U93,09,27,43.28365,-114.395,115.56,11.991,13.568,8.359,
U94,06,24,42.5762,-114.136,74.838,11.78,3.058,-1.988,
U99,07,25,43.03705,-113.7335,90.89,11.723,9.167,4.0,1986.88
UA-9862,08,26,48.07505,37.7256,89.18,8.765,0.415,3.614,
UA-9863,09,27,48.4174,39.37415,100.646,9.083,1.562,4.701,
UA30,14,32,40.0427,70.8381,143.725,5.004,-1.28,-0.1,
UA34,03,21,41.27645,67.97095,39.854,5.808,4.046,5.334,
UA36,08,26,42.9728,72.72795,87.954,5.832,2.122,3.114,
UA36,08L,26R,42.9745,72.7248,87.869,5.833,2.036,3.028,
UA66,08,26,41.5168,69.57535,80.766,5.713,-4.947,-3.737,
UAAA,05L,23R,43.3587,77.04815,55.741,5.174,0.567,1.234,
UAAA,05R,23L,43.35236,77.0399,55.812,5.174,0.639,1.306,
UAAH,05,23,46.8942,75.00475,52.344,7.036,-4.693,-4.037,
UAAT,02,20,45.12261,78.44278,26.155,5.496,0.659,1.107,
UACC,04,22,51.0222,71.4671,44.564,9.959,-5.395,-4.503,2012.05
UACK,02,20,53.3291,69.59465,31.799,11.797,0.002,1.118,
UACP,05,23,54.77435,69.184,65.546,12.876,2.67,3.87,
UADD,13,31,42.85355,71.3037,136.995,6.007,0.988,2.074,
UAFM,07,25,43.0613,74.4776,79.93,5.566,4.364,5.234,
UAFO,12,30,40.60795,72.79512,125.597,4.942,0.655,1.722,
UAFW,11,29,42.8534,74.84605,114.431,5.421,-0.99,-0.136,
UAII,10,28,42.36425,69.4791,106.362,6.062,0.299,1.501,
UAIT,05,23,43.31115,68.55041,55.686,6.577,-0.891,0.35,
UAKD,04,22,47.70875,67.7392,51.687,8.784,2.903,4.181,
UAKK,05,23,49.6708,73.33455,58.266,8.779,-0.514,0.201,
UAOO,05,23,44.70635,65.59072,61.316,7.551,3.765,5.183,
UARR,04,22,51.15203,51.54393,52.012,11.48,0.532,3.228,
UASK,12,30,50.0366,82.4942,130.429,6.129,4.299,3.973,
UASK,12L,30R,50.03175,82.50465,130.65,6.123,4.527,4.2,
UASP,03,21,52.1949,77.07405,42.781,9.094,3.687,3.867,
UASS,02,20,50.34945,80.2333,23.346,7.09,-3.744,-3.838,
UASS,08,26,50.3513,80.23435,83.806,7.091,-3.285,-3.379,
UATE,12,30,43.86005,51.092,122.663,7.86,-5.197,-3.071,2020.63
UATG,14,32,47.12195,51.8213,149.88,9.349,0.531,2.869,
UATT,12,30,50.24565,57.2071,135.098,11.062,4.036,6.256,
UAUR,08,26,50.31875,66.95235,90.755,10.36,0.395,1.765,
UAUU,14,32,53.20858,63.54816,156.92,12.619,4.301,6.118,
UB12,17,35,40.59155,49.55745,180.193,6.617,3.575,5.538,
UB13,05,23,39.90145,46.78705,58.847,6.434,2.413,4.467,
UB14,08,26,40.27355,48.1636,88.215,6.533,1.682,3.689,
UB16,13,31,41.75335,46.35525,138.119,7.046,1.074,3.279,
UB18,18,36,40.4066,50.2002,179.263,6.539,-7.276,-5.356,1912.1
UBBB,16,34,40.47342,50.03593,166.508,6.566,-0.058,1.874,
UBBB,17,35,40.4717,50.0633,180.0,6.565,3.435,5.366,
UBBF,11,29,39.59081,47.20181,116.036,6.329,-0.293,1.718,
UBBG,12,30,40.7389,46.32014,127.981,6.707,1.275,3.41,
UBBL,15,33,38.75868,48.80632,151.024,6.026,-5.002,-3.128,2026.49
UBBN,14L,32R,39.1881,45.45845,137.46,6.236,-8.776,-6.696,1907.74
UBBN,14R,32L,39.1874,45.45745,137.235,6.236,-9.0,-6.92,1905.48
UBBZ,03,21,39.11314,46.74283,31.486,6.19,-4.704,-2.7,
UD21,05,23,40.2985,44.5612,60.589,6.574,4.015,6.219,
UD21,18,36,40.29355,44.57125,186.387,6.573,-0.186,2.017,
UDLS,13,31,41.04845,44.3372,130.646,6.804,-6.157,-3.891,2007.64
UDSG,02,20,40.75035,43.85935,23.701,6.709,-3.008,-0.734,
UDYE,03,21,40.1221,44.465,32.21,6.521,-4.311,-2.114,
UDYZ,08,26,40.1473,44.3959,89.658,6.529,3.129,5.333,
UEEE,05R,23L,62.0941,129.7765,36.825,-16.458,3.282,1.566,
UELL,08,26,56.9139,124.9135,68.891,-14.399,3.29,1.459,
UERP,17,35,66.4004,112.0305,164.017,-11.266,5.282,0.495,2024.68
UERR,07,25,62.5347,114.039,55.417,-12.081,-2.502,-6.115,
UEST,03,21,71.69765,128.903,8.03,-19.571,-2.399,-7.365,
UG-0001,18,36,-1.28335,29.71965,171.503,1.359,-9.856,-6.081,1964.53
UG0U,15,33,43.10405,40.57925,151.098,7.34,-6.242,-3.617,2008.92
UG11,10,28,40.8876,45.957,110.273,6.756,3.517,5.682,
UG22,09,27,41.45915,44.78315,91.271,6.937,-5.666,-3.396,2013.91
UG24,14,32,41.6492,44.93645,140.203,7.001,-6.797,-4.523,1997.82
UG25,10,28,41.9534,45.508,102.093,7.108,-5.015,-2.749,2026.04
UG26,09,27,42.2486,42.62465,94.441,7.15,-2.71,-0.263,
UG27,14,32,41.62805,45.03075,142.816,6.995,-4.179,-1.911,
UG28,13,31,41.37955,46.3673,136.038,6.919,-0.881,1.298,
UGAM,11,29,42.52689,43.13546,115.094,7.253,-2.159,0.278,
UGKO,07,25,42.17665,42.4826,80.513,7.124,3.39,5.839,
UGSB,12,30,41.60965,41.60035,130.68,6.929,3.752,6.215,
UGSS,12,30,42.85825,41.12815,122.532,7.289,-4.757,-2.181,
UGTB,13R,31L,41.668,44.9525,136.499,7.007,-0.508,1.767,
UHBB,18,36,50.4254,127.4125,166.942,-12.812,-0.246,-1.822,
UHHH,05L,23R,48.52805,135.186,42.357,-12.351,4.708,3.515,
UHHH,05R,23L,48.528,135.191,41.936,-12.35,4.287,3.094,
UHMA,02,20,64.73495,177.7415,15.003,-1.232,-3.765,-10.292,
UHMD,02,20,64.37815,-173.2435,21.905,3.307,-1.402,-9.883,
UHMM,10,28,59.911,150.7205,93.337,-11.969,5.306,4.005,2023.42
UHMP,17,35,69.7833,170.597,167.463,-6.046,3.509,-3.259,
UHPP,16R,34L,53.1701,158.454,156.906,-7.558,4.464,2.686,
UHSS,01,19,46.8856,142.7175,1.301,-10.798,2.099,1.067,
UIAA,11,29,52.0263,113.3055,100.738,-9.378,0.116,-2.244,
UIAA,11L,29R,52.02875,113.2985,101.364,-9.376,0.74,-1.621,
UIBB,12,30,56.37055,101.6985,114.502,-3.31,-2.188,-5.16,
UIII,12,30,52.268,104.3915,113.358,-4.831,-1.811,-4.228,
UIUU,08,26,51.80985,107.441,78.029,-6.46,4.488,2.079,
UK59,17,35,49.83815,36.6412,173.054,9.278,-6.224,-2.776,2013.52
UK61,13,31,49.73785,23.6689,138.824,7.047,1.776,6.222,
UKBB,18L,36R,50.34265,30.90685,182.553,8.537,-5.984,-2.091,2016.81
UKBB,18R,36L,50.3365,30.88195,182.685,8.531,-5.846,-1.951,2017.88
UKCM,02,20,47.0761,37.4496,21.095,8.384,-7.289,-4.167,1999.6
UKCM,11,29,47.07515,37.46195,111.679,8.385,-6.706,-3.585,2007.13
UKDD,09,27,48.3572,35.10055,89.986,8.535,-8.549,-5.162,1954.41
UKDE,02,20,47.86705,35.3157,23.218,8.4,-5.182,-1.857,2023.65
UKDR,18,36,48.0433,33.21,185.863,8.178,-2.315,1.163,
UKFF,01L,19R,45.0522,33.97515,13.487,7.409,-3.922,-0.753,
UKFK,07,25,45.3729,36.4028,72.825,7.736,-4.911,-1.871,
UKHH,08,26,49.9248,36.28995,90.558,9.259,1.298,4.778,
UKKE,15,33,49.41555,31.9953,149.532,8.426,-8.894,-5.188,1956.99
UKKK,08,26,50.40175,30.45115,86.36,8.476,-2.116,1.819,
UKKM,15,33,50.6035,30.19195,154.475,8.492,-4.017,-0.038,
UKLH,16,34,49.35915,26.93395,165.979,7.559,-1.581,2.516,
UKLI,10,28,48.8842,24.68665,102.816,7.048,-4.232,0.015,
UKLN,15,33,48.2593,25.9808,152.965,7.131,-4.166,-0.107,
UKLR,11,29,50.60715,26.14165,118.212,7.733,0.479,4.799,
UKLT,10,28,49.5242,25.70005,104.41,7.379,-2.969,1.257,
UKLU,10,28,48.6343,22.26335,103.245,6.557,-3.312,1.147,
UKOH,03,21,46.67598,32.50626,32.984,7.686,-4.702,-1.304,
UKON,05,23,47.0579,31.9198,50.79,7.717,-6.927,-3.454,2006.64
UKON,05L,23R,47.0605,31.92295,51.093,7.718,-6.625,-3.152,2009.72
UKOO,07,25,46.4276,30.67075,75.863,7.386,-1.523,1.983,
UKOO,16,34,46.42675,30.6765,163.384,7.386,-4.003,-0.497,
ULAA,08,26,64.6003,40.71665,96.634,18.408,-1.774,3.952,
ULLI,10L,28R,59.8054,30.27445,106.345,12.081,-5.735,-0.215,2021.51
ULLI,10R,28L,59.79515,30.2506,106.238,12.068,-5.831,-0.311,2020.86
ULLP,03,21,59.6845,30.3375,33.625,12.045,-8.42,-2.931,2003.15
ULMM,13,31,68.7817,32.7508,146.163,18.013,-1.85,5.814,
ULPB,02,20,61.88515,34.15475,23.084,14.429,-11.345,-5.709,1947.54
ULWC,03,21,59.27605,38.0187,42.055,14.1,-2.045,2.721,
UMBB,11,29,52.10825,23.89625,113.832,7.65,-3.818,0.923,
UMGG,10,28,52.527,31.0167,110.786,9.291,1.495,5.666,
UMII,06,24,55.1265,30.34965,61.98,10.108,-8.128,-3.503,2000.83
UMKK,06,24,54.89163,20.5986,65.784,7.511,-1.726,3.813,
UMMG,09,27,53.59705,24.0478,89.041,8.073,-9.032,-4.08,1989.48
UMMG,17,35,53.60195,24.05375,178.067,8.076,-0.009,4.944,
UMMS,13L,31R,53.8928,28.05185,138.75,9.115,-0.365,4.256,
UMMS,13R,31L,53.88246,28.03072,138.741,9.107,-0.366,4.256,
UMOO,13,31,53.9549,30.09505,136.494,9.607,-3.113,1.344,
UNAA,02,20,53.74,91.3851,25.025,3.087,1.938,0.186,
UNBB,06,24,53.36375,83.53855,67.251,7.12,0.13,-0.616,
UNBG,02,20,51.96926,85.83648,25.238,5.459,-0.22,-1.119,
UNEE,05,23,55.2701,86.1072,53.733,6.689,-2.956,-4.235,
UNKL,11,29,56.17295,92.4933,113.172,3.082,0.09,-2.133,
UNNT,07,25,55.0126,82.6507,81.087,8.368,2.72,1.962,
UNNT,16,34,55.03333,82.59833,170.216,8.404,1.812,1.06,
UNOO,06,24,54.9692,73.31085,76.995,11.99,5.005,5.633,2022.22
UNOO,07,25,54.96705,73.31055,76.886,11.989,-5.103,-4.474,2016.11
UNOO,15,33,54.96225,73.3411,164.688,11.977,2.712,3.336,
UNTT,03,21,56.38315,85.21055,33.475,7.743,-4.268,-5.522,
UNWW,01,19,53.81196,86.87838,19.899,5.645,4.254,3.027,
UOHH,06,24,71.97805,102.4905,64.859,1.769,3.089,-3.204,
URKA,04,22,45.0021,37.3473,41.821,7.708,-5.887,-2.932,2014.43
URKG,01,19,44.582,38.013,13.968,7.634,-3.666,-0.783,
URKK,05L,23R,45.0351,39.15245,52.548,7.862,-5.314,-2.463,2019.99
URKK,05R,23L,45.0342,39.1885,52.544,7.864,-5.32,-2.472,2019.92
URMM,11,29,44.22505,43.0819,122.249,7.825,4.424,6.991,
URMN,06,24,43.5129,43.63655,62.505,7.599,-5.094,-2.612,2023.83
URMO,09,27,43.2051,44.60665,101.548,7.522,4.026,6.433,
URMS,09,27,43.32355,45.01215,95.712,7.574,-1.862,0.531,
URMT,07,25,45.10925,42.11285,76.08,8.088,-2.008,0.683,
URRP,05,23,47.49397,39.92478,54.353,8.789,-4.436,-1.418,
URRT,10,28,47.19855,38.8478,104.143,8.573,-4.43,-1.378,
URSS,02,20,43.4445,39.95245,29.103,7.413,1.69,4.376,
URSS,06,24,43.44505,39.9422,64.94,7.412,-2.472,0.214,
URWA,09,27,46.28287,48.01075,96.812,8.85,-2.038,0.437,
URWI,09,27,46.37461,44.32387,97.756,8.705,-0.949,1.729,
URWI,09L,27R,46.37445,44.3319,97.499,8.705,-1.206,1.472,
URWW,05,23,48.78028,44.33567,64.32,9.735,4.585,7.483,
US-0087,12,30,46.71305,-120.3265,135.487,14.308,1.18,-4.958,
US-0248,17,35,35.4003,-120.616,190.778,12.075,8.703,5.351,1968.37
US-0400,17,35,38.02484,-97.73392,179.952,3.197,6.754,1.512,2008.18
US-0408,3,21,37.39395,-93.95997,32.999,0.7,2.298,-3.062,
US-0533,18,36,38.96877,-97.6023,180.0,3.127,-3.127,-8.419,
US-0655,18,36,37.25501,-96.96037,178.677,2.692,-4.015,-9.264,
US-0661,11,29,30.45666,-101.7364,110.742,5.174,-4.433,-8.805,
US-0731,15,33,36.65275,-119.58712,134.977,12.124,-27.147,-30.76,
US-0778,4,22,46.0248,-121.27499,54.818,14.36,0.458,-5.453,
US-0783,18,36,41.34561,-82.82882,180.0,-7.526,7.526,3.997,1983.43
US-0884,7,25,34.32803,-93.25929,73.545,0.312,3.233,-2.162,
US-0885,17,35,39.03861,-100.23388,180.31,4.784,5.527,0.352,2020.08
US-0903,11,29,41.32402,-80.79208,111.805,-8.863,10.667,7.758,1904.98
US-0916,16,34,38.79924,-121.83068,180.785,12.967,7.818,3.823,1997.57
US-0937,18,36,40.51923,-104.45833,179.859,7.294,-7.435,-12.534,
US-0951,7,25,46.6936,-85.42125,60.037,-6.502,-3.461,-6.376,
US-0961,18,36,30.14278,-92.33327,179.192,-0.128,-0.679,-6.142,
US-0962,10,28,34.87076,-113.58664,107.397,10.308,-2.911,-6.534,
US-0967,17,35,42.44819,-111.77754,171.764,10.909,-9.144,-14.241,
US-0F3,16,34,43.38745,-95.13915,166.329,1.388,4.942,-0.448,
US-1000,16,34,45.60898,-112.32801,190.063,11.636,18.427,12.568,
US-10021,09,27,41.336,-83.7232,91.598,-6.911,8.508,4.732,1977.89
US-10041,18,36,39.1428,-89.457,180.0,-2.57,2.57,-2.564,
US-10119,09,27,43.5172,-86.3739,89.995,-5.291,5.286,1.297,2013.28
US-10126,02,20,42.78665,-74.80155,19.725,-12.47,12.195,12.114,
US-10146,18,36,46.26395,-84.1264,180.0,-7.401,7.401,4.834,1977.28
US-10167,09,27,41.20005,-82.5735,83.7,-7.677,1.378,-2.114,
US-10189,14,32,33.3735,-110.458,144.383,9.076,-4.693,-8.365,
US-10191,10,28,43.67,-90.23265,107.021,-2.362,9.383,4.593,1978.49
US-1021,3,21,30.3687,-92.58304,26.752,0.019,-3.266,-8.708,
US-10250,13,31,32.93335,-94.7336,137.008,1.293,5.715,0.429,2018.27
US-10253,15,33,30.32105,-94.0735,153.092,0.943,2.149,-3.152,
US-10265,07,25,46.99055,-123.4295,87.194,14.947,2.247,-3.994,
US-10308,09,27,42.35505,-78.0353,79.261,-10.699,-0.04,-1.62,
US-10327,03,21,38.12815,-94.7474,36.008,1.223,4.785,-0.563,
US-10379,03,21,42.51365,-88.2055,28.178,-3.794,1.973,-2.6,
US-10379,14,32,42.51505,-88.2045,137.812,-3.795,1.607,-2.964,
US-10387,04,22,36.9675,-88.56525,47.342,-3.043,10.386,5.132,1975.15
US-10403,09,27,45.4125,-94.07665,94.012,0.496,3.516,-1.751,
US-10440,12,30,28.2058,-99.13445,120.045,3.807,-3.762,-8.34,
US-10448,08,26,40.2434,-103.0935,89.996,6.524,3.472,-1.666,
US-10460,16,34,32.32515,-96.9475,160.171,2.645,-2.475,-7.535,
US-10467,04,22,38.2053,-87.7764,46.231,-3.701,9.931,4.871,1976.82
US-10480,09,27,42.5183,-88.2993,89.998,-3.724,3.722,-0.867,
US-10509,16,34,36.04575,-119.6465,176.224,12.018,4.206,0.706,
US-10511,18,36,43.12565,-83.62685,178.532,-7.235,5.767,2.46,1998.92
US-10524,02,20,37.85705,-77.4205,15.695,-10.344,6.038,3.232,1992.03
US-10530,03,21,43.0407,-84.0051,27.006,-6.954,3.96,0.517,
US-10544,09,27,37.9822,-87.2989,86.266,-4.02,0.286,-4.747,
US-1062,5,23,46.34502,-113.62053,50.921,12.26,-11.339,-17.395,
US-10684,18,36,26.0731,-97.5375,185.042,2.985,2.058,-2.637,
US-10698,2,20,41.23394,-81.17037,18.485,-8.607,7.091,4.034,1983.61
US-10699,14,32,45.0453,-101.606,154.674,5.932,8.743,2.958,1993.34
US-10727,18,36,43.92225,-82.74855,172.336,-7.977,0.313,-2.484,
US-10763,17,35,27.07255,-98.93865,169.846,3.696,-3.85,-8.39,
US-10764,16,34,32.4207,-100.811,168.038,4.801,3.237,-1.393,
US-10777,18,36,44.66665,-93.7836,180.0,0.311,-0.311,-5.557,
US-10782,09,27,35.999,-79.68925,89.998,-8.815,8.812,4.85,1977.09
US-10798,18,36,41.2244,-83.0277,180.0,-7.373,7.373,3.759,1985.19
US-10804,18,36,30.5319,-87.3853,181.405,-3.346,4.752,-0.935,
US-10812,05,23,44.4691,-83.8816,49.713,-7.266,6.98,3.959,1983.91
US-10812,15,33,44.46985,-83.8822,148.445,-7.266,5.711,2.69,1997.1
US-1085,2,20,42.78212,-75.16616,10.072,-12.294,2.366,2.127,
US-10910,03,21,30.3001,-102.7175,29.872,5.632,-5.76,-9.992,
US-10936,09,27,41.203,-82.11575,89.997,-7.984,7.981,4.624,1978.83
US-10936,18,36,41.19875,-82.1146,177.799,-7.984,5.783,2.425,1999.16
US-10948,17,35,42.0675,-89.02305,170.319,-3.134,3.454,-1.322,
US-11001,14,32,42.34315,-71.509,120.827,-13.771,-5.402,-4.246,2021.04
US-11002,09,27,42.0653,-85.24165,89.997,-5.932,5.929,1.924,2003.11
US-11054,18,36,35.92895,-100.307,180.0,4.687,-4.687,-9.619,
US-11060,17,35,30.14825,-95.9669,170.292,2.077,-1.785,-6.873,
US-1107,6,24,37.29814,-95.26289,62.407,1.581,0.826,-4.499,
US-11071,09,27,29.91275,-95.8266,91.594,1.998,-0.404,-5.5,
US-1110,8,26,39.0275,-84.04683,74.496,-6.397,0.892,-3.449,
US-11103,14,32,32.4919,-85.7756,140.239,-4.575,4.814,-0.677,
US-1113,9,27,42.97369,-94.0359,89.997,0.583,-0.585,-5.893,
US-11135,12,30,35.23835,-111.936,132.907,9.847,3.059,-0.741,
US-11137,18,36,41.47585,-84.9063,180.0,-6.097,6.097,2.051,2001.22
US-1114,4,22,41.6052,-94.61618,34.353,1.056,-6.703,-12.058,
US-1116,3,21,44.74139,-114.91847,33.118,12.427,-9.31,-14.888,
US-1117,9,27,40.37242,-76.74387,84.837,-11.076,5.913,4.138,1984.45
US-11185,08,26,37.9597,-104.784,89.996,7.228,2.768,-1.983,
US-11230,15,33,38.6375,-75.3553,142.955,-11.516,4.471,2.641,
US-11231,11,29,38.39235,-121.3305,131.653,12.799,8.854,4.939,1976.85
US-11266,18,36,29.99195,-82.3664,180.0,-6.517,6.517,1.017,2007.35
US-11298,15,33,34.39165,-84.24165,145.651,-5.768,1.42,-3.711,
US-1144,17,35,31.91764,-108.78072,181.464,8.292,3.172,-0.492,
US-1149,17,35,39.02718,-97.95935,172.725,3.359,-0.634,-5.916,
US-11491,10,28,34.09045,-82.56805,95.84,-6.822,2.662,-2.276,
US-11492,15,33,35.6378,-88.128,154.218,-3.247,7.465,2.125,1998.48
US-11493,11,29,43.3069,-100.629,124.374,5.217,9.157,3.596,1986.98
US-11495,05,23,41.47985,-87.9219,46.018,-3.899,-0.083,-4.752,
US-11495,13,31,41.4798,-87.92075,132.994,-3.9,6.894,2.225,1998.05
US-11496,18,36,39.712,-87.4003,180.0,-4.107,4.107,-0.721,
US-11497,09,27,29.1044,-81.31375,89.997,-7.069,7.067,1.564,2001.33
US-11499,09,27,38.8469,-90.50155,91.197,-1.796,2.993,-2.245,
US-11499,15,33,38.85,-90.49765,153.02,-1.799,4.819,-0.419,
US-11499,18,36,38.85,-90.5007,180.0,-1.796,1.796,-3.441,
US-11500,11,29,40.58835,-105.0415,128.488,7.608,10.88,5.803,1966.88
US-11500,11L,29R,40.58915,-105.041,128.676,7.608,11.069,5.991,1963.11
US-11501,08,26,45.1249,-105.092,98.035,8.067,9.968,4.143,1982.1
US-11502,13,31,32.51475,-85.87595,133.826,-4.51,8.337,2.842,1991.76
US-11503,09,27,48.11595,-105.182,104.653,8.397,6.256,-0.222,2012.91
US-11504,02,20,39.52445,-111.475,39.183,10.34,8.843,4.315,1983.83
US-11505,06,24,37.68765,-82.261,53.79,-7.425,1.215,-3.002,
US-11506,10,28,41.6647,-77.81845,89.996,-10.703,0.698,-1.042,
US-11507,16,34,30.5473,-84.37385,159.129,-5.304,4.433,-1.166,
US-11508,08,26,43.02915,-83.52965,85.777,-7.289,13.066,9.763,
US-11509,09,27,39.94245,-83.20495,83.969,-7.082,1.05,-2.908,
US-11510,10,28,40.01005,-79.32195,87.938,-9.57,-2.492,-5.302,
US-11511,17,35,35.2136,-80.67,169.653,-8.132,7.785,3.415,1987.64
US-11512,17,35,30.1534,-95.322,173.936,1.698,2.239,-2.924,
US-11513,04,22,39.3587,-74.45465,27.557,-12.049,-0.394,-1.632,
US-11513,11,29,39.3612,-74.45735,102.929,-12.048,4.977,3.739,
US-11514,07,25,47.249,-91.41555,72.737,-1.782,4.52,-0.123,
US-11515,11,29,46.187,-103.428,124.361,7.162,7.199,1.19,2005.75
US-11516,09,27,34.15985,-85.6351,89.387,-4.82,4.206,-1.1,
US-11517,08,26,35.0828,-92.4242,78.821,-0.269,-0.909,-6.329,
US-11517,18,36,35.0784,-92.4249,183.15,-0.269,3.419,-2.001,
US-11518,09,27,29.9352,-95.63965,89.997,1.889,-1.891,-7.01,
US-11518,16,34,29.93625,-95.6395,163.518,1.888,1.63,-3.49,
US-11519,04,22,45.7247,-107.6,59.244,9.494,9.75,3.808,1985.48
US-11520,14,32,33.7739,-97.73805,144.73,3.127,1.603,-3.441,
US-11521,17,35,33.8459,-101.763,180.0,5.372,4.628,-0.001,
US-11522,18,36,38.1949,-90.3854,187.489,-1.838,9.327,4.053,1982.4
US-11523,05,23,43.64865,-90.34175,51.278,-2.276,3.554,-1.258,
US-11524,03,21,35.22005,-84.83245,26.394,-5.458,1.853,-3.238,
US-11525,09,27,35.935,-79.0659,81.655,-9.171,0.826,-2.986,
US-11526,10,28,45.1154,-95.09025,108.668,1.291,7.376,1.982,1999.69
US-11526,18,36,45.11615,-95.08655,187.082,1.289,5.793,0.399,2013.54
US-11527,02,20,48.17595,-103.6405,30.017,7.438,2.579,-3.837,
US-11527,11,29,48.179,-103.6435,123.546,7.44,6.107,-0.31,2013.58
US-11528,06,24,39.2467,-84.38895,54.488,-6.188,0.676,-3.695,
US-11529,15,33,42.00445,-96.1036,162.336,2.114,10.222,4.808,1977.18
US-11530,02,20,38.3746,-90.97125,18.714,-1.431,0.145,-5.148,
US-11531,03,21,31.89545,-92.2179,30.979,-0.278,1.257,-4.21,
US-11532,06,24,34.12925,-117.403,72.364,11.178,1.186,-2.085,
US-11532,17,35,34.12955,-117.399,180.0,11.177,-1.177,-4.449,
US-11533,15,33,35.62345,-119.686,168.606,11.944,6.662,3.24,2007.6
US-11534,16,34,35.23155,-90.76145,167.687,-1.405,9.092,3.653,1985.92
US-11535,04,22,36.1896,-86.70125,37.898,-4.278,2.176,-3.0,
US-11536,17,35,34.55695,-92.60695,178.673,-0.127,8.801,3.379,1989.08
US-11537,08,26,41.0359,-75.1608,67.017,-11.985,-0.998,-1.914,
US-11538,06,24,41.577,-73.73235,47.142,-12.736,-0.121,-0.236,
US-11539,11,29,40.3171,-76.53665,100.26,-11.176,1.436,-0.279,
US-11540,04,22,30.3448,-87.54255,43.223,-3.228,6.451,0.754,2010.52
US-11540,09,27,30.34265,-87.5421,87.849,-3.228,1.077,-4.62,
US-11540,18,36,30.3451,-87.53985,175.754,-3.23,-1.016,-6.713,
US-11541,09,27,30.4272,-86.8937,91.159,-3.659,4.818,-0.875,
US-11541,17,35,30.42535,-86.8966,177.018,-3.657,10.675,4.982,1976.12
US-11542,05,23,30.4697,-87.33805,44.645,-3.372,-1.982,-7.673,
US-11542,14,32,30.46975,-87.33805,139.098,-3.372,2.471,-3.22,
US-11543,17,35,36.74445,-99.9086,180.0,4.492,5.508,0.484,2020.44
US-11544,16,34,42.99025,-96.0628,164.722,2.072,2.651,-2.787,
US-11546,05,23,36.43945,-77.70935,46.851,-9.998,6.85,3.557,1987.94
US-11546,16,34,36.43925,-77.7052,154.497,-10.001,4.498,1.206,
US-11548,09,27,41.4333,-82.6519,85.315,-7.658,2.973,-0.482,
US-11548,18,36,41.43345,-82.65285,175.744,-7.657,3.402,-0.054,
US-11549,18,36,43.13445,-96.1875,179.207,2.16,-2.952,-8.4,
US-11550,08,26,31.71985,-106.237,88.472,7.285,1.187,-2.738,
US-11552,01,19,43.6631,-108.2095,22.601,9.54,3.061,-2.417,
US-11553,16,34,37.93725,-109.3465,169.727,9.287,0.44,-3.959,
US-11554,05,23,38.7483,-76.93285,41.095,-10.73,1.825,-0.547,
US-11555,09,27,32.3414,-106.4025,101.904,7.415,4.489,0.52,
US-11556,04,22,34.654,-102.6915,44.914,5.901,-0.987,-5.586,
US-11556,17,35,34.65545,-102.695,180.0,5.903,4.097,-0.502,
US-11557,06,24,35.0832,-108.7915,72.023,8.692,3.332,-0.711,
US-11584,09,27,41.4775,-87.8405,89.995,-3.959,3.954,-0.701,
US-11615,18,36,41.78265,-83.5178,178.835,-7.115,5.95,2.335,1999.26
US-11669,18,36,41.99555,-84.1875,180.0,-6.676,6.676,2.927,1992.74
US-11727,16,34,31.00665,-91.20305,160.211,-0.89,1.101,-4.44,
US-1173,4,22,42.67551,-123.18983,39.075,13.987,-14.912,-19.834,
US-11774,08,26,38.47985,-94.19735,83.652,0.838,2.814,-2.541,
US-11809,10,28,40.50325,-75.7831,90.928,-11.591,2.519,1.161,
US-11809,17,35,40.50345,-75.7858,154.569,-11.59,-3.841,-5.2,
US-11918,15,33,36.857,-104.4475,164.417,6.96,7.457,2.806,2002.99
US-11919,06,24,33.80505,-108.343,71.029,8.357,2.671,-1.255,
US-1192,18,36,41.95669,-94.08694,179.703,0.659,-0.956,-6.282,
US-11920,08,26,32.74735,-108.285,92.549,8.207,4.342,0.532,
US-11920,15,33,32.74195,-108.288,151.916,8.208,-6.292,-10.1,
US-11943,16,34,41.5656,-117.8095,175.706,12.672,3.035,-1.669,
US-11951,13,31,42.45005,-75.0163,116.063,-12.304,-1.633,-1.942,
US-11953,03,21,42.5223,-74.02875,15.982,-12.777,-1.241,-1.099,
US-12019,16,34,35.44915,-97.53305,158.939,3.029,-4.091,-9.228,
US-12022,16,34,35.403,-96.8322,169.914,2.595,7.319,2.13,2003.86
US-12051,17,35,44.11125,-121.334,188.996,13.969,5.027,-0.299,2026.36
US-12127,16,34,47.08685,-122.4315,185.201,14.803,10.398,4.129,1984.46
US-12185,17,35,33.89895,-97.1705,182.826,2.79,10.036,4.934,1976.5
US-12258,17,35,26.0836,-97.9503,180.0,3.196,6.804,2.171,2009.01
US-12300,15,33,31.831,-96.0522,154.404,2.113,2.291,-2.845,
US-12378,03,21,39.07695,-76.828,22.903,-10.834,3.737,1.506,
US-12392,07,25,45.95625,-119.62,88.227,13.99,4.238,-1.654,
US-12436,01,19,39.0914,-80.4697,10.306,-8.742,9.048,5.626,1970.09
US-12438,10,28,39.13555,-80.21055,100.235,-8.907,9.142,5.808,1968.04
US-12454,13,31,28.96165,-99.3853,136.148,3.948,2.2,-2.388,
US-12462,05,23,28.11695,-96.8003,53.787,2.57,1.218,-3.682,
US-12472,07,25,29.6333,-99.72875,69.486,4.14,-4.653,-9.236,
US-12474,10,28,29.87355,-97.2883,99.762,2.833,-3.071,-7.986,
US-12480,02,20,44.9125,-85.81395,21.92,-5.91,7.829,4.308,1980.83
US-12481,15,33,45.3658,-84.2236,150.39,-7.169,7.559,4.681,1978.4
US-12520,9,27,40.36625,-74.2544,83.112,-12.299,5.411,4.616,1980.9
US-12576,9,27,33.2856,-117.4565,98.12,11.035,-2.915,-6.053,
US-12648,13,31,36.1025,-119.5945,147.17,12.019,5.152,1.64,2024.77
US-1274,8,26,45.81893,-111.69589,80.127,11.413,-11.287,-17.212,
US-1504,15,33,45.28825,-106.14565,155.376,8.672,-3.295,-9.149,
US-1586,6,24,35.9518,-106.9575,54.391,8.038,-13.647,-17.967,
US-1628,4,22,35.64437,-120.85021,58.164,12.165,5.999,2.611,2014.06
US-1833,9,27,30.41365,-85.74525,90.393,-4.406,4.799,-0.875,
US-2039,9,27,42.96375,-74.1256,82.537,-12.817,5.354,5.638,1925.7
US-2402,07,25,33.08638,-116.46108,87.218,10.77,6.448,3.281,2009.58
US-2546,11,29,38.1969,-98.18255,107.855,3.486,-5.631,-10.859,
US-2569,18,36,32.98339,-116.43538,174.149,10.746,-16.597,-19.75,
US-2573,16,34,31.814,-100.91205,166.922,4.826,2.096,-2.479,
US-2573,9,27,31.8161,-100.91165,89.999,4.826,-4.827,-9.402,
US-2862,08,26,60.55298,-150.64084,89.701,13.732,-4.031,-15.295,
US-3052,18,36,30.25215,-98.82447,180.127,3.678,-3.552,-8.29,
US-3281,8,26,45.33505,-122.4095,95.313,14.423,0.89,-4.802,
US-3282,7,25,44.6731,-123.00485,89.997,14.381,5.616,0.125,2020.3
US-3283,9,27,35.13655,-89.6547,87.897,-2.159,0.055,-5.377,
US-3389,10,28,41.47695,-92.37945,103.204,-0.578,3.782,-1.441,
US-3409,3,21,34.55286,-83.04151,25.136,-6.568,1.703,-3.235,
US-3783,18,36,38.27872,-98.07801,180.61,3.421,-2.811,-8.049,
US-3785,16,34,29.46795,-90.757,165.24,-1.089,6.328,0.737,2012.7
US-3787,1,19,34.17415,-96.22415,10.769,2.212,-1.443,-6.638,
US-3T9,08,26,29.46965,-103.9365,88.072,6.126,1.946,-2.058,
US-4187,2,20,35.59585,-85.71885,18.859,-4.897,3.755,-1.39,
US-4189,12,30,35.62917,-81.34375,120.265,-7.765,8.029,3.597,1986.03
US-4233,17,35,33.72135,-96.6384,182.826,2.466,10.36,5.216,1974.29
US-4238,5,23,36.59585,-93.62975,50.161,0.496,-0.335,-5.706,
US-4328,6,24,43.1387,-93.43345,59.18,0.124,-0.943,-6.195,
US-4492,18,36,39.52149,-84.62819,180.306,-6.054,6.36,1.991,2000.74
US-4554,18,36,37.25565,-95.2315,180.0,1.56,-1.56,-6.886,
US-4572,2,20,34.4796,-86.7753,327.079,-4.08,-48.841,-54.203,
US-4574,18,36,41.6099,-90.8589,180.0,-1.718,1.718,-3.352,
US-4578,4,22,42.98669,-77.65098,26.407,-11.03,-2.563,-3.757,
US-4766,9,27,42.31375,-92.4117,89.26,-0.6,-0.14,-5.326,
US-4849,8,26,32.21642,-107.49952,89.998,7.843,2.155,-1.68,
US-4853,9,27,43.11535,-76.91066,88.238,-11.462,9.7,8.86,
US-4861,8,26,37.8625,-79.35736,65.278,-9.248,-5.474,-8.889,
US-4940,17,35,48.6159,-110.3265,168.272,11.243,-12.971,-19.729,
US-4940,8,26,48.62065,-110.33,90.853,11.245,-0.392,-7.152,
US-4950,16,34,29.55048,-99.51622,168.402,4.028,4.373,-0.232,
US-4992,11,29,61.9454,-151.03697,124.656,13.601,1.055,-10.791,
US-4995,18,36,41.97777,-83.28207,180.0,-7.306,7.306,3.806,1984.85
US-5005,6,24,36.17028,-82.55625,59.595,-7.058,6.653,2.076,1998.91
US-5083,14,32,33.09045,-97.26787,143.972,2.84,1.132,-3.927,
US-5154,18,36,36.73283,-89.58215,179.014,-2.312,1.326,-4.004,
US-5168,4,22,45.62974,-93.17497,41.709,-0.224,1.932,-3.193,
US-5175,18,36,39.83059,-96.16486,180.0,2.172,-2.172,-7.53,
US-5176,1,19,38.85919,-92.60137,6.355,-0.293,-3.352,-8.683,
US-5182,9,27,33.60791,-83.35526,89.999,-6.266,6.265,1.138,2007.67
US-5184,15,33,46.32353,-116.71345,163.022,13.293,-0.27,-6.294,
US-5185,10,28,44.06861,-120.80334,116.082,13.855,2.227,-3.09,
US-5187,9,27,33.30644,-79.94864,76.273,-8.346,-5.381,-9.975,
US-5188,16,34,30.64202,-97.52004,160.153,2.966,-2.812,-7.734,
US-5212,1,19,37.39974,-94.20959,8.767,0.87,-2.104,-7.459,
US-5473,18,36,39.77775,-95.1423,180.0,1.468,-1.468,-6.827,
US-5477,18,36,41.78726,-93.41238,180.0,0.17,-0.17,-5.457,
US-5478,14,32,44.01811,-114.83952,160.319,12.27,8.049,2.663,2001.09
US-5528,18,36,40.61704,-100.72642,180.146,5.157,-5.011,-10.3,
US-5643,9,27,41.38192,-86.4318,90.391,-4.985,5.376,0.972,2014.85
US-5645,13,31,30.11944,-96.71222,132.626,2.507,0.119,-4.879,
US-5647,6,24,43.0726,-86.0296,57.967,-5.488,3.455,-0.538,
US-5648,8,26,44.71394,-84.06725,73.999,-7.172,1.171,-1.842,
US-5649,10,28,38.91815,-84.97425,97.176,-5.745,2.921,-1.624,
US-5652,10,28,39.9393,-83.90208,94.176,-6.606,0.782,-3.345,
US-5653,12,30,31.21804,-92.17474,113.812,-0.277,-5.911,-11.385,
US-5670,14,32,29.66949,-94.59175,142.428,1.274,1.154,-4.078,
US-5805,1,19,26.49038,-97.95987,8.706,3.199,-4.492,-9.145,
US-5907,9,27,44.72359,-116.02199,89.997,12.776,-12.779,-18.334,
US-6120,8,26,29.1679,-95.36104,68.275,1.739,-13.464,-18.592,
US-6182,9,27,39.192,-88.67025,89.997,-3.143,3.14,-1.912,
US-6204,9,27,41.8219,-80.95,91.578,-8.839,10.417,7.601,1906.81
US-6209,8,26,36.32493,-89.46997,80.156,-2.364,2.52,-2.833,
US-6259,09,27,35.05295,-90.675,90.852,-1.455,2.307,-3.14,
US-6259,18,36,35.0528,-90.675,180.0,-1.455,1.455,-3.992,
US-6300,18,36,35.58388,-98.3041,179.345,3.501,-4.156,-9.238,
US-6340,1,19,32.6334,-95.6476,6.668,1.863,-5.196,-10.395,
US-6345,1,19,26.4795,-98.38302,8.79,3.414,-4.624,-9.212,
US-6346,18,36,33.40014,-96.49834,182.253,2.38,-0.127,-5.272,
US-6364,18,36,32.20048,-97.84235,186.53,3.165,3.365,-1.593,
US-6415,7,25,61.58435,-149.804,88.015,14.058,3.957,-7.894,
US-6416,17,35,37.80728,-94.74089,163.234,1.223,-7.989,-13.335,
US-6422,18,36,41.0968,-96.2841,180.0,2.249,-2.249,-7.641,
US-6427,5,23,39.50193,-83.71187,45.067,-6.682,1.749,-2.424,
US-6441,16,34,28.15035,-97.3812,167.099,2.886,4.213,-0.608,
US-6442,9,27,29.5851,-99.55405,89.998,4.049,-4.05,-8.653,
US-6551,17,35,32.6864,-97.83975,175.389,3.17,2.218,-2.764,
US-6572,15,33,38.76245,-94.575,145.532,1.093,-5.561,-10.914,
US-6573,1,19,40.1596,-82.73765,11.526,-7.424,8.95,5.16,1974.81
US-6594,17,35,33.84645,-81.3813,162.826,-7.54,0.366,-4.41,
US-6665,18,36,41.53062,-85.97251,179.791,-5.337,5.127,0.847,2021.25
US-6665,9,27,41.52918,-85.97095,89.803,-5.338,5.14,0.86,2020.79
US-6777,2,20,37.58768,-91.78334,17.477,-0.815,-1.708,-7.063,
US-6779,15,33,41.56847,-93.98072,143.6,0.596,-6.995,-12.32,
US-6781,9,27,40.79058,-89.66572,89.999,-2.544,2.543,-2.462,
US-6782,6,24,40.92738,-90.2651,49.086,-2.111,-8.803,-13.863,
US-6807,9,27,40.97437,-89.0028,88.419,-3.05,1.469,-3.431,
US-6835,3,21,38.32757,-79.03027,28.803,-9.502,8.305,5.113,1975.11
US-6882,18,36,31.20424,-97.44227,196.631,2.925,13.706,8.749,
US-6883,13,31,41.73783,-101.80534,137.832,5.874,1.958,-3.41,
US-6883,6,24,41.74059,-101.80452,80.423,5.874,14.549,9.181,
US-6888,9,27,46.29633,-116.95421,91.167,13.359,-12.192,-18.205,
US-6891,16,34,42.18496,-98.4191,161.36,3.72,-2.361,-7.819,
US-6951,9,27,32.45083,-84.24918,89.997,-5.571,5.569,0.189,2017.84
US-6952,8,26,36.40722,-93.46417,85.279,0.389,4.89,-0.486,
US-6955,18,36,38.51197,-95.0213,183.134,1.403,1.73,-3.617,
US-7306,12,30,47.65195,-92.41665,120.387,-1.004,1.391,-3.456,
US-8519,8,26,38.95856,-82.38739,74.993,-7.5,2.494,-1.48,
US-8894,1,19,36.23278,-89.30212,5.876,-2.475,-1.649,-7.002,
US-9332,15,33,60.93915,-164.641,151.16,7.813,-6.653,-15.928,
US-9347,15,33,40.1999,-75.1482,141.562,-11.854,3.416,2.202,
US-9348,05,23,30.2112,-85.6835,45.462,-4.427,-0.111,-5.799,
US-9348,14,32,30.21275,-85.6823,142.28,-4.428,6.708,1.02,2007.47
US-9349,01,19,44.68675,-73.52665,354.96,-13.437,-1.603,-0.29,
US-9349,14,32,44.6883,-73.5224,129.806,-13.439,3.245,4.561,
US-9350,09,27,43.14275,-75.38255,77.109,-12.257,-0.634,-0.818,
US-9350,15,33,43.14725,-75.38505,137.206,-12.257,-0.538,-0.72,
US-9351,06,24,28.38915,-178.2975,68.123,6.828,1.295,-1.661,
US-9363,09,27,43.3417,-85.7751,89.997,-5.712,5.709,1.839,2004.87
US-9382,13,31,40.2125,-104.7445,140.588,7.417,3.171,-1.871,
US-9406,14,32,37.03335,-110.3175,148.894,9.54,-0.646,-4.837,
US-9417,18,36,43.0645,-82.7238,177.313,-7.855,5.168,2.129,2007.5
US-9428,16,34,29.97605,-98.74365,166.454,3.63,2.824,-1.909,
US-9435,7,25,61.93455,-162.8995,90.796,8.548,12.248,2.357,1999.67
US-9512,17,35,39.19415,-99.30305,180.623,4.218,6.405,1.171,2011.23
US-9515,12,30,37.3132,-89.9947,122.07,-2.06,4.13,-1.181,
US-9531,04,22,37.6943,-77.66165,30.058,-10.19,0.248,-2.685,
US-9552,07,25,42.9215,-82.5855,60.579,-7.927,-1.494,-4.528,
US-9574,02,20,35.5414,-97.4532,25.028,2.982,2.046,-3.101,
US-9578,04,22,42.2233,-72.31135,28.056,-13.444,1.5,2.258,
US-9589,06,24,39.6334,-83.74995,50.94,-6.672,-2.387,-6.542,
US-9646,18,36,34.97315,-91.526,183.947,-0.871,4.819,-0.623,
US-9658,14,32,34.0749,-97.1065,150.995,2.753,8.242,3.127,1995.57
US-9713,12,30,40.83025,-80.4137,97.498,-9.026,-13.475,-16.405,
US-9769,09,27,46.3237,-94.6388,100.792,0.885,9.907,4.573,1978.41
US-9780,12,30,45.2223,-95.401,116.737,1.524,-4.787,-10.217,
US-9791,08,26,33.74,-85.8258,89.998,-4.654,14.652,9.284,
US-9792,01,19,35.93065,-91.74595,8.691,-0.765,-0.544,-5.956,
US-9802,12,30,46.50205,-95.33685,120.793,1.423,-0.629,-6.065,
US-9836,17,35,36.3,-97.31695,175.46,2.908,2.552,-2.637,
US-9866,01,19,42.36515,-85.5548,10.358,-5.744,6.102,2.082,2000.9
US-9866,09,27,42.3658,-85.5577,89.997,-5.742,5.739,1.718,2005.87
US-9870,03,21,47.90835,-116.709,44.179,13.604,0.575,-5.976,
US-9879,18,36,40.00525,-88.5586,180.0,-3.292,3.292,-1.658,
US-9919,06,24,28.6783,-99.79865,59.687,4.152,-4.465,-8.978,
US-9923,18,36,41.1815,-89.1467,180.0,-2.962,2.962,-1.935,
US-9926,18,36,43.6542,-89.62245,183.875,-2.831,6.706,2.023,1999.85
US-9929,16,34,43.03705,-96.4929,169.446,2.381,7.065,1.606,2003.95
US-9962,03,21,33.2414,-111.9025,47.514,9.535,7.979,4.453,1985.5
US-9962,12,30,33.2446,-111.9185,135.756,9.541,6.215,2.69,2012.78
US-9971,01,19,31.84305,-110.9765,25.608,9.036,6.572,3.137,2009.22
US-9985,05,23,36.2536,-79.90805,42.95,-8.716,1.665,-2.295,
US-9992,02,20,36.4717,-110.418,33.316,9.498,3.818,-0.281,
US-9993,14,32,35.6917,-119.4885,157.824,11.918,5.906,2.465,2015.18
US-OI05,13,31,33.08895,53.41735,117.98,4.141,-16.161,-14.794,
USCC,09,27,55.30585,61.50335,103.483,14.265,-0.782,1.391,
USCM,36,18,53.3931,58.75565,16.3,13.023,3.277,5.588,
USDA,04,22,71.21453,72.03894,65.845,30.277,-4.432,-0.335,
USDB,10,28,70.31515,68.33361,125.289,29.41,-4.121,0.224,
USDD,04,22,66.59075,66.611,61.299,24.555,-3.256,-0.047,
USHH,06,24,61.0285,69.08605,75.224,18.074,-2.85,-1.207,
USHN,16,34,62.11049,65.61383,182.428,19.728,2.7,5.072,
USHQ,16,34,63.68797,66.69974,182.334,21.214,1.12,3.597,
USHS,12,30,61.32443,63.60434,142.184,19.164,3.02,5.575,
USKK,06,24,58.50092,49.33359,71.784,16.033,-4.249,-0.514,
USMM,14,32,65.4823,72.69825,157.17,21.884,-4.715,-3.002,
USNN,03,21,60.94925,76.4836,42.376,15.576,-3.2,-2.951,
USPP,03,21,57.9145,56.02125,45.969,16.28,-0.311,2.717,
USRK,17,35,62.1904,74.5338,190.028,17.574,2.454,3.21,
USRO,01,19,63.1839,75.269,24.933,18.304,-3.37,-2.644,
USRR,07,25,61.3437,73.40185,89.523,17.157,2.366,3.256,
USSS,08L,26R,56.7448,60.8018,89.983,15.39,-5.407,-3.031,2019.08
USSS,08R,26L,56.74145,60.80365,94.007,15.388,-1.381,0.995,
USTR,03,21,57.17825,65.29935,47.745,15.356,2.389,4.239,
USTR,12,30,57.18125,65.3397,134.887,15.353,-0.466,1.378,
USUU,02,20,55.47506,65.41513,30.133,14.022,-3.889,-2.169,
UT1A,08,26,40.1207,70.6593,79.877,5.055,-5.178,-3.992,2019.35
UT1B,13,31,37.6404,69.6466,130.617,4.321,-3.704,-2.433,
UT1C,16,34,37.5022,71.5132,157.771,4.074,-6.303,-5.089,
UT1E,01,19,41.1244,61.4153,6.248,6.329,-10.081,-8.54,
UT1F,06,24,40.0381,53.32865,139.552,6.312,73.239,75.005,
UT1G,15,33,38.01195,58.19505,153.361,5.347,-1.986,-0.476,
UT1H,11,29,39.4806,54.366,109.207,6.068,-6.861,-5.167,1904.3
UT1J,12,30,39.41045,53.1982,127.513,6.091,1.422,3.153,
UT1M,02,20,37.62435,67.5176,21.771,4.524,-2.754,-1.427,
UT1P,03,21,39.6894,64.5504,35.064,5.524,-0.461,0.95,
UT1Q,04,22,40.2527,67.9108,44.169,5.42,-1.251,0.048,
UT47,17,35,37.09794,-113.31211,179.903,10.587,-0.685,-4.679,
UT65,01,19,39.998,-113.9775,23.622,11.284,2.338,-2.153,
UTAA,11L,29R,37.99181,58.36196,119.37,5.33,4.04,5.546,
UTAA,11R,29L,37.98153,58.35463,119.375,5.327,4.048,5.554,
UTAE,16,34,37.82226,65.1353,164.412,4.8,-0.387,0.99,
UTAK,16L,34R,40.06348,53.00729,166.47,6.333,0.137,1.916,
UTAK,16R,34L,40.06623,53.00412,166.46,6.334,0.126,1.906,
UTAM,17L,35R,37.6203,61.89765,178.36,4.974,3.386,4.816,
UTAV,13,31,38.93071,63.56386,130.425,5.32,-4.896,-3.47,
UTDD,09,27,38.5435,68.8246,89.989,4.709,-4.72,-3.436,
UTDK,01,19,37.98835,69.8067,16.509,4.418,2.091,3.352,
UTDL,08,26,40.2154,69.6947,82.36,5.206,-2.846,-1.619,
UTFN,10,28,40.9846,71.55675,107.833,5.251,2.581,3.703,
UTKA,04,22,40.72775,72.294,45.705,5.056,0.649,1.739,
UTKF,18,36,40.35875,71.745,183.67,5.0,-1.329,-0.2,
UTNM,04,22,43.7552,59.03085,48.63,7.612,1.018,2.761,
UTNN,07,25,42.48955,59.62805,76.092,7.016,-0.924,0.736,
UTNN,15,33,42.48921,59.62274,154.536,7.016,-2.48,-0.82,
UTNT,02,20,41.57495,60.96665,26.68,6.545,0.135,1.708,
UTNU,13,31,41.5831,60.64335,138.669,6.569,2.1,3.685,
UTSA,07,25,40.11734,65.17123,77.425,5.634,1.791,3.186,
UTSB,01,19,39.775,64.48335,10.994,5.562,-4.568,-3.155,
UTSK,16,34,38.80185,65.77475,163.799,5.091,-1.292,0.077,
UTSL,07,25,38.83365,65.92145,76.926,5.09,1.837,3.202,
UTSN,18,36,41.61395,64.2332,182.591,6.314,-3.722,-2.274,
UTSR,15,33,38.41055,67.94515,152.214,4.751,-2.537,-1.226,
UTSS,09,27,39.70165,66.98244,95.687,5.308,0.379,1.713,
UTST,07,25,37.28665,67.30915,75.169,4.431,0.737,2.071,
UTSU,09,27,42.0831,63.4493,90.851,6.576,-5.725,-4.236,2011.08
UTTP,08,26,41.31265,69.39145,81.863,5.656,-3.793,-2.57,
UTTT,08R,26L,41.2558,69.2825,80.934,5.647,-4.713,-3.485,
UUBI,11,29,56.94237,40.93233,121.211,13.443,-2.232,1.902,
UUBP,16,34,53.21415,34.17645,171.505,10.191,1.314,5.35,
UUDD,13C,31C,55.40816,37.92592,145.636,11.969,3.667,7.77,
UUDD,13R,31L,55.40809,37.88773,145.562,11.961,3.601,7.706,
UUDL,05,23,57.56065,40.15735,63.35,13.631,-0.282,4.011,
UUEE,06C,24C,55.9739,37.4142,75.085,12.145,2.939,7.167,
UUEE,06L,24R,55.9847,37.3537,75.075,12.137,2.938,7.172,
UUEE,06R,24L,55.9714,37.415,75.014,12.144,2.87,7.097,
UUEM,07,25,56.8247,35.75765,74.996,12.188,-7.192,-2.701,2009.78
UUMO,07,25,55.50755,37.50415,84.686,11.929,2.757,6.904,
UUMU,12L,30R,55.88098,38.0618,130.478,12.24,-1.762,2.405,
UUMU,12R,30L,55.8783,38.0595,130.481,12.238,-1.758,2.409,
UUOB,11,29,50.64375,36.59015,117.323,9.582,-2.259,1.283,
UUOB,12,30,50.6447,36.5899,117.339,9.583,-12.244,-8.701,1911.39
UUOK,12,30,51.7506,36.2956,124.074,9.981,-5.907,-2.21,2017.05
UUOO,12,30,51.8142,39.2296,130.619,10.487,0.133,3.654,
UUOT,14,32,52.80639,41.48275,153.157,11.309,1.848,5.355,
UUWW,01,19,55.5992,37.26725,23.438,11.924,1.514,5.693,
UUWW,06,24,55.59225,37.2645,68.493,11.92,-3.426,0.751,
UUYH,18,36,63.5669,53.80455,195.446,20.87,-5.424,-1.196,2022.71
UUYS,13,31,66.00476,57.36728,156.77,23.755,3.015,7.431,
UUYY,18,36,61.64697,50.84512,201.771,18.717,3.055,7.193,
UWGG,06,24,56.21085,43.79015,67.847,13.575,-5.728,-1.909,2018.97
UWGG,15,33,56.21265,43.78475,159.081,13.575,-4.494,-0.674,
UWGG,18R,36L,56.22965,43.78215,191.603,13.585,-1.982,1.841,
UWKD,11,29,55.6075,49.27545,124.338,14.026,0.312,3.649,
UWKE,03,21,55.5647,52.0925,47.023,14.288,2.735,5.843,
UWKS,06,24,56.0903,47.34725,71.882,14.083,-2.201,1.344,
UWKS,06R,24L,56.0888,47.3478,71.901,14.082,-2.181,1.364,
UWLW,02,20,54.40105,48.8027,31.46,13.2,-1.74,1.485,
UWOO,08,26,51.7958,55.45675,89.986,11.999,-2.013,0.456,
UWOR,01,19,51.0756,58.5841,16.209,11.534,-5.324,-3.159,2019.37
UWOR,07,25,51.0725,58.5956,76.719,11.531,-4.812,-2.648,
UWOR,07R,25L,51.07285,58.60375,76.615,11.531,-4.917,-2.753,
UWOR,16,34,51.07545,58.5859,172.189,11.533,0.655,2.821,
UWPS,02,20,54.12522,45.21269,32.971,12.575,0.396,3.834,
UWSG,08,26,51.71263,46.17121,92.098,11.358,0.74,3.834,
UWUU,14,32,54.55985,55.9043,151.327,13.812,-2.485,0.187,
UWUU,14R,32L,54.55845,55.86354,150.747,13.81,-3.063,-0.387,
UWWW,05,23,53.5039,50.1521,61.785,12.78,-0.995,2.031,
UWWW,15,33,53.5059,50.17675,160.001,12.783,-2.783,0.242,
UY-0002,06,24,-34.4783,-54.2822,58.234,-13.427,11.661,4.836,1977.05
UY-0002,09,27,-34.4789,-54.2819,84.008,-13.427,7.435,0.611,2008.49
UY-0023,13,31,-31.8049,-54.26385,113.492,-14.977,-1.531,-8.764,
UZ-0003,08,26,44.0541,57.54785,90.34,7.816,2.524,4.354,
UZ-0135,07,25,40.40225,70.5276,68.866,5.173,-6.307,-5.121,
UZ-UT73,01,19,39.13775,65.1653,18.593,5.266,3.326,4.714,
UZ-UT77,18,36,43.083,58.8842,181.934,7.317,-5.383,-3.664,2017.36
VA1B,08,26,19.9947,79.2225,79.34,-0.151,-0.509,0.743,
VA1C,14,32,23.44695,75.42025,140.229,0.563,-0.334,1.062,
VA1D,08,26,24.12515,83.0406,84.225,0.183,4.041,5.003,
VA1E,04,22,21.29415,81.3795,44.219,-0.078,4.297,5.402,
VA1F,06,24,24.40235,81.81475,63.716,0.302,3.414,4.464,
VA1G,07,25,24.50345,81.22035,69.981,0.356,-0.374,0.717,
VA1H,18,36,25.1415,74.61145,172.682,0.901,-8.219,-6.821,
VA1J,17,35,23.7536,78.85575,172.273,0.402,1.871,3.117,
VA1K,06,24,23.22245,68.89125,60.26,0.901,-0.641,0.779,
VA1L,08,26,21.9261,78.11365,80.914,0.174,0.74,2.041,
VA1M,10,28,17.28585,74.15805,96.489,-0.343,-3.169,-1.713,
VA1N,14,32,24.4308,74.8678,139.877,0.761,-0.884,0.516,
VA1O,14,32,23.23525,81.50375,143.44,0.166,3.274,4.357,
VA1P,05,23,20.7131,70.92115,51.646,0.354,1.292,2.752,
VA1P,13,31,20.71505,70.9201,131.514,0.354,1.159,2.619,
VA2A,11,29,27.11295,72.389,116.132,1.417,4.715,6.123,
VA2B,11,29,28.9049,77.67735,111.628,1.347,0.281,1.503,
VA2D,08,26,23.38145,75.02565,77.115,0.575,-3.461,-2.053,
VA42,09,27,38.3585,-77.4522,79.699,-10.396,0.095,-2.575,
VAAH,05,23,23.0772,72.63465,44.62,0.663,-6.043,-4.593,1996.65
VAAK,10,28,20.69905,77.05865,103.233,0.047,3.186,4.544,
VAAU,09,27,19.86303,75.3955,89.417,-0.001,-0.582,0.839,
VABB,09,27,19.08865,72.86455,89.084,-0.006,-0.909,0.559,
VABB,14,32,19.0893,72.86725,134.204,-0.006,-5.789,-4.321,2006.53
VABJ,05,23,23.2878,69.6702,45.134,0.869,-5.735,-4.301,2009.21
VABO,04,22,22.33615,73.2263,44.148,0.504,3.644,5.094,
VABV,07,25,21.75225,72.18575,67.852,0.462,-2.61,-1.15,
VADN,03,21,20.43035,72.8412,25.386,0.21,-4.824,-3.36,
VADN,09,27,20.43455,72.8403,94.423,0.211,4.212,5.675,
VADS,06,24,24.26795,72.20445,52.768,0.897,-8.129,-6.687,
VAGN,14,32,24.6547,77.34735,140.856,0.639,0.217,1.528,
VAHB,08,26,15.36175,75.08485,82.793,-0.666,3.459,4.896,
VAHS,05,23,22.37914,71.03975,48.072,0.631,-2.559,-1.105,
VAJB,06,24,23.1778,80.05205,58.355,0.245,-1.89,-0.708,
VAJL,09,27,20.96267,75.62767,93.795,0.156,3.638,5.047,
VAJM,06,24,22.4627,70.0071,61.497,0.703,0.794,2.236,
VAJM,12,30,22.46595,70.01165,116.602,0.703,-4.101,-2.659,
VAKE,05,23,23.1127,70.1003,50.165,0.813,-0.648,0.793,
VAKJ,01,19,24.8172,79.9186,13.356,0.49,2.866,4.038,
VAKS,05,23,21.3171,70.2704,50.072,0.49,-0.419,1.032,
VANP,14,32,21.0974,79.04305,143.185,0.008,3.177,4.433,
VAOZ,09,27,20.1191,73.9129,84.462,0.108,-5.646,-4.193,2009.82
VAPO,14,32,18.5794,73.92255,133.66,-0.133,-6.206,-4.748,1989.07
VAPR,09,27,21.6487,69.65725,88.162,0.58,-2.418,-0.978,
VARK,05,23,22.30915,70.7795,46.945,0.634,-3.688,-2.236,
VARP,06,24,21.1804,81.7388,58.499,-0.109,-1.392,-0.313,
VASD,09,27,19.68882,74.37701,88.347,0.019,-1.672,-0.226,
VAUD,08,26,24.6177,73.8961,81.66,0.855,0.805,2.224,
VC-0001,07,25,13.1443,-61.21085,60.755,-15.53,6.285,2.133,2002.47
VCBI,04,22,7.18075,79.8841,37.408,-1.851,-0.741,0.521,
VCCA,05,23,8.30149,80.4279,46.425,-1.671,-1.904,-0.687,
VCCC,04,22,6.822,79.88625,33.299,-1.904,-4.797,-3.532,
VCCG,07,25,7.33709,81.6259,65.006,-1.744,-3.25,-2.096,
VCCJ,05,23,9.7951,80.07289,45.683,-1.481,-2.836,-1.61,
VCCK,07,25,5.99369,80.32025,69.64,-2.004,1.644,2.898,
VCCN,11,29,6.55213,79.97755,108.293,-1.939,0.232,1.497,
VCCS,04,22,7.95666,80.7285,39.399,-1.705,1.105,2.307,
VCCT,06,24,8.53852,81.18185,59.349,-1.609,0.958,2.126,
VCCV,05,23,8.74139,80.49735,40.937,-1.609,-7.454,-6.245,
VCCW,07,25,6.25449,81.23515,68.741,-1.912,0.653,1.849,
VDBG,07,25,13.09555,103.2245,68.19,-0.686,-1.124,-1.864,
VDKH,18,36,12.25525,104.5635,182.594,-0.666,3.26,2.416,
VDPP,05,23,11.54655,104.844,46.213,-0.608,-3.18,-4.029,
VDST,02,20,13.53155,106.014,19.412,-0.891,0.303,-0.714,
VE-0210,16,34,9.28495,-68.39139,139.265,-12.541,-8.194,-15.001,
VE-0219,18,36,10.0015,-71.0837,180.0,-11.075,11.075,4.022,1981.59
VE-0223,10,28,10.1756,-70.0652,96.874,-11.662,8.535,1.632,1996.67
VE23,09,27,23.63145,86.9755,88.446,-0.128,-1.426,-0.793,
VE24,03,21,27.55285,95.57065,34.992,-0.744,5.736,5.537,1922.76
VE36,06,24,20.51175,83.44805,58.335,-0.261,-1.404,-0.453,
VE41,11,29,24.2019,86.2898,112.556,-0.028,2.584,3.275,
VE54,09,27,24.0193,84.0951,88.611,0.101,-1.49,-0.611,
VE62,04,22,20.54965,85.8863,42.173,-0.352,2.524,3.268,
VE67,10,28,28.60495,94.1236,103.966,-0.525,4.491,4.414,
VE85,13,31,23.09505,75.88525,127.557,0.478,-2.921,-1.537,
VE91,12,30,27.19355,97.0037,120.114,-0.942,1.056,0.726,
VE96,10,28,22.00165,78.9172,105.005,0.142,4.863,6.121,
VEAT,18,36,23.887,91.24045,184.343,-0.404,4.747,4.985,
VEAZ,01,19,23.7466,92.80275,7.686,-0.528,-1.785,-1.693,
VEBD,18,36,26.68125,88.32855,181.462,0.038,1.425,1.91,
VEBI,04,22,25.70365,91.97875,39.358,-0.38,-0.262,-0.105,
VEBK,13,31,23.6435,86.1489,130.965,-0.073,1.039,1.745,
VEBS,05,23,20.2443,85.81775,51.428,-0.377,1.805,2.555,
VEBU,17,35,21.9884,82.111,168.351,-0.027,-1.621,-0.574,
VECA,05,23,27.4622,95.11765,49.624,-0.685,0.308,0.153,
VECC,01R,19L,22.6585,88.4482,6.185,-0.298,-3.517,-3.013,
VECO,04,22,26.3305,89.4672,44.441,-0.1,4.541,4.926,
VEDB,07,25,23.8348,86.4254,71.844,-0.073,1.917,2.598,
VEDH,10,28,26.19327,85.91734,98.212,0.209,-1.997,-1.294,
VEDX,17,35,22.3395,87.21445,172.456,-0.255,2.711,3.329,
VEGK,11,29,26.73975,83.4497,113.033,0.489,2.544,3.442,
VEGT,02,20,26.1061,91.5859,22.777,-0.322,3.099,3.289,
VEGY,10,28,24.74435,84.95115,103.764,0.124,3.64,4.441,
VEHK,15,33,21.5797,84.00575,148.184,-0.169,-1.648,-0.747,
VEHX,11R,29L,26.69825,89.3691,106.222,-0.062,-3.716,-3.326,
VEIM,04,22,24.75995,93.8967,34.714,-0.595,-4.691,-4.708,
VEJH,06,24,21.91338,84.05121,62.781,-0.135,2.915,3.811,
VEJS,08,26,22.81315,86.16885,81.09,-0.155,1.245,1.954,
VEJT,04,22,26.73155,94.1755,44.54,-0.58,5.12,5.061,2015.51
VEKR,03,21,24.30815,92.00715,26.987,-0.444,-2.569,-2.405,
VEKU,06,24,24.9129,92.97875,56.825,-0.506,-2.669,-2.601,
VELP,17,35,23.8406,92.61975,171.36,-0.511,1.871,1.98,
VELR,04,22,27.2955,94.09765,42.699,-0.557,3.256,3.198,
VEMN,05,23,27.48385,95.0169,45.172,-0.671,-4.157,-4.303,
VEMR,12,30,25.88395,93.7716,117.951,-0.556,-1.493,-1.507,
VEMZ,10,28,26.1191,85.31365,104.84,0.252,4.588,5.344,
VENP,01,19,20.87005,82.51955,1.722,-0.181,-8.096,-7.074,
VEPH,15,33,23.47435,87.4275,149.496,-0.171,-0.333,0.26,
VEPI,02,20,22.781,88.35925,16.881,-0.283,-2.835,-2.323,
VEPT,07,25,25.59135,85.08795,68.388,0.21,-1.822,-1.041,
VEPU,09,27,25.7596,87.41,89.994,0.037,-0.042,0.535,
VERC,13,31,23.31465,85.3217,130.074,-0.055,0.129,0.909,
VERK,09,27,22.25665,84.81455,88.955,-0.137,-0.908,-0.078,
VETZ,05,23,26.70915,92.78475,44.399,-0.421,-5.18,-5.108,1968.62
VEUK,03,21,20.0974,83.1838,31.792,-0.296,2.089,3.062,
VEVZ,05,23,17.72115,83.2245,47.86,-0.554,-1.586,-0.611,
VEVZ,10,28,17.72315,83.23315,94.776,-0.554,-4.67,-3.695,
VEZO,18,36,27.5883,93.82805,183.254,-0.515,3.769,3.733,
VG40,16,34,36.88365,-79.8523,152.351,-8.827,1.178,-2.62,
VGBR,17,35,22.801,90.30115,173.87,-0.397,4.267,4.598,
VGCB,17,35,21.4522,91.96385,169.223,-0.551,-0.226,-0.045,
VGEG,05,23,22.2496,91.8133,48.273,-0.514,-1.213,-1.021,
VGHS,14,32,23.84336,90.3977,144.036,-0.344,4.38,4.698,
VGIS,15,33,24.1525,89.0494,153.893,-0.227,4.12,4.561,
VGJR,16,34,23.1838,89.1608,157.422,-0.303,-2.275,-1.839,
VGRJ,17,35,24.4372,88.61655,170.046,-0.174,0.219,0.699,
VGSD,16,34,25.75925,88.9089,159.496,-0.093,-0.411,0.031,
VGSY,11,29,24.9632,91.8668,112.966,-0.404,3.37,3.542,
VGTJ,17,35,23.77875,90.3827,164.584,-0.347,-5.069,-4.75,2012.28
VHHH,07C,25C,22.316,113.9135,71.012,-3.242,4.254,2.371,
VHHH,07L,25R,22.32669,113.89812,70.895,-3.241,4.136,2.254,
VHHH,07R,25L,22.30182,113.91541,70.874,-3.24,4.114,2.231,
VHSK,11,29,22.4366,114.0805,111.416,-3.293,4.71,2.813,
VI20,09,27,28.07705,76.205,89.393,1.318,-1.925,-0.623,
VI40,13,31,29.71415,77.03755,133.428,1.559,1.869,3.101,
VI43,05,23,29.3878,73.9039,50.39,1.763,-1.374,-0.03,
VI57,10,28,34.6526,77.37575,106.872,2.583,4.29,5.353,
VI65,02,20,34.52425,76.15595,22.084,2.702,-0.617,0.509,
VI66,13,31,32.9374,79.2132,137.18,1.975,5.205,6.232,1923.15
VI69,10,28,28.1067,75.37555,103.868,1.39,2.478,3.808,
VI70,11,29,28.34875,75.59365,110.633,1.419,-0.785,0.533,
VI71,16,34,30.82135,76.89175,156.395,1.793,-5.398,-4.188,2012.74
VI73,05,23,27.2083,73.71135,47.201,1.343,-4.142,-2.754,
VI75,09,27,26.5204,80.2329,92.882,0.725,2.157,3.285,
VI76,08,26,26.00005,78.2618,84.297,0.794,3.503,4.751,
VI82,16,34,30.5829,78.32335,158.121,1.603,-3.482,-2.334,
VI88,16,34,31.56,75.34135,160.524,2.101,-1.577,-0.326,
VI90,11,29,26.44755,82.56815,108.468,0.524,-2.056,-1.086,
VIAG,05,23,27.158,77.96145,45.977,1.011,-5.034,-3.79,2025.07
VIAG,12,30,27.1576,77.96085,115.998,1.011,-5.013,-3.769,2026.03
VIAH,11,29,27.86153,78.14518,109.954,1.118,-1.165,0.057,
VIAL,06,24,25.43815,81.73045,64.396,0.45,3.947,4.991,
VIAL,12,30,25.43825,81.73685,118.723,0.449,-1.726,-0.682,
VIAM,12L,30R,30.37165,76.81475,121.625,1.71,-0.085,1.14,
VIAR,16,34,31.7096,74.79725,157.464,2.187,-4.723,-3.457,
VIAW,12,30,33.87665,74.97565,123.923,2.677,1.246,2.443,
VIAX,13,31,31.43375,75.7588,132.904,2.033,0.871,2.111,
VIBK,05,23,28.0706,73.2072,44.609,1.549,-6.939,-5.557,
VIBL,09,27,26.98835,80.8931,92.079,0.743,1.336,2.415,
VIBR,16,34,31.8767,77.15435,158.661,1.986,-3.325,-2.157,
VIBT,13,31,30.27015,74.75575,130.693,1.877,-1.184,0.118,
VIBY,11,29,28.42205,79.45085,112.098,1.102,0.997,2.137,
VICX,09,27,26.40435,80.4142,88.866,0.693,-1.827,-0.707,
VIDD,12,30,28.5845,77.2058,125.587,1.329,4.258,5.509,
VIDF,14,32,29.59365,80.23925,142.632,1.228,1.404,2.47,
VIDP,09,27,28.57015,77.1025,91.559,1.335,0.224,1.48,
VIDP,10,28,28.56285,77.10365,104.641,1.334,3.307,4.563,
VIDP,11L,29R,28.54544,77.09003,103.649,1.331,-7.682,-6.426,
VIDP,11R,29L,28.54245,77.08751,103.637,1.331,-7.694,-6.437,
VIDX,09,27,28.7077,77.3589,90.457,1.338,-0.881,0.36,
VIGG,15,33,32.16515,76.2634,147.533,2.142,-4.609,-3.41,
VIGR,06,24,26.29335,78.22775,60.676,0.845,-0.169,1.077,
VIHX,13,31,30.74855,75.6298,131.142,1.899,-0.757,0.505,
VIJN,15,33,25.49115,78.55845,146.281,0.69,-4.409,-3.168,
VIJO,05,23,26.2511,73.04885,44.679,1.207,-6.528,-5.116,1950.65
VIJP,08,26,26.8242,75.8122,84.087,1.118,2.969,4.308,
VIJP,15,33,26.8293,75.7993,143.984,1.119,-7.136,-5.797,
VIJR,04,22,26.88865,70.86495,42.809,1.476,1.333,2.75,
VIJU,18,36,32.68915,74.8374,176.865,2.407,-5.542,-4.304,2010.75
VIKA,10,28,26.44145,80.3649,101.969,0.703,1.266,2.388,
VIKO,08,26,25.16025,75.8456,76.108,0.823,-4.714,-3.352,
VILD,12,30,30.8547,75.9526,118.975,1.891,-2.916,-1.669,
VILH,07L,25R,34.13585,77.5465,68.51,2.441,-3.931,-2.857,
VILK,09,27,26.7606,80.8893,89.072,0.709,-1.637,-0.554,
VIPK,01,19,32.23365,75.6346,9.14,2.222,-3.082,-1.86,
VIPL,15,33,30.31485,76.36445,148.434,1.74,-3.306,-2.061,
VIRB,09,27,26.24845,81.3805,89.623,0.593,-0.97,0.088,
VISA,05,23,29.56055,75.0061,52.981,1.708,1.274,2.585,
VISM,14,32,31.0818,77.068,146.025,1.829,4.196,5.391,
VISP,09,27,29.99395,77.4253,89.763,1.577,-1.814,-0.606,
VISR,13,31,33.98715,74.77425,136.379,2.727,3.652,4.854,
VIST,11,29,24.5623,80.85495,108.326,0.389,-2.063,-0.948,
VIUT,02,20,25.813,71.48225,20.331,1.226,-0.895,0.533,
VIUX,18,36,32.9022,75.1562,178.825,2.425,-3.599,-2.379,
VLHS,16,34,20.2573,100.4375,159.45,-1.068,0.518,-0.081,
VLLB,06,24,19.89725,102.161,60.834,-1.195,2.03,1.273,
VLPV,14,32,19.4549,103.218,138.329,-1.26,-0.411,-1.263,
VLSK,04,22,16.5566,104.7595,37.293,-1.12,-1.587,-2.545,
VLSN,08,26,20.41835,104.0665,77.493,-1.441,-1.066,-2.009,
VLVT,13,31,17.98834,102.56326,135.232,-1.074,6.306,5.535,1916.72
VLXK,07,25,19.4478,103.157,72.447,-1.253,3.7,2.854,
VMI,17,35,-22.159,-57.9425,158.635,-16.361,4.995,-3.714,
VMMC,16,34,22.14865,113.5915,159.421,-3.155,2.576,0.721,
VN-0010,08,26,10.227,103.9675,79.167,-0.449,-0.384,-1.107,
VN-0070,12,30,12.22745,109.1925,120.527,-1.003,1.53,0.224,
VNBW,10,28,27.50477,83.41081,98.791,0.596,-1.805,-0.916,
VNCG,10,28,26.5708,88.07955,100.587,0.052,0.535,1.044,
VNJP,09,27,26.7088,85.9224,91.275,0.266,1.009,1.706,
VNKT,02,20,27.6966,85.3591,21.616,0.434,1.182,1.911,
VNLK,06,24,27.68685,86.72947,59.627,0.296,-0.668,-0.055,
VNNG,08,26,28.10365,81.667,81.139,0.846,0.294,1.299,
VNPK,04,22,28.20085,83.98205,39.206,0.636,-1.43,-0.598,
VNSI,01,19,27.15945,84.98015,12.034,0.405,1.628,2.398,
VNVT,09,27,26.48145,87.26405,92.111,0.119,1.992,2.574,
VO26,17,35,9.15389,77.82115,163.512,-1.619,-4.869,-3.523,
VO52,06,24,14.53505,75.7874,59.449,-0.808,0.256,1.673,
VO94,05,23,7.01305,93.92285,46.538,-0.722,-2.74,-2.512,
VOAR,06,24,13.0712,79.6912,58.839,-1.059,-0.102,1.134,
VOAT,04,22,10.82365,72.17605,35.668,-1.329,-3.003,-1.55,
VOBG,09,27,12.95015,77.67065,84.805,-1.067,-4.128,-2.784,
VOBI,12,30,15.1628,76.8828,122.885,-0.741,3.626,5.004,
VOBL,09L,27R,13.20701,77.70452,90.498,-1.031,1.529,2.872,
VOBL,09R,27L,13.18957,77.70843,90.503,-1.033,1.536,2.879,
VOBR,02,20,17.9062,77.48655,18.153,-0.372,-1.475,-0.126,
VOBR,08,26,17.9066,77.4799,78.196,-0.372,-1.432,-0.083,
VOCB,05,23,11.03005,77.0434,45.864,-1.343,-2.794,-1.421,
VOCC,13,31,9.94485,76.27625,128.723,-1.511,0.234,1.635,
VOCC,17,35,9.94743,76.27305,167.086,-1.511,-1.403,-0.002,
VOCI,09,27,10.152,76.4019,87.758,-1.478,-0.764,0.634,
VOCL,10,28,11.13685,75.9553,100.883,-1.324,2.206,3.617,
VOCX,02,20,9.1525,92.8196,20.469,-0.793,1.263,1.509,
VODG,10L,28R,17.62955,78.40185,99.396,-0.44,-0.164,1.14,
VODG,10R,28L,17.62485,78.4049,99.555,-0.441,-0.003,1.3,
VOGA,10,28,15.7444,73.86079,94.687,-0.57,-4.743,-3.283,
VOGO,08,26,15.38085,73.8314,78.743,-0.625,-0.632,0.828,
VOHK,09,27,17.5533,78.52255,85.157,-0.454,-4.389,-3.091,
VOHS,09R,27L,17.22884,78.43284,89.204,-0.496,-0.301,1.002,
VOHY,09,27,17.4533,78.4691,88.816,-0.466,-0.718,0.583,
VOKU,10,28,15.71643,78.16833,98.852,-0.693,-0.455,0.863,
VOMD,09,27,9.8345,78.0934,86.211,-1.513,-2.276,-0.945,
VOML,06,24,12.95463,74.88676,58.388,-1.028,-0.584,0.855,
VOMM,07,25,12.99005,80.1687,68.869,-1.069,-0.062,1.144,
VOMM,12,30,12.99765,80.17415,117.429,-1.068,-1.503,-0.297,
VONS,09,27,16.54265,79.3187,87.937,-0.609,-1.454,-0.2,
VOPB,04,22,11.64115,92.72975,36.434,-0.766,-2.8,-2.604,
VOPN,09,27,14.1493,77.79115,92.833,-0.901,3.734,5.072,
VORY,05,23,17.10586,81.81319,53.251,-0.593,3.845,4.93,
VOSM,04,22,11.78335,78.0656,34.448,-1.233,-4.319,-2.992,
VOSX,05,23,11.01355,77.1597,49.085,-1.345,0.43,1.798,
VOTJ,07,25,10.72255,79.1018,66.141,-1.374,-2.486,-1.209,
VOTJ,14,32,10.71965,79.1042,136.232,-1.374,-2.394,-1.117,
VOTK,10,28,8.72424,78.02585,100.943,-1.68,2.623,3.963,
VOTR,09,27,10.76585,78.7158,85.573,-1.372,-3.055,-1.758,
VOTV,14,32,8.48212,76.92015,135.861,-1.738,-2.4,-1.015,
VOTX,05,23,12.9055,80.12025,42.979,-1.08,-5.941,-4.732,1992.06
VOTX,12,30,12.90595,80.1242,119.483,-1.08,0.563,1.772,
VOYK,09,27,13.1355,77.606,90.577,-1.04,1.617,2.965,
VQGP,11,29,26.8846,90.46415,118.21,-0.161,8.371,8.658,
VQPR,15,33,27.40328,89.42472,150.395,-0.012,0.408,0.784,
VQTY,12,30,27.25645,91.5145,123.63,-0.252,3.881,4.066,
VRDA,06,24,5.81689,73.46727,55.685,-2.273,-2.043,-0.588,
VRMK,03,21,1.8592,73.52195,25.532,-3.151,-1.317,0.176,
VRMM,18,36,4.19722,73.53102,179.944,-2.611,2.555,4.02,
VRMO,18,36,0.73374,73.43421,177.647,-3.439,1.087,2.599,
VRMT,16,34,0.48814,72.9969,156.413,-3.526,-0.061,1.449,
VTBD,03L,21R,13.91175,100.604,28.073,-0.671,-1.256,-1.778,
VTBD,03R,21L,13.91345,100.6095,27.705,-0.671,-1.624,-2.146,
VTBH,01,19,14.9494,100.643,12.184,-0.741,2.925,2.378,
VTBH,06,24,14.9486,100.6415,57.388,-0.741,-1.871,-2.418,
VTBI,17,35,14.07775,101.38,167.634,-0.702,-1.664,-2.259,
VTBK,03,21,14.102,99.9172,29.661,-0.671,0.331,-0.134,
VTBL,05,23,14.87355,100.6625,46.53,-0.737,-2.733,-3.28,
VTBL,16,34,14.8745,100.6635,160.102,-0.737,0.839,0.292,
VTBP,08,26,11.78715,99.7989,77.595,-0.534,-1.871,-2.271,
VTBP,18,36,11.7886,99.80465,179.378,-0.534,-0.088,-0.489,
VTBS,01,19,13.67421,100.75643,14.409,-0.658,5.067,4.537,2009.66
VTBS,02L,20R,13.68267,100.73384,14.417,-0.658,-4.924,-5.453,
VTBS,02R,20L,13.68747,100.73892,14.413,-0.659,-4.928,-5.457,
VTBU,18,36,12.67995,101.005,183.543,-0.594,4.137,3.609,
VTBV,16,34,12.25,102.51666,159.88,-0.59,0.47,-0.183,
VTBW,05,23,13.7688,102.3155,50.702,-0.709,1.411,0.738,
VTCC,18,36,18.7684,98.96289,180.122,-0.886,1.008,0.56,
VTCH,11,29,19.30125,97.97585,107.742,-0.854,-1.404,-1.767,
VTCI,01,19,19.37233,98.43597,15.522,-0.882,6.404,5.998,1910.89
VTCL,18,36,18.2709,99.50425,175.411,-0.892,-3.697,-4.19,
VTCN,02,20,18.8079,100.7835,21.653,-1.003,2.656,2.04,
VTCP,01,19,18.13215,100.1645,4.049,-0.921,-5.03,-5.582,2025.54
VTCT,03,21,19.95235,99.88295,29.012,-1.006,0.018,-0.526,
VTPB,18,36,16.676,101.195,180.0,-0.883,0.883,0.257,
VTPH,16,34,12.6362,99.95155,159.695,-0.583,0.278,-0.157,
VTPI,18,36,15.2773,100.296,180.0,-0.752,0.752,0.23,
VTPL,01,19,16.82435,101.2515,6.173,-0.897,-2.93,-3.564,
VTPM,09,27,16.6999,98.54505,89.154,-0.775,-0.072,-0.459,
VTPN,05,23,15.673,100.137,52.612,-0.771,3.383,2.869,
VTPO,18,36,17.238,99.8182,181.15,-0.851,2.0,1.492,
VTPP,14,32,16.78295,100.279,144.862,-0.845,5.707,5.163,1921.78
VTPT,09,27,16.896,99.25335,89.998,-0.808,0.806,0.353,
VTPY,05,23,17.2342,99.0579,47.388,-0.818,-1.794,-2.234,
VTSA,17,35,6.6614,100.0805,174.304,-0.239,4.543,4.305,
VTSB,04,22,9.1326,99.13555,44.175,-0.406,4.581,4.32,
VTSE,06,24,10.7112,99.3617,60.205,-0.48,0.685,0.354,
VTSF,01,19,8.53962,99.9447,5.994,-0.345,-3.661,-3.967,
VTSH,13,31,7.1865,100.608,133.741,-0.243,3.985,3.679,
VTSK,08,26,6.78545,101.1535,86.256,-0.198,6.454,6.12,
VTSM,17,35,9.54794,100.0625,176.914,-0.399,7.312,6.96,
VTSN,18,36,8.47113,99.95565,173.147,-0.341,-6.513,-6.817,
VTSP,09,27,8.11325,98.31686,84.671,-0.4,-4.929,-5.086,
VTSR,02,20,9.77762,98.5855,23.908,-0.457,4.365,4.127,
VTSS,08,26,6.93251,100.393,83.151,-0.238,3.389,3.112,
VTST,08,26,7.50874,99.6166,80.883,-0.305,1.188,0.95,
VTUD,12,30,17.38645,102.788,116.594,-1.04,-2.365,-3.149,
VTUI,05,23,17.19515,104.1185,44.369,-1.129,-4.502,-5.408,
VTUJ,01,19,14.8683,103.498,8.018,-0.862,-1.12,-1.926,
VTUK,03,21,16.4666,102.7835,31.955,-0.961,2.915,2.146,
VTUL,01,19,17.4391,101.722,17.55,-0.97,8.52,7.834,
VTUN,06,24,14.93445,102.0785,62.412,-0.794,3.206,2.53,
VTUO,04,22,15.22955,103.2535,34.571,-0.88,-4.549,-5.339,
VTUQ,06,24,14.9495,102.3125,60.893,-0.806,1.699,1.001,
VTUR,17,35,16.07035,103.646,166.841,-0.984,-2.175,-3.018,
VTUU,05,23,15.25125,104.87,51.638,-0.992,2.63,1.686,
VTUV,18,36,16.1168,103.7735,182.911,-0.997,3.908,3.052,
VTUW,15,33,17.38375,104.643,143.994,-1.195,-4.811,-5.771,
VTUZ,01,19,16.65255,102.9675,5.831,-0.989,-3.18,-3.969,
VV02,09L,27R,10.9775,106.818,88.343,-0.656,-1.001,-2.027,
VV02,09R,27L,10.9759,106.818,86.276,-0.656,-3.069,-4.094,
VV03,05,23,20.80335,106.605,47.512,-1.808,-0.68,-1.871,
VVBM,09,27,12.6683,108.12,90.83,-0.96,1.79,0.583,
VVCA,14,32,15.40599,108.70588,134.537,-1.376,-4.087,-5.413,
VVCM,09,27,9.17744,105.17784,91.533,-0.383,1.916,1.115,
VVCR,02L,20R,11.99812,109.21932,18.837,-0.975,-0.188,-1.49,
VVCR,02R,20L,11.99466,109.22108,18.844,-0.975,-0.182,-1.484,
VVCS,11,29,8.73199,106.63263,109.341,-0.395,-0.264,-1.192,
VVDH,11,29,17.5134,106.595,114.623,-1.409,6.031,4.88,1978.74
VVDL,09,27,11.75305,108.36184,86.913,-0.866,-2.221,-3.427,
VVDN,17L,35R,16.04405,108.2,171.924,-1.404,3.328,2.041,
VVDN,17R,35L,16.04375,108.198,171.939,-1.404,3.343,2.056,
VVGL,02,20,21.04045,105.886,24.46,-1.737,6.197,5.073,1969.18
VVKP,07,25,21.39455,106.261,67.654,-1.831,-0.516,-1.679,
VVNB,11L,29R,21.221,105.8075,107.201,-1.747,-1.052,-2.169,
VVNB,11R,29L,21.21964,105.80383,107.126,-1.746,-1.128,-2.245,
VVPB,09,27,16.4015,107.7025,93.318,-1.394,4.712,3.469,
VVPC,15,33,13.955,109.0425,147.505,-1.218,-1.277,-2.608,
VVPK,09,27,14.00448,108.01467,90.945,-1.12,2.065,0.837,
VVPQ,10,28,10.16985,103.993,95.555,-0.444,-4.001,-4.725,
VVPR,04,22,11.6335,108.952,46.354,-0.902,7.257,5.993,1903.87
VVRG,08,26,9.95816,105.13267,75.56,-0.46,-3.98,-4.805,
VVTH,03,21,13.04844,109.33401,29.832,-1.126,0.958,-0.382,
VVTS,07L,25R,10.81995,106.65,68.934,-0.627,-0.439,-1.443,
VVTS,07R,25L,10.8176,106.6535,69.491,-0.627,0.119,-0.885,
VVTX,13,31,19.90256,105.46927,128.795,-1.554,0.349,-0.722,
VVVD,03,21,21.12045,107.4155,25.656,-1.965,-2.379,-3.651,
VVVH,17,35,18.73893,105.67055,172.582,-1.447,4.029,2.951,
VY02,01,19,20.1536,94.96865,9.017,-0.719,-0.264,-0.358,
VYAN,18,36,19.76915,94.0261,181.847,-0.68,2.527,2.523,
VYAS,03,21,21.9554,96.40605,24.998,-0.817,-4.184,-4.421,
VYBG,18,36,21.17875,94.93015,180.229,-0.716,0.945,0.85,
VYBM,15,33,24.269,97.24615,148.057,-0.929,-1.014,-1.343,
VYBP,17,35,11.14955,98.7351,165.477,-0.516,-4.007,-4.299,
VYCI,01,19,14.1415,93.3685,10.13,-0.718,0.848,0.95,
VYCZ,01,19,21.94055,96.08955,8.079,-0.794,-1.127,-1.334,
VYHL,16,34,24.8996,94.914,160.55,-0.692,1.241,1.128,
VYKG,12,30,21.3016,99.636,120.658,-1.057,1.716,1.183,
VYKL,09,27,23.18825,94.0511,92.64,-0.638,3.278,3.256,
VYKP,18,36,19.42645,93.5348,180.0,-0.666,0.666,0.709,
VYKT,02,20,10.04925,98.538,18.183,-0.471,-1.346,-1.588,
VYLK,01,19,19.6915,97.21485,4.133,-0.825,-5.043,-5.339,2025.18
VYLS,01,19,22.97785,97.7522,4.374,-0.951,-4.676,-5.044,
VYLY,18,36,20.94035,94.8226,183.048,-0.71,3.758,3.675,
VYMD,17,35,21.701,95.9778,170.508,-0.784,1.292,1.097,
VYME,18,36,12.4398,98.62145,182.534,-0.579,3.113,2.797,
VYMK,04,22,25.3836,97.35235,38.015,-0.961,-1.023,-1.371,
VYMM,04,22,16.44475,97.6607,34.886,-0.741,-4.372,-4.677,
VYMO,12,30,23.0925,96.6453,115.934,-0.852,-3.214,-3.48,
VYMS,12,30,20.51675,99.25685,122.912,-0.988,3.899,3.408,
VYNP,18,36,25.35435,97.29515,179.476,-0.954,0.43,0.088,
VYNS,03,21,20.8905,97.7359,27.082,-0.89,-2.027,-2.381,
VYNT,16,34,19.6237,96.20035,157.184,-0.772,-2.044,-2.247,
VYPA,03,21,16.8937,97.67455,31.313,-0.757,2.07,1.759,
VYPN,06,24,16.81525,94.77995,64.03,-0.705,4.735,4.682,
VYPT,17,35,27.32995,97.4263,173.011,-1.004,4.015,3.643,
VYPY,07,25,18.82445,95.266,64.734,-0.726,-4.54,-4.652,
VYST,01,19,20.94165,95.9145,6.496,-0.773,-2.731,-2.916,
VYSW,11,29,20.1327,92.87265,103.909,-0.63,-5.461,-5.36,
VYTD,02,20,18.46075,94.3001,20.079,-0.697,0.776,0.755,
VYTL,04,22,20.48385,99.93535,37.581,-1.04,-1.379,-1.933,
VYTO,18,36,19.03125,96.40125,180.164,-0.771,0.936,0.718,
VYXG,04,22,21.40705,94.1317,39.87,-0.669,0.539,0.517,
W00,18,36,38.94135,-76.7724,170.426,-10.843,1.269,-0.984,
W10,16,34,48.01765,-122.4375,174.24,15.007,-0.767,-7.369,
W16,07,25,47.8714,-121.995,92.107,14.895,7.212,0.666,2009.33
W19,03,21,42.98945,-89.5093,28.98,-2.853,1.834,-2.911,
W19,04,22,42.9895,-89.5097,49.357,-2.853,12.21,7.466,1903.87
W20,16,34,47.14205,-119.238,180.0,14.145,5.855,-0.428,2018.22
W23,09,27,44.1976,-89.2172,95.576,-3.201,8.777,4.245,1980.78
W23,18,36,44.1998,-89.2172,181.777,-3.201,4.978,0.447,
W24,10,28,37.37805,-79.1217,93.579,-9.322,2.901,-0.569,
W27,14,32,45.89885,-122.7375,156.857,14.599,2.258,-3.614,
W29,11,29,38.9764,-76.32965,103.109,-11.079,4.188,2.106,
W34,09,27,44.453,-88.5637,89.998,-3.737,3.736,-0.614,
W34,18,36,44.4569,-88.5607,180.0,-3.74,3.74,-0.608,
W42,04,22,39.50135,-76.41135,28.395,-11.115,-0.49,-2.431,
W48,16,34,39.2624,-76.4321,147.092,-11.068,-1.84,-3.867,
W52,15,33,45.8275,-122.5775,162.82,14.557,-1.737,-7.586,
W56,07,25,45.6873,-122.522,89.996,14.517,5.479,-0.325,2021.9
W87,09,27,42.01685,-83.37555,91.072,-7.247,8.318,4.801,1977.44
W87,18,36,42.01855,-83.37705,190.418,-7.246,17.664,14.147,
WA09,06,24,48.6122,-123.1385,78.949,15.256,3.693,-3.136,
WA14,07,25,46.6625,-118.833,89.996,13.945,6.051,-0.072,2016.12
WA1B,14,32,-6.57342,134.147,145.003,1.91,3.093,1.478,
WA23,06,24,48.02105,-117.73867,76.692,13.931,2.761,-3.831,
WA24,01,19,46.39695,-119.021,26.584,13.937,2.647,-3.388,
WA44,13,31,-5.76458,123.917,133.349,0.535,2.814,1.039,
WAAA,03,21,-5.08016,119.551,30.057,0.424,-0.368,-1.908,
WAAA,13,31,-5.06163,119.554,129.115,0.422,-1.307,-2.849,
WABB,11,29,-1.19003,136.108,109.327,1.426,-2.098,-3.87,
WABP,12,30,-4.52825,136.8875,120.967,2.172,-1.205,-2.766,
WADB,13,31,-8.53966,118.687,138.109,0.763,7.346,6.155,
WADD,09,27,-8.74817,115.1675,87.701,0.814,-3.113,-3.904,
WADT,10,28,-9.40971,119.2445,98.991,0.832,-1.841,-3.011,
WADW,15,33,-9.66921,120.302,148.796,0.865,-2.068,-3.309,
WADY,08,26,-8.31015,114.34,80.971,0.802,0.169,-0.56,
WAEE,14,32,0.83141,127.3815,138.723,-0.25,-1.028,-3.263,
WAEW,09,27,2.04599,128.3245,88.644,-0.381,-0.974,-3.255,
WAFF,15,33,-0.91852,119.91,154.67,-0.086,4.756,2.91,
WAFM,02,20,-2.55805,120.3245,20.259,0.112,0.147,-1.63,
WAFP,03,21,-1.41675,120.6575,30.829,-0.044,0.873,-1.001,
WAHI,11,29,-7.90531,110.05725,110.101,0.792,-0.691,-0.917,
WAHL,13,31,-7.64506,109.034,130.855,0.763,0.092,-0.03,
WAJG,07,25,-4.44268,140.88358,78.011,3.136,4.876,3.595,
WAJJ,12,30,-2.57923,140.51943,126.64,2.725,3.916,2.531,
WAKE,02,20,-7.17617,139.58322,21.063,3.252,-2.189,-3.435,
WAKK,16,34,-8.5203,140.4185,162.457,3.678,-1.22,-2.346,
WALG,03,21,2.83641,117.3735,27.8,-0.453,-1.747,-3.568,
WALL,07,25,-1.26827,116.8945,67.438,0.103,-2.664,-4.209,
WALQ,01,19,-0.30607,117.416,10.678,-0.043,0.721,-0.935,
WALR,06,24,3.32516,117.5645,57.915,-0.535,-1.55,-3.411,
WALS,04,22,-0.37419,117.24961,44.405,-0.025,4.429,2.793,
WALT,08,26,-0.09277,117.439,78.879,-0.071,-1.05,-2.722,
WALV,04,22,3.45572,117.8675,35.273,-0.576,-4.151,-6.047,
WALX,07,25,2.00751,117.749,68.6,-0.365,-1.036,-2.851,
WAMG,09,27,0.63717,122.84915,97.232,-0.37,7.602,5.48,1965.39
WAMH,15,33,3.68321,125.528,155.119,-0.83,5.95,3.606,2015.4
WAMM,18,36,1.54737,124.9255,182.406,-0.49,2.896,0.654,
WAMO,02,20,2.64874,125.42344,20.477,-0.657,1.135,-1.166,
WAOC,09,27,-3.41241,115.995,91.426,0.38,1.046,-0.26,
WAOH,12,30,-3.98991,116.102,117.281,0.431,-3.15,-4.427,
WAOI,13,31,-2.7052,111.6735,132.31,0.513,1.797,0.949,
WAON,06,24,-2.21655,115.4365,60.467,0.288,0.179,-1.147,
WAOO,10,28,-3.44235,114.7625,100.011,0.442,-0.431,-1.594,
WAOS,13,31,-2.49919,112.975,133.264,0.442,2.822,1.802,
WAPI,12,30,-7.98885,131.306,130.397,1.601,8.795,7.152,
WAPK,04,22,-6.0662,134.274,41.997,1.856,0.141,-1.497,
WAPL,09,27,-5.66162,132.7315,92.495,1.496,0.999,-0.74,
WAPP,04,22,-3.71026,128.089,45.179,0.534,4.646,2.66,
WAQT,01,19,2.1555,117.4325,13.693,-0.363,4.057,2.264,
WARA,17L,35R,-7.92614,112.7155,167.218,0.803,-3.584,-4.145,
WARI,17L,35R,-7.61461,111.435,175.091,0.796,4.295,3.869,
WARI,17R,35L,-7.61693,111.433,175.875,0.796,5.078,4.653,2019.82
WARJ,09,27,-7.78818,110.432,87.82,0.795,-2.975,-3.259,
WARJ,09R,27L,-7.78928,110.433,88.039,0.795,-2.756,-3.041,
WARP,12,30,-6.95661,115.9315,124.81,0.687,4.123,3.093,
WARQ,08,26,-7.51608,110.7565,77.495,0.791,-3.296,-3.645,
WARR,10,28,-7.37983,112.7865,99.19,0.778,-1.588,-2.204,
WASC,12,30,-1.49677,134.17494,124.367,1.081,3.286,1.401,
WASF,10,28,-2.92019,132.267,96.519,0.975,-4.456,-6.373,
WASK,01,19,-3.64452,133.6955,11.99,1.352,0.639,-1.166,
WASN,18,36,-0.42585,130.77342,184.918,0.325,4.593,2.487,
WASO,02,20,-2.53224,133.439,20.351,1.118,-0.767,-2.645,
WASR,17,35,-0.89183,134.049,180.0,0.951,9.049,7.128,
WASS,09,27,-0.89518,131.2855,93.462,0.479,2.983,0.919,
WATC,05,23,-8.64065,122.2365,51.378,0.811,0.567,-0.899,
WATE,09,27,-8.84929,121.6605,88.888,0.817,-1.929,-3.341,
WATG,09,27,-8.59701,120.4765,94.756,0.772,3.984,2.639,
WATM,03,21,-8.13234,124.597,29.434,0.86,-1.426,-3.051,
WATT,07,25,-10.1722,123.672,76.58,1.034,5.545,4.125,2017.74
WATT,12,30,-10.1746,123.6635,126.504,1.034,5.47,4.05,2018.72
WAWS,12,30,-2.5312,121.3575,126.54,0.089,6.451,4.597,1994.45
WAWT,12,30,-3.04474,119.8215,127.772,0.185,7.587,5.882,1954.6
WAWW,08,26,-4.0816,122.4185,79.81,0.286,-0.476,-2.294,
WBB,05,23,63.51595,-162.278,63.869,8.719,5.15,-5.398,2026.13
WBGB,17,35,3.12384,113.0205,168.265,-0.153,-1.582,-2.951,
WBGG,07,25,1.48728,110.3527,68.455,0.195,-1.74,-2.71,
WBGJ,04,22,4.8083,115.01,36.424,-0.534,-3.042,-4.711,
WBGM,10,28,4.1775,114.322,104.529,-0.39,4.919,3.352,
WBGR,02,20,4.32207,113.987,24.051,-0.381,4.432,2.896,
WBGS,13,31,2.26161,111.9855,130.084,0.02,0.064,-1.141,
WBKD,11,29,5.03225,118.324,114.243,-0.842,5.085,3.082,2024.22
WBKK,02,20,5.93389,116.0498,22.916,-0.786,3.702,1.879,
WBKL,14,32,5.30242,115.24899,145.619,-0.624,6.243,4.527,1984.55
WBKS,08,26,5.9009,118.0595,80.596,-0.954,1.551,-0.462,
WBKW,06,24,4.31337,118.122,57.445,-0.719,-1.836,-3.792,
WBMU,03,21,4.04833,114.805,35.709,-0.414,6.123,4.51,1984.96
WBSB,03,21,4.9442,114.9285,30.993,-0.546,1.539,-0.128,
WBTM,05,23,2.17784,111.202,48.316,0.078,-1.763,-2.872,
WI07,09,27,43.6183,-88.7714,89.996,-3.482,3.478,-1.044,
WI07,18,36,43.62,-88.76585,177.805,-3.487,1.292,-3.23,
WI09,18,36,42.97725,-88.4758,180.0,-3.639,3.639,-0.917,
WI1B,11,29,-6.90386,107.476,113.798,0.697,3.101,3.1,
WI1C,14,32,-6.37321,106.6225,144.888,0.649,4.239,4.289,
WI1G,10,28,-7.91659,110.5645,97.019,0.799,-3.78,-4.07,
WI22,09,27,44.32305,-88.60085,91.112,-3.693,4.805,0.426,
WI22,10,28,44.32275,-88.60085,105.595,-3.693,9.288,4.909,1976.57
WI24,03,21,42.8811,-89.75225,31.822,-2.658,4.48,-0.317,
WI31,18,36,46.41665,-91.65305,178.645,-1.503,0.148,-4.636,
WI32,01,19,44.9873,-91.3304,10.449,-1.626,2.075,-2.778,
WI33,18,36,46.10355,-91.9024,180.0,-1.273,1.273,-3.591,
WI46,09,27,43.88274,-88.53998,91.713,-3.69,5.403,0.969,2013.84
WIBB,18,36,0.46078,101.4445,182.852,0.126,2.726,2.732,
WIBD,03,21,1.6092,101.434,29.683,0.085,-0.402,-0.473,
WIBJ,10,28,-0.35281,102.335,98.96,0.226,-1.266,-1.278,
WICA,14,32,-6.64737,108.16556,139.938,0.721,-0.783,-0.889,
WICB,04L,22R,-6.28729,106.5725,44.314,0.645,3.669,3.717,
WICB,04R,22L,-6.29007,106.573,43.736,0.645,3.091,3.139,
WICB,12,30,-6.29211,106.568,120.16,0.645,-0.485,-0.436,
WICC,11,29,-6.90062,107.5765,109.143,0.701,-1.558,-1.571,
WICD,04,22,-6.75615,108.5395,39.055,0.735,-1.68,-1.821,
WICM,15,33,-7.3466,108.246,144.358,0.733,-6.376,-6.429,
WICN,07,25,-7.71995,108.489,72.39,0.746,1.644,1.596,
WIDD,04,22,1.12103,104.119,41.645,0.266,1.378,1.099,
WIDE,18,36,0.84552,100.37,180.0,0.016,-0.016,0.053,
WIDM,18,36,3.34812,106.258,180.0,0.141,-0.141,-0.772,
WIDS,14,32,-0.47919,104.579,144.512,0.371,4.142,3.928,
WIHH,06,24,-6.26661,106.891,64.903,0.662,4.24,4.25,
WIHP,18,36,-6.33697,106.7645,183.199,0.656,2.543,2.574,
WIII,06,24,-6.10886,106.65718,68.271,0.648,7.623,7.646,
WIII,07L,25R,-6.11503,106.654,68.103,0.648,-2.545,-2.521,
WIII,07R,25L,-6.13646,106.659,67.763,0.649,-2.886,-2.861,
WILL,14,32,-5.24704,105.18294,139.605,0.548,-0.943,-0.834,
WIMA,06,24,5.22668,96.95035,61.99,-0.421,2.411,2.486,
WIMB,09,27,1.16638,97.7047,92.239,-0.292,2.531,2.783,
WIME,11,29,1.4001,99.43045,112.937,-0.092,3.029,3.135,
WIMK,05,23,3.55805,98.6717,46.727,-0.219,-3.054,-3.022,
WIMM,05,23,3.63787,98.87053,45.038,-0.203,-4.759,-4.747,
WIMN,09,27,2.25974,98.9888,91.925,-0.157,2.082,2.167,
WIMS,12,30,1.55594,98.8889,124.152,-0.154,4.306,4.444,
WIMU,15,33,3.39147,97.8638,144.892,-0.297,-4.811,-4.709,
WIOD,18,36,-2.74404,107.75451,176.182,0.573,-4.391,-4.772,
WIOG,10,28,-0.34887,111.7475,99.311,0.305,-0.993,-2.012,
WIOK,17,35,-1.81664,109.9635,175.404,0.497,4.907,4.2,
WION,18,36,3.90872,108.3875,182.481,0.038,2.442,1.554,
WIOO,15,33,-0.15071,109.404,156.797,0.38,6.416,5.66,1948.32
WIOP,10,28,0.83558,112.937,107.725,0.116,7.609,6.377,
WIPD,15,33,-4.78702,103.933,153.966,0.445,3.521,3.717,
WIPK,16,34,-2.1622,106.139,166.985,0.51,6.474,6.226,
WIPO,03,21,-4.39177,104.4015,28.556,0.481,-1.925,-1.81,
WIPP,11,29,-2.89825,104.7,113.543,0.472,3.072,3.032,
WIPQ,03,21,-3.28603,103.8795,35.306,0.424,4.882,4.955,
WIPT,15,33,-0.78692,100.281,155.929,0.036,5.893,6.087,
WITK,09,27,4.72088,96.85125,89.782,-0.422,0.204,0.312,
WITL,16,34,5.06951,97.25915,154.816,-0.388,-4.795,-4.736,
WITN,10,28,5.87413,95.33965,97.445,-0.586,-1.97,-1.803,
WMAP,05,23,2.04139,103.3075,50.538,0.179,0.358,0.095,
WMBT,02,20,2.81818,104.16,26.608,0.162,6.446,6.054,
WMGK,08,26,5.79957,102.484,82.04,-0.09,2.13,1.728,
WMKA,04,22,6.18967,100.3985,42.925,-0.198,3.123,2.88,
WMKB,18,36,5.46592,100.3915,182.607,-0.161,2.767,2.56,
WMKD,18,36,3.77566,103.209,184.534,0.069,4.465,4.106,
WMKE,16,34,4.53723,103.427,161.057,0.023,1.034,0.612,
WMKF,03,21,3.11282,101.7015,40.87,0.036,10.834,10.647,
WMKF,04,22,3.11225,101.7025,33.602,0.036,-6.435,-6.622,
WMKI,04,22,4.56797,101.0925,42.143,-0.074,2.217,1.999,
WMKJ,16,34,1.64131,103.6695,158.668,0.218,-1.55,-1.821,
WMKK,14L,32R,2.76283,101.712,146.937,0.054,6.883,6.716,
WMKK,14R,32L,2.72832,101.708,146.49,0.055,6.434,6.269,
WMKK,15,33,2.72334,101.68741,146.095,0.054,-3.959,-4.122,
WMKL,03,21,6.32972,99.72865,34.46,-0.241,4.701,4.507,
WMKP,04,22,5.29714,100.277,41.732,-0.159,1.891,1.702,
WMSA,15,33,3.13058,101.5495,149.919,0.026,-0.107,-0.282,
WN09,18,36,44.16445,-89.50805,177.204,-2.972,0.175,-4.42,
WN53,15,33,48.11045,-122.0625,168.94,14.959,3.981,-2.654,
WN54,01,19,47.7349,-117.0715,27.163,13.679,3.483,-3.007,
WPAS,11,29,-7.84838,131.3373,115.819,1.586,4.233,2.581,
WPDL,08,26,-8.54656,125.525,76.885,0.974,-4.089,-5.71,
WPEC,14,32,-8.48544,126.399,142.141,1.039,1.102,-0.543,
WRLC,04,22,0.12165,117.4765,38.609,-0.1,-1.291,-2.978,
WRLJ,04,22,0.5605,117.64425,36.735,-0.166,-3.099,-4.827,
WS23,12,30,45.2161,-89.7472,119.468,-2.898,2.366,-2.138,
WS43,08,26,44.35555,-88.05845,78.739,-4.117,2.856,-1.391,
WS51,11,29,43.35275,-90.68085,108.775,-1.989,0.764,-4.132,
WS96,18,36,42.6208,-89.76735,179.047,-2.623,1.669,-3.16,
WSAG,04,22,1.42382,103.8095,41.195,0.236,0.958,0.688,
WSAG,05,23,1.42654,103.816,43.364,0.237,-6.873,-7.144,
WSAP,02,20,1.36041,103.9095,22.537,0.244,2.293,2.017,
WSAT,01,19,1.39001,103.6995,9.157,0.234,-1.076,-1.334,
WSAT,18,36,1.38726,103.709,184.645,0.234,4.411,4.152,
WSAT,18R,36L,1.38184,103.709,180.0,0.234,-0.234,-0.493,
WSSL,03,21,1.41645,103.867,33.804,0.239,3.565,3.289,
WSSS,02C,20C,1.34546,103.992,22.916,0.248,2.668,2.385,
WSSS,02L,20R,1.36569,103.985,22.848,0.247,2.601,2.318,
WV52,12,30,38.4306,-79.8258,119.926,-9.045,8.97,5.565,1970.65
WV62,06,24,39.0551,-79.4314,50.884,-9.367,0.25,-2.867,
WY00,10,28,43.9677,-107.3795,113.743,9.17,4.573,-0.99,
WY33,07,25,42.81695,-110.278,83.079,10.358,2.722,-2.51,
WY46,8,26,41.07278,-104.82565,84.368,7.54,-3.172,-8.33,
X-MMTG,09,27,16.77115,-93.35365,97.361,1.372,5.989,1.024,2017.28
X-MMTG,16,34,16.763,-93.33925,162.575,1.365,1.21,-3.758,
X01,15,33,25.84885,-81.39025,149.565,-6.669,6.235,0.333,2012.67
X09,17,35,29.6901,-95.8405,177.844,2.009,5.835,0.748,2017.51
X23,18,36,28.92295,-81.65195,183.962,-6.844,10.806,5.243,1974.35
X25,18,36,27.9538,-81.60145,176.004,-6.771,2.775,-2.903,
X33,07,25,36.69385,-90.78445,72.543,-1.469,4.011,-1.362,
X55,18,36,28.8433,-81.6301,178.819,-6.849,5.668,0.097,2017.42
XA05,09,27,34.10105,-102.6245,97.889,5.829,2.059,-2.498,
XA08,18,36,28.16615,-99.0916,186.186,3.785,2.401,-2.181,
XA89,14,32,28.20855,-100.0185,146.61,4.251,2.359,-2.093,
XA93,17,35,28.61935,-99.6544,176.089,4.078,2.011,-2.519,
XK-0010,18,36,42.43445,20.42775,177.101,5.296,-8.195,-4.081,1988.62
XP-0003,05,23,16.83355,112.345,45.197,-2.056,-2.746,-4.458,
XS11,11,29,29.7766,-99.3592,115.814,3.952,1.862,-2.778,
XS12,10,28,30.676,-98.0175,99.775,3.244,-3.469,-8.332,
XS20,16,34,30.1541,-99.2978,160.103,3.928,-3.825,-8.496,
XS40,13,31,28.80015,-99.0001,136.304,3.747,2.558,-2.074,
XS44,08,26,31.0153,-104.2125,81.193,6.359,-5.166,-9.268,
XS59,15,33,28.2787,-97.21,151.293,2.792,-1.499,-6.351,
XS67,14,32,27.94415,-96.9844,144.858,2.672,2.186,-2.681,
XS71,17,35,28.74805,-98.045,175.38,3.243,2.137,-2.623,
XS91,17,35,32.0865,-95.59935,173.933,1.839,2.095,-3.095,
XS93,12,30,26.717,-98.5586,134.778,3.503,11.275,6.699,1948.3
XS94,17,35,27.11145,-99.42255,170.097,3.937,-3.841,-8.311,
Y34,12,30,44.35725,-97.3848,134.965,3.013,11.952,6.391,1956.89
Y58,04,22,44.24945,-94.70965,35.706,1.037,-5.331,-10.686,
Y63,14,32,45.98485,-95.99185,140.149,1.949,-1.8,-7.31,
Y71,12,30,46.38295,-101.845,136.822,6.155,10.666,4.676,1977.89
Y73,17,35,46.0749,-88.6293,169.795,-3.89,3.685,-0.404,
Y77,08,26,46.57725,-91.4561,83.68,-1.678,5.358,0.634,2014.87
Y87,09,27,44.79155,-86.00325,81.726,-5.748,-2.525,-6.132,
Y87,17,35,44.7864,-86.00375,166.142,-5.747,1.889,-1.719,
Y88,05,23,44.60635,-85.7594,50.076,-5.905,5.98,2.402,1998.54
Y91,09,27,44.3206,-85.16805,89.995,-6.303,6.297,2.827,1994.2
Y91,18,36,44.32105,-85.1739,180.0,-6.298,6.298,2.826,1994.2
Y98,14,32,46.6212,-85.91675,139.68,-6.107,5.788,2.675,1996.71
Y99,08,26,48.0304,-101.9515,89.995,6.306,3.689,-2.589,
YABA,05,23,-34.9436,117.81,43.275,-1.668,-5.057,-3.445,2025.61
YABA,14,32,-34.94595,117.811,134.431,-1.668,-3.901,-2.289,
YACR,04,22,-22.4732,149.15636,45.835,8.586,-2.751,-2.756,
YADA,04,22,-25.89635,144.56825,48.416,8.026,0.39,0.453,
YADA,10,28,-25.89437,144.5681,107.547,8.025,-0.479,-0.416,
YALP,15,33,-20.98474,137.83246,158.771,5.013,3.758,3.276,
YAMB,04,22,-27.6406,152.714,53.206,11.045,2.161,2.572,
YAMB,15,33,-27.6345,152.7105,159.059,11.042,-1.983,-1.573,
YAMN,17,35,-32.53763,137.69295,177.69,7.2,0.49,0.938,
YARA,04,22,-37.30925,142.99,53.832,10.85,2.981,4.007,
YARA,12,30,-37.31145,142.991,124.162,10.851,-6.689,-5.663,1957.22
YARG,01,19,-16.6351,128.4505,19.153,2.258,6.895,5.906,
YARM,05,23,-30.5289,151.617,59.383,11.67,-2.287,-1.699,
YARM,09,27,-30.5247,151.616,96.594,11.668,-5.074,-4.486,2022.14
YAUR,16,34,-13.35375,141.72,159.906,4.784,-4.878,-5.678,
YAYE,13,31,-25.18555,130.977,129.307,3.747,-4.439,-4.681,
YAYR,01,19,-19.59195,147.3265,21.03,7.435,3.595,3.371,
YBAF,04L,22R,-27.56748,153.00688,51.0,11.109,-0.109,0.305,
YBAF,04R,22L,-27.5686,153.00873,51.568,11.11,0.458,0.872,
YBAF,10L,28R,-27.57265,153.00524,107.531,11.111,-3.58,-3.165,
YBAF,10R,28L,-27.57371,153.00337,107.75,11.11,-3.36,-2.946,
YBAR,01,19,-23.56541,145.30223,16.285,7.704,-1.418,-1.485,
YBAR,14,32,-23.56245,145.306,139.551,7.704,-8.153,-8.22,
YBAS,12,30,-23.80655,133.9035,119.883,4.377,-4.494,-4.843,
YBAS,17,35,-23.8024,133.88699,180.0,4.372,5.628,5.279,2010.26
YBBN,01L,19R,-27.36985,153.11449,26.811,11.079,5.733,6.136,
YBBN,01R,19L,-27.3896,153.126,26.548,11.089,5.46,5.865,
YBCG,14,32,-28.16629,153.5071,151.154,11.452,-0.298,0.17,
YBCG,17,35,-28.167,153.5065,189.74,11.452,8.287,8.755,
YBCK,06,24,-24.43205,145.4285,66.755,7.942,-1.187,-1.195,
YBCK,12,30,-24.42505,145.4265,126.164,7.94,-1.776,-1.785,
YBCS,15,33,-16.87905,145.75,156.455,6.475,-0.02,-0.445,
YBCV,12,30,-26.41295,146.263,138.255,8.692,9.563,9.709,
YBCV,18,36,-26.41755,146.26199,180.0,8.693,-8.693,-8.546,
YBDG,05,23,-36.73966,144.32766,60.979,11.237,-0.258,0.731,
YBDG,17,35,-36.73567,144.33018,181.892,11.237,0.655,1.643,
YBDV,03,21,-25.8997,139.347,40.728,6.371,4.357,4.28,
YBDV,14,32,-25.8919,139.3455,148.713,6.369,2.345,2.267,
YBEG,07,25,-19.65318,146.29393,73.92,7.156,-3.236,-3.495,
YBHI,05,23,-32.00265,141.472,55.896,8.541,-2.645,-2.185,
YBHI,14,32,-32.0074,141.47,144.578,8.542,-3.963,-3.503,
YBHM,14,32,-20.35745,148.952,142.539,8.051,-5.512,-5.637,1956.27
YBIR,04,22,-35.9975,142.9185,51.584,10.353,1.231,2.107,
YBIR,09,27,-36.0009,142.918,97.035,10.354,-3.319,-2.443,
YBKE,05,23,-30.0411,145.9455,62.804,9.601,3.203,3.602,
YBKE,18,36,-30.03685,145.9565,185.623,9.604,-3.981,-3.581,
YBKT,03,21,-17.7505,139.5355,43.107,4.928,8.179,7.537,
YBKT,14,32,-17.75175,139.5295,133.175,4.926,-11.751,-12.394,
YBLA,08R,26L,-36.55235,146.0125,94.525,11.89,2.634,3.642,
YBLA,17R,35L,-36.55295,146.005,180.0,11.887,-1.887,-0.88,
YBLI,15,33,-30.33067,152.4586,154.43,11.87,-7.441,-6.845,1928.32
YBLN,03,21,-33.68733,115.40208,25.676,-2.377,-1.947,-0.169,
YBLT,05,23,-37.50988,143.79275,61.798,11.292,0.505,1.572,
YBLT,13,31,-37.50722,143.7897,134.636,11.29,-6.654,-5.588,1958.66
YBLT,18,36,-37.51243,143.79387,188.811,11.294,-2.482,-1.415,
YBMA,16,34,-20.6663,139.48849,168.228,5.419,2.809,2.359,
YBMK,14,32,-21.17075,149.1825,145.655,8.294,-2.64,-2.715,
YBNA,06,24,-28.83335,153.561,72.83,11.691,1.139,1.655,
YBNS,04,22,-37.88749,147.56945,55.174,13.127,2.047,3.253,
YBNS,14,32,-37.88652,147.56857,144.838,13.127,-8.288,-7.082,1939.33
YBOK,05,23,-27.4037,151.7345,52.488,10.675,-8.188,-7.82,
YBOK,09,27,-27.40985,151.73,99.555,10.676,-1.121,-0.753,
YBOK,14,32,-27.4088,151.742,143.83,10.679,-6.85,-6.481,1934.79
YBPN,11,29,-20.4944,148.5535,113.552,7.969,-4.417,-4.549,
YBRK,15,33,-23.3797,150.475,157.25,9.186,-1.936,-1.849,
YBRL,02,20,-16.0759,136.3025,24.885,3.827,1.057,0.171,
YBRM,10,28,-17.9485,122.227,105.406,1.508,3.897,3.271,
YBRN,08,26,-34.6218,143.5795,88.035,10.166,-2.131,-1.384,
YBRN,18,36,-34.6248,143.5775,184.49,10.166,-5.677,-4.929,1977.49
YBRW,03,21,-29.9758,146.8145,37.54,9.881,-2.34,-1.923,
YBRY,10,28,-22.67456,119.1664,105.071,1.089,3.982,4.093,
YBSG,12,30,-12.62311,142.08832,121.547,4.763,-3.217,-4.036,
YBSS,09,27,-37.7313,144.42507,104.409,11.667,2.742,3.85,
YBSU,13,31,-26.59322,153.08311,142.365,10.83,1.536,1.889,
YBTH,08,26,-33.40675,149.656,90.488,12.066,-1.578,-0.798,
YBTH,17,35,-33.40845,149.65129,176.178,12.065,-5.887,-5.107,1973.13
YBTI,15,33,-11.76475,130.6155,149.034,2.017,-2.983,-4.367,
YBTL,01,19,-19.24825,146.7695,23.045,7.209,5.836,5.573,
YBTL,07,25,-19.25445,146.761,74.142,7.208,-3.066,-3.329,
YBTR,18,36,-23.60315,148.806,187.715,8.755,-1.041,-0.994,
YBUD,07,25,-24.90455,152.319,67.939,10.118,-12.18,-11.951,
YBUD,14,32,-24.90495,152.32265,147.434,10.12,-2.686,-2.456,
YBWG,09,27,-27.3661,121.0345,88.175,1.167,-2.992,-2.572,
YBWP,12,30,-12.67745,141.9225,123.034,4.728,-1.695,-2.52,
YBWW,12,30,-27.55752,151.79525,132.5,10.741,1.759,2.138,
YBWX,03,21,-20.8613,115.407,26.036,0.66,-4.624,-4.265,
YCAR,04,22,-24.8812,113.6695,42.379,-0.256,2.634,3.663,
YCAR,18,36,-24.8838,113.666,180.0,-0.257,0.257,1.287,
YCAS,10,28,-28.88135,153.06049,105.588,11.555,-5.968,-5.462,1962.64
YCBA,05,23,-31.53736,145.79404,55.486,10.01,-4.524,-4.007,
YCBA,17,35,-31.54219,145.79541,172.924,10.012,-7.088,-6.57,1933.77
YCBB,01,19,-31.33245,149.272,33.945,11.169,12.776,13.365,
YCBB,11,29,-31.33085,149.2625,123.907,11.165,2.742,3.331,
YCBG,09,27,-42.8289,147.4795,105.196,15.658,-0.462,1.504,
YCBG,12,30,-42.8256,147.478,137.406,15.655,1.75,3.716,
YCBG,14,32,-42.82495,147.476,154.957,15.654,-0.697,1.269,
YCBP,04,22,-29.0401,134.71951,49.017,5.433,3.585,3.691,
YCBP,14,32,-29.03975,134.723,151.512,5.434,6.079,6.185,
YCCA,03,21,-26.77,150.62,40.512,10.146,0.365,0.66,
YCCA,14,32,-26.77195,150.6175,140.772,10.146,-9.374,-9.08,
YCCY,06,24,-20.66835,140.504,67.52,5.706,1.815,1.401,
YCCY,12,30,-20.66575,140.5075,128.182,5.706,2.476,2.062,
YCDO,01,19,-33.06455,147.214,24.073,11.044,3.029,3.714,
YCDO,10,28,-33.0644,147.206,105.481,11.041,-5.56,-4.875,1978.31
YCDU,11,29,-32.1306,133.7065,111.169,5.542,-4.374,-3.985,
YCDU,17,35,-32.13115,133.7135,174.622,5.545,-0.924,-0.535,
YCEE,08,26,-33.7103,136.5065,90.91,6.965,3.945,4.495,
YCEE,18,36,-33.7117,136.504,180.0,6.964,-6.964,-6.414,1936.07
YCFS,03,21,-30.33128,153.11379,41.475,12.078,-0.603,0.01,
YCFS,10,28,-30.3176,153.1185,105.741,12.075,-6.334,-5.721,1957.53
YCGO,17,35,-17.13788,144.52858,177.399,6.186,1.213,0.749,
YCHT,06,24,-20.04382,146.27368,61.625,7.23,-5.604,-5.843,1951.64
YCIN,11,29,-17.5804,123.8285,110.343,1.676,-1.333,-2.093,
YCKN,11,29,-15.4434,145.183,111.68,6.065,-4.385,-4.907,
YCMT,01,19,-22.7704,147.6235,28.355,8.21,10.145,10.106,
YCMT,15,33,-22.7724,147.619,161.378,8.209,3.169,3.13,
YCMU,06,24,-28.03175,145.6185,68.784,8.916,-0.131,0.109,
YCMU,12,30,-28.03175,145.6265,131.21,8.918,2.292,2.533,
YCNK,17,35,-32.78484,151.34013,188.496,12.418,6.078,6.847,
YCNM,05,23,-30.98225,148.3755,54.135,10.74,-6.605,-6.068,1950.61
YCNM,12,30,-30.97845,148.3765,127.424,10.739,-3.315,-2.778,
YCNY,14,32,-18.75995,138.71,142.261,4.876,-2.614,-3.222,
YCOE,11,29,-13.76275,143.117,113.759,5.223,-1.464,-2.17,
YCOM,18,36,-36.2998,148.9725,192.286,13.0,-0.714,0.342,
YCOR,14,32,-35.98778,146.3504,142.551,11.806,-9.255,-8.302,
YCPT,01,19,-31.30856,137.44331,14.247,6.839,-2.592,-2.259,
YCRG,06,24,-36.1834,147.887,71.486,12.514,-1.028,-0.014,
YCSK,09,27,-66.28792,110.76042,89.753,-104.21,103.963,93.27,
YCTM,10,28,-34.62555,148.033,112.228,11.938,0.291,1.145,
YCTM,16,34,-34.62347,148.03654,173.245,11.938,1.307,2.161,
YCUN,05,23,-31.62198,117.21777,45.311,-0.835,-3.854,-2.553,
YCUN,14,32,-31.62228,117.21614,134.425,-0.836,-4.739,-3.439,
YCUS,17,35,-34.21734,135.63447,180.051,6.692,3.359,3.954,
YCWR,03,21,-33.84245,148.6475,43.512,11.865,1.646,2.44,
YCWR,15,33,-33.84619,148.6477,161.441,11.867,-0.426,0.369,
YDAY,13,31,-27.15846,151.26343,138.153,10.458,-2.305,-1.967,
YDBI,01,19,-28.5907,148.216,19.082,9.928,-0.846,-0.494,
YDBY,05,23,-17.3717,123.6625,56.142,1.643,4.499,3.727,
YDBY,11,29,-17.37155,123.661,109.703,1.642,-1.94,-2.711,
YDLQ,06,24,-35.55885,144.9465,67.04,11.06,-4.02,-3.146,
YDMG,12,30,-17.937,138.8145,121.412,4.766,-3.354,-4.014,
YDOD,09,27,-36.3604,143.01151,97.588,10.52,-2.932,-2.015,
YDOD,18,36,-36.36445,143.0065,186.368,10.519,-4.151,-3.233,
YDPO,06,24,-41.16775,146.4295,76.189,14.194,1.994,3.637,
YDPO,14,32,-41.1693,146.431,157.246,14.196,3.05,4.694,
YDYS,14,32,-22.6225,148.363,147.338,8.391,-1.053,-1.077,
YECH,05,23,-36.1567,144.76151,59.371,11.205,-1.834,-0.9,
YECH,17,35,-36.16343,144.76215,178.705,11.207,-2.502,-1.568,
YELD,10,28,-12.0192,135.57449,99.756,3.044,-3.288,-4.485,
YEML,06,24,-23.56935,148.18,71.031,8.563,2.468,2.493,
YESE,14,32,-20.97425,141.00481,143.07,5.905,-2.835,-3.212,
YESP,03,21,-33.6845,121.824,28.095,0.614,-2.519,-1.479,
YEVD,18,36,-29.09965,153.4195,184.258,11.739,-7.481,-6.951,1917.28
YFBS,09,27,-33.36265,147.92751,98.848,11.417,-2.569,-1.838,
YFRT,09,27,-30.8369,128.117,93.791,3.302,0.488,0.84,
YFRT,18,36,-30.83955,128.11301,180.0,3.301,-3.301,-2.949,
YFTZ,01,19,-18.18355,125.56,18.686,1.952,6.734,5.952,
YGAY,06,24,-25.61574,151.62089,65.321,10.114,-4.794,-4.543,
YGDA,12,30,-29.0728,147.385,130.454,9.799,0.655,1.019,
YGDH,11,29,-30.9576,150.248,123.534,11.369,2.165,2.75,
YGDH,17,35,-30.95785,150.25101,180.0,11.37,-1.37,-0.785,
YGDI,04,22,-28.5225,150.3205,41.459,10.584,-9.125,-8.721,
YGDI,12,30,-28.5231,150.321,132.108,10.585,1.524,1.928,
YGEL,08,26,-28.78725,114.7045,79.298,-0.932,0.229,1.546,
YGEL,14,32,-28.7911,114.703,138.606,-0.933,-0.461,0.857,
YGFN,18,36,-29.75485,153.031,186.503,11.847,-5.344,-4.776,1979.71
YGIG,08,26,-31.46435,115.863,74.439,-1.331,-4.231,-2.771,
YGLA,10,28,-23.86979,151.22556,110.183,9.527,0.657,0.794,
YGLB,04,22,-34.8093,149.727,46.582,12.655,-6.073,-5.156,1971.34
YGLB,08,26,-34.8098,149.731,91.725,12.657,-0.932,-0.014,
YGLI,14,32,-29.67315,151.6895,153.233,11.396,1.837,2.362,
YGPT,04,22,-11.4,130.425,43.89,1.936,1.954,0.538,
YGTE,10,28,-13.9724,136.4585,99.576,3.545,-3.968,-4.994,
YGTH,06,24,-34.25409,146.0603,65.958,11.032,-5.074,-4.306,2022.83
YGTH,18,36,-34.24935,146.0685,188.969,11.034,-2.065,-1.297,
YGTN,06,24,-18.30271,143.53081,63.533,6.121,-2.588,-3.031,
YGYM,14,32,-26.28967,152.70272,148.459,10.627,-2.168,-1.845,
YHAY,04,22,-34.53265,144.82951,43.79,10.643,-6.853,-6.087,1951.2
YHAY,15,33,-34.52855,144.8295,155.994,10.642,-4.647,-3.881,
YHBA,11,29,-25.31985,152.8805,119.364,10.397,-1.032,-0.762,
YHID,08,26,-10.5861,142.28751,84.668,4.49,0.178,-0.731,
YHID,14,32,-10.58525,142.2925,140.813,4.492,-3.678,-4.587,
YHLC,04,22,-18.23615,127.666,44.559,2.291,2.268,1.432,
YHLC,08,26,-18.2353,127.6675,86.016,2.292,3.724,2.888,
YHLS,06,24,-33.49418,145.52362,71.312,10.556,0.756,1.439,
YHML,10,28,-37.6482,142.06551,113.054,10.542,2.511,3.559,
YHOT,11,29,-37.04815,147.335,118.544,12.656,-4.111,-3.013,
YHPN,01,19,-35.7152,142.3605,23.474,10.016,3.459,4.293,
YHPN,08,26,-35.714,142.3605,90.001,10.015,-0.014,0.821,
YHSM,08,26,-36.66885,142.1785,89.534,10.255,-0.721,0.215,
YHUG,06,24,-20.81675,144.222,65.036,6.799,-1.763,-2.033,
YHUG,12,30,-20.81285,144.225,128.869,6.799,2.07,1.799,
YIFL,03,21,-17.5594,146.0125,33.895,6.673,-2.778,-3.158,
YIFL,14,32,-17.55895,146.011,141.087,6.672,-5.585,-5.965,
YIGM,05,23,-18.66457,146.14518,57.711,6.92,0.791,0.474,
YISF,14,32,-24.25931,144.42423,148.159,7.596,0.564,0.514,
YIVL,04,22,-29.8909,151.14089,59.381,11.294,8.086,8.613,
YIVL,16,34,-29.888,151.145,169.504,11.295,-1.791,-1.265,
YIVO,16,34,-32.88684,144.31132,173.339,9.889,3.449,4.049,
YJAB,09,27,-12.65805,132.8945,94.924,2.563,2.362,1.103,
YJBY,08,26,-35.14581,150.69621,94.858,13.16,1.698,2.677,
YJBY,15,33,-35.14833,150.69725,163.888,13.161,0.727,1.706,
YJLC,10,28,-20.66825,141.71851,106.82,6.051,0.769,0.398,
YKBR,18,36,-27.6922,114.25925,180.081,-0.769,0.85,2.108,
YKBY,05,23,-32.84235,134.297,49.636,5.889,-6.253,-5.796,1944.01
YKBY,13,31,-32.83645,134.2925,129.67,5.886,-6.216,-5.76,1944.48
YKER,05,23,-35.7511,143.9425,60.728,10.707,0.02,0.891,
YKER,14,32,-35.752,143.937,149.206,10.705,-1.499,-0.628,
YKII,06,24,-39.87685,143.8835,73.173,12.301,0.872,2.252,
YKII,10,28,-39.8764,143.87849,114.607,12.299,2.309,3.688,
YKII,17,35,-39.8778,143.8845,184.369,12.302,2.066,3.446,
YKKG,03,21,-17.42825,130.81001,31.213,2.786,-1.572,-2.493,
YKKG,13,31,-17.4364,130.811,136.191,2.787,3.404,2.484,
YKLC,11,29,-16.12513,123.7351,114.076,1.567,2.509,1.616,
YKMP,04,22,-31.0722,152.765,54.504,12.239,2.265,2.927,
YKOW,12,30,-15.4855,141.75249,120.164,5.143,-4.979,-5.66,
YKRY,05,23,-26.58305,151.842,65.593,10.46,5.133,5.451,1999.8
YKRY,16,34,-26.57955,151.8395,169.149,10.458,-1.309,-0.992,
YKSC,06,24,-35.71285,137.5225,65.441,7.854,-2.413,-1.65,
YKSC,15,33,-35.71482,137.52096,155.621,7.853,-2.232,-1.469,
YKUB,11,29,-10.22634,142.21977,114.263,4.415,-0.153,-1.083,
YKUR,16,34,-20.50982,134.67048,160.5,4.093,-3.593,-4.196,
YLEC,02,20,-30.59895,138.4235,32.528,7.052,5.476,5.761,
YLEC,11,29,-30.59965,138.432,119.712,7.055,2.657,2.941,
YLED,10,28,-37.92191,144.10371,108.073,11.596,-3.523,-2.399,
YLED,16,34,-37.9212,144.10092,170.953,11.594,-0.642,0.482,
YLEG,04,22,-38.49589,145.86131,46.373,12.643,-6.269,-5.03,1975.5
YLEG,18,36,-38.49632,145.86058,188.117,12.642,-4.526,-3.286,
YLEO,04,22,-28.8818,121.312,35.89,1.105,-5.215,-4.659,1993.77
YLEO,12,30,-28.8786,121.3125,132.263,1.105,11.157,11.713,
YLEV,08,26,-12.49805,135.8065,85.476,3.169,2.308,1.153,
YLHR,12,30,-12.7876,143.3065,125.846,5.114,0.732,-0.013,
YLIS,15,33,-28.8308,153.2585,155.967,11.598,-5.631,-5.124,1972.84
YLLE,03,21,-27.40565,141.8095,38.155,7.497,0.658,0.754,
YLRD,04,22,-29.4529,147.9835,44.796,10.114,-5.318,-4.91,1977.78
YLRD,10,28,-29.4527,147.977,108.933,10.112,-1.179,-0.771,
YLRE,04,22,-23.432,144.2775,44.995,7.366,-2.37,-2.478,
YLST,10,28,-27.84415,120.704,100.283,1.033,-0.75,-0.249,
YLTN,07,25,-28.61395,122.4295,69.202,1.464,-2.262,-1.828,
YLTN,16,34,-28.6102,122.4245,160.762,1.463,-0.701,-0.267,
YLTV,03,21,-38.21101,146.47083,45.121,12.791,2.33,3.548,
YLTV,09,27,-38.20562,146.47059,97.132,12.789,-5.657,-4.439,1987.06
YLZI,12,30,-14.67276,145.45398,134.686,6.005,8.68,8.134,
YMAV,18,36,-38.04082,144.46712,187.61,11.811,-4.201,-3.054,
YMAY,07,25,-36.06675,146.9595,81.003,12.088,-1.085,-0.108,
YMBU,17,35,-37.03515,143.70758,173.004,11.074,-8.07,-7.061,1934.99
YMCT,08,26,-37.58274,140.3669,82.52,9.71,-7.19,-6.18,1949.89
YMDG,04,22,-32.5649,149.6095,52.928,11.73,1.198,1.901,
YMDG,16,34,-32.5599,149.612,169.927,11.729,-1.802,-1.099,
YMEK,09,27,-26.60825,118.546,85.092,0.608,-5.515,-4.925,1988.27
YMEK,15,33,-26.61298,118.55251,139.114,0.609,-11.495,-10.905,
YMEN,08,26,-37.73109,144.90377,88.024,11.884,-3.86,-2.741,
YMEN,17,35,-37.72718,144.90108,177.821,11.881,-4.06,-2.941,
YMER,03,21,-36.9069,149.902,33.786,13.643,-9.857,-8.706,
YMES,04,22,-38.09955,147.15,53.421,13.041,0.379,1.601,
YMES,09,27,-38.09725,147.1405,98.931,13.036,-4.105,-2.884,
YMGB,11,29,-12.09495,134.893,115.751,2.903,2.848,1.625,
YMGD,14,32,-12.0585,134.2365,149.707,2.755,6.953,5.7,
YMGT,02,20,-33.93053,115.0998,14.036,-2.635,-3.329,-1.481,
YMHB,12,30,-42.8369,147.51281,135.028,15.68,-0.652,1.317,
YMIA,09,27,-34.22805,142.0835,101.817,9.426,2.391,3.068,
YMIA,18,36,-34.23095,142.0895,184.573,9.429,-4.857,-4.178,
YMIR,06,24,-17.32771,141.88223,61.08,5.492,-4.412,-4.981,
YMIR,11,29,-17.32899,141.88602,115.446,5.493,-0.047,-0.616,
YMIT,11,29,-26.48621,147.94388,113.599,9.24,-5.641,-5.442,1960.57
YMJM,12,30,-34.2653,116.14,116.657,-2.254,-1.089,0.656,
YMLT,14L,32R,-41.5439,147.2165,145.242,14.788,-9.546,-7.818,1935.64
YMLT,14R,32L,-41.5446,147.21049,146.934,14.786,-7.851,-6.123,1955.61
YMLT,18,36,-41.5423,147.2165,200.623,14.787,5.836,7.564,
YMMB,13L,31R,-37.97622,145.1019,142.032,12.074,-0.043,1.111,
YMMB,13R,31L,-37.97827,145.10085,142.005,12.075,-0.07,1.084,
YMMB,17L,35R,-37.97772,145.09983,176.038,12.074,-6.037,-4.882,1978.03
YMMB,17R,35L,-37.97756,145.09738,176.064,12.073,-6.009,-4.855,1978.5
YMMI,03,21,-28.705,121.89,35.202,1.296,3.907,4.394,
YMML,09,27,-37.66155,144.83501,94.156,11.824,-7.668,-6.559,1946.32
YMML,16,34,-37.6695,144.83801,171.683,11.829,-0.146,0.964,
YMMU,11,29,-22.8011,148.706,113.351,8.533,-5.182,-5.184,1969.52
YMND,05,23,-32.70057,151.49414,56.698,12.438,-5.74,-4.975,1976.41
YMND,08,26,-32.7013,151.4938,93.099,12.438,0.661,1.427,
YMND,18,36,-32.69838,151.49264,192.989,12.436,0.553,1.318,
YMNE,11,29,-27.287,120.554,114.786,1.046,3.739,4.196,
YMNG,05,23,-36.88809,145.1822,54.065,11.668,-7.603,-6.578,1945.06
YMNG,18,36,-36.88925,145.18873,189.047,11.671,-2.624,-1.599,
YMOG,04,22,-28.1145,117.8375,33.878,0.186,-6.308,-5.473,1940.47
YMOG,16,34,-28.1152,117.8406,156.844,0.186,-3.342,-2.508,
YMOR,01,19,-29.49935,149.8455,17.484,10.744,-3.26,-2.798,
YMOR,05,23,-29.4985,149.841,56.679,10.742,-4.063,-3.601,
YMPC,04,22,-37.933,144.751,49.333,11.897,-2.564,-1.423,
YMPC,17,35,-37.93035,144.75401,172.667,11.897,-9.23,-8.09,
YMRB,16,34,-22.05815,148.076,172.255,8.178,4.077,4.013,
YMRY,04,22,-35.9017,150.144,57.155,13.282,3.873,4.917,
YMRY,18,36,-35.89555,150.1465,190.217,13.28,-3.063,-2.02,
YMST,05,23,-21.62362,117.08101,59.006,0.832,8.174,8.406,
YMST,11,29,-21.62367,117.08055,116.912,0.832,6.08,6.312,
YMTI,09,27,-16.6615,139.17,98.431,4.65,3.781,3.052,
YMTO,16,34,-24.89227,151.10178,167.946,9.762,-1.816,-1.623,
YMYB,12,30,-25.5143,152.7155,128.251,10.405,-2.154,-1.877,
YMYB,17,35,-25.5135,152.7135,176.318,10.404,-4.086,-3.809,
YNAR,05,23,-34.70121,146.51305,53.236,11.375,-8.139,-7.316,1917.58
YNAR,14,32,-34.6992,146.51051,142.413,11.373,-8.961,-8.138,
YNGU,11,29,-14.72345,134.7475,114.253,3.257,0.996,-0.047,
YNHL,09,27,-36.31075,141.647,103.219,9.896,3.323,4.209,
YNHL,18,36,-36.31195,141.643,189.281,9.895,-0.614,0.272,
YNPE,13,31,-10.94459,142.45343,138.44,4.591,3.849,2.967,
YNRC,08,26,-36.9804,140.723,84.081,9.688,-5.607,-4.663,1984.55
YNRM,04,22,-32.2155,148.22549,52.854,11.112,1.743,2.379,
YNRM,11,29,-32.2159,148.2245,123.094,11.111,1.983,2.619,
YNRN,05,23,-25.68101,150.85944,53.227,9.907,-6.68,-6.447,1925.62
YNRV,06,24,-33.7979,120.208,59.73,-0.14,-0.13,1.078,
YNRV,14,32,-33.79745,120.211,140.505,-0.139,0.644,1.851,
YNTN,14,32,-17.68715,141.0715,145.808,5.333,0.475,-0.107,
YNUM,15,33,-14.26955,135.715,150.414,3.413,-3.0,-4.037,
YNWN,05,23,-23.4185,119.803,54.329,1.16,3.169,3.293,
YNYN,05,23,-31.55065,147.203,57.989,10.519,-2.53,-1.977,
YNYN,18,36,-31.54925,147.1995,195.471,10.518,4.953,5.506,
YOEN,12,30,-12.32545,133.007,120.117,2.538,-2.421,-3.7,
YOLA,09,27,-38.28592,143.6756,98.477,11.541,-3.064,-1.904,
YOLD,07,25,-30.48405,136.876,70.516,6.459,-5.943,-5.689,1950.82
YOOM,12,30,-28.09895,140.198,126.827,7.118,-0.292,-0.18,
YPAD,05,23,-34.94955,138.53,50.109,8.119,-8.009,-7.316,
YPAD,12,30,-34.9453,138.5295,123.591,8.117,-4.526,-3.833,
YPAG,15,33,-32.50505,137.7145,156.882,7.201,-0.32,0.126,
YPAM,14,32,-18.7551,146.58135,142.635,7.059,-4.424,-4.72,
YPBO,06,24,-23.17145,117.7465,65.245,0.812,4.433,4.75,
YPCC,15,33,-12.19135,96.83365,149.103,-1.519,0.622,2.235,
YPCM,16,34,-11.76207,130.88076,160.252,2.062,-1.81,-3.189,
YPDN,11,29,-12.4143,130.8795,108.982,2.15,-3.168,-4.497,
YPDN,18,36,-12.4157,130.871,180.0,2.149,-2.149,-3.477,
YPEA,05,23,-31.6669,116.015,43.547,-1.336,-5.117,-3.655,2023.22
YPEA,18L,36R,-31.67335,116.0155,173.323,-1.338,-5.34,-3.877,2003.77
YPEA,18R,36L,-31.6766,116.014,173.747,-1.339,-4.913,-3.45,
YPGV,13,31,-12.26925,136.8175,131.17,3.371,-2.201,-3.322,
YPIR,03,21,-33.23875,138.0005,43.057,7.482,5.575,6.093,
YPIR,08,26,-33.2381,137.9965,90.003,7.48,2.523,3.04,
YPIR,17,35,-33.2399,137.991,180.0,7.479,2.521,3.039,
YPJT,06L,24R,-32.09695,115.88,54.45,-1.539,-4.011,-2.482,
YPJT,06R,24L,-32.09785,115.882,54.384,-1.538,-4.077,-2.548,
YPJT,12,30,-32.10276,115.87975,114.462,-1.541,-3.997,-2.467,
YPKA,08,26,-20.71288,116.77557,83.621,0.855,2.766,2.939,
YPKG,11,29,-30.79145,121.4645,111.018,0.931,0.088,0.836,
YPKG,18,36,-30.7868,121.4615,184.568,0.93,3.638,4.386,
YPKS,04,22,-33.13285,148.238,53.547,11.447,2.1,2.818,
YPKS,11,29,-33.129,148.2375,123.651,11.445,2.206,2.923,
YPKT,16,34,-14.24955,129.53,162.139,2.158,-0.019,-1.215,
YPKU,12,30,-15.77793,128.70934,118.785,2.204,-3.419,-4.486,
YPLC,01,19,-34.60615,135.879,14.376,6.874,-2.498,-1.862,
YPLC,05,23,-34.6043,135.881,57.994,6.875,1.119,1.756,
YPLC,15,33,-34.60495,135.8785,153.675,6.874,-3.199,-2.562,
YPLM,18,36,-22.2337,114.09,183.9,0.295,3.604,4.285,
YPMH,18,36,-29.71592,135.52438,189.731,5.828,3.903,4.075,
YPMP,14,32,-14.8964,141.609,151.634,5.007,6.627,5.906,
YPMQ,03,21,-31.43592,152.86211,30.856,12.406,-11.551,-10.856,
YPOD,08,26,-38.31915,141.472,87.188,10.494,-3.305,-2.186,
YPOD,17,35,-38.319,141.4665,175.783,10.491,-4.708,-3.589,
YPPD,14,32,-20.3824,118.63,137.738,1.109,-3.371,-3.44,
YPPD,18,36,-20.3748,118.629,180.0,1.109,-1.109,-1.178,
YPPF,03L,21R,-34.79845,138.6345,28.368,8.126,-9.758,-9.079,
YPPF,03R,21L,-34.7971,138.6375,29.529,8.127,-8.598,-7.919,
YPPF,08L,26R,-34.79315,138.63,85.163,8.123,-2.96,-2.281,
YPPF,08R,26L,-34.7952,138.6285,84.959,8.123,-3.164,-2.485,
YPPH,03,21,-31.94365,115.964,12.776,-1.45,-15.773,-14.273,
YPPH,06,24,-31.93595,115.969,59.369,-1.445,0.814,2.313,
YPTN,14,32,-14.52155,132.3775,138.476,2.718,-4.242,-5.374,
YPWR,12,30,-31.14105,136.822,124.598,6.569,-1.971,-1.66,
YPWR,18,36,-31.14575,136.8125,186.885,6.567,0.318,0.629,
YPXM,18,36,-10.45025,105.691,174.024,0.479,-6.455,-5.903,
YQDI,06,24,-31.49945,150.5185,66.502,11.653,-5.151,-4.515,2017.23
YQDI,14,32,-31.49695,150.52,139.662,11.653,-11.99,-11.354,
YQLP,09,27,-26.60935,144.2575,93.823,8.102,-4.279,-4.176,
YQLP,18,36,-26.60621,144.25458,195.107,8.1,7.007,7.11,
YREN,07,25,-34.19825,140.669,73.946,8.832,-4.886,-4.236,
YREN,18,36,-34.20095,140.6785,185.252,8.836,-3.584,-2.934,
YRMD,09,27,-20.7012,143.114,98.634,6.458,2.177,1.859,
YRNG,09,27,-12.35705,134.8925,92.24,2.941,-0.701,-1.906,
YROM,09,27,-26.54485,148.77,101.792,9.513,2.279,2.506,
YROM,18,36,-26.54435,148.7755,191.433,9.515,1.918,2.145,
YRTI,09,27,-32.0063,115.54,90.004,-1.652,1.656,3.221,
YSBK,11C,29C,-33.9232,150.99,125.721,12.751,2.97,3.834,
YSBK,11L,29R,-33.9229,150.992,123.909,12.752,1.157,2.021,
YSBK,11R,29L,-33.9242,150.9895,124.717,12.752,1.965,2.83,
YSCB,12,30,-35.30555,149.192,130.186,12.659,-2.473,-1.519,
YSCB,17,35,-35.30541,149.19444,180.0,12.66,-2.66,-1.706,
YSCN,06,24,-34.0378,150.688,64.353,12.69,-8.337,-7.47,1910.31
YSCN,10,28,-34.04265,150.6855,111.576,12.691,-1.116,-0.248,
YSCO,11,29,-32.03815,150.83223,121.66,11.958,-0.298,0.392,
YSDU,05,23,-32.21825,148.576,52.581,11.238,-8.657,-8.011,
YSDU,11,29,-32.2167,148.578,118.436,11.238,-2.801,-2.156,
YSGE,11,29,-28.0504,148.5955,121.257,9.89,1.367,1.691,
YSHK,18,36,-25.89651,113.57584,178.161,-0.506,-1.333,-0.178,
YSHL,08,26,-34.56275,150.789,94.446,12.945,1.502,2.423,
YSHL,16,34,-34.5595,150.787,168.324,12.943,-4.619,-3.698,
YSHT,09,27,-36.4298,145.39324,99.601,11.579,-1.978,-0.999,
YSMI,06,24,-40.83605,145.084,69.552,13.348,-3.796,-2.242,
YSMI,10,28,-40.83195,145.08801,112.642,13.348,-0.706,0.847,
YSNB,13,31,-11.41785,130.649,130.047,1.976,-1.929,-3.339,
YSNF,04,22,-29.0424,167.939,51.483,15.323,-3.84,-3.036,
YSNF,11,29,-29.0411,167.9385,122.161,15.322,-3.162,-2.358,
YSNW,03,21,-34.9423,150.544,44.964,13.016,1.949,2.902,
YSNW,08,26,-34.9486,150.53799,94.425,13.016,1.409,2.363,
YSPE,08,26,-28.62009,151.98123,91.177,11.136,0.04,0.497,
YSPT,01,19,-27.92185,153.3715,20.612,11.332,-0.72,-0.272,
YSRI,10,28,-33.60445,150.782,107.206,12.548,-5.342,-4.514,1985.82
YSSY,07,25,-33.9406,151.177,74.044,12.825,-8.781,-7.91,
YSSY,16L,34R,-33.96035,151.191,166.917,12.838,-5.921,-5.047,1975.25
YSSY,16R,34L,-33.94685,151.1765,167.869,12.828,-4.959,-4.087,
YSTA,09,27,-36.6447,143.18,97.067,10.695,-3.629,-2.676,
YSTA,18,36,-36.64095,143.1845,185.132,10.696,-5.564,-4.612,1984.85
YSTW,06,24,-31.0821,150.847,72.265,11.613,0.651,1.263,
YSTW,12L,30R,-31.07785,150.8455,132.704,11.611,1.092,1.703,
YSTW,12R,30L,-31.0847,150.837,134.606,11.611,2.995,3.606,
YSTW,18,36,-31.08165,150.846,190.705,11.613,-0.908,-0.297,
YSWG,05,23,-35.16335,147.46851,61.756,11.93,-0.174,0.72,
YSWG,12,30,-35.16644,147.46688,125.181,11.931,-6.75,-5.855,1955.02
YSWH,04,22,-35.37917,143.535,49.051,10.405,-1.354,-0.531,
YSWH,08,26,-35.375,143.533,90.872,10.402,0.469,1.292,
YSWH,15,33,-35.3791,143.5365,157.1,10.405,-3.305,-2.482,
YSWK,01,19,-30.92449,153.02656,4.961,12.268,-17.307,-16.649,
YSWL,11,29,-37.06825,142.734,115.298,10.646,-5.349,-4.356,1991.96
YSWL,18,36,-37.07515,142.7415,185.984,10.652,-4.668,-3.675,
YTDN,04,22,-38.21576,145.42323,55.499,12.321,3.177,4.37,
YTEE,14,32,-21.83523,140.88781,145.032,6.034,-1.002,-1.325,
YTEF,12,30,-21.7152,122.23,122.162,1.609,0.553,0.297,
YTEM,05,23,-34.42165,147.5045,62.223,11.655,0.567,1.388,
YTEM,09,27,-34.4224,147.5125,99.153,11.659,-2.506,-1.685,
YTEM,18,36,-34.42395,147.514,187.206,11.66,-4.454,-3.633,
YTGM,04,22,-27.99255,143.8115,52.914,8.306,4.608,4.798,
YTGM,13,31,-27.9865,143.8125,141.925,8.305,3.62,3.81,
YTIB,02,20,-29.4536,142.0565,29.315,8.082,1.233,1.493,
YTIB,15,33,-29.45055,142.0565,161.512,8.081,3.43,3.69,
YTMO,14,32,-21.809,139.9215,144.114,5.75,-1.636,-1.993,
YTMU,17,35,-35.2682,148.2405,184.844,12.275,2.569,3.494,
YTNG,10,28,-24.4952,150.579,111.33,9.503,1.828,1.981,
YTNG,14,32,-24.49485,150.578,135.071,9.502,-14.431,-14.278,
YTNK,07,25,-19.63347,134.17868,74.362,3.84,0.522,-0.162,
YTNK,11,29,-19.6364,134.1805,118.342,3.841,4.501,3.817,
YTOC,09,27,-35.8109,145.6015,98.587,11.427,-2.84,-1.924,
YTOC,18,36,-35.80973,145.60496,187.826,11.428,-3.602,-2.686,
YTRE,04,22,-31.888,152.5155,44.36,12.466,-8.106,-7.383,
YTRE,12,30,-31.8864,152.50999,138.085,12.463,5.621,6.344,
YTST,12,30,-14.0876,126.38011,128.384,1.685,6.698,5.518,1954.48
YTWB,06,24,-27.5432,151.9145,73.913,10.773,3.14,3.522,
YTWB,11,29,-27.54279,151.91781,116.621,10.774,-4.153,-3.771,
YTYA,17,35,-38.26706,145.17961,180.811,12.232,-1.421,-0.228,
YWBL,04,22,-38.2955,142.44817,47.907,10.959,-3.052,-1.917,
YWBL,13,31,-38.29443,142.44659,138.018,10.958,-2.94,-1.805,
YWBR,18,36,-26.12595,126.583,187.191,2.64,4.55,4.49,
YWCA,03,21,-31.5224,143.37812,36.142,9.122,-2.979,-2.52,
YWCK,09,27,-28.14928,151.94295,97.368,10.972,-3.605,-3.181,
YWDH,04,22,-25.4105,142.6685,51.322,7.313,4.008,3.984,
YWGM,14,32,-31.86838,116.93976,142.778,-1.021,3.798,5.162,
YWGT,09,27,-36.41925,146.303,98.242,11.959,-3.717,-2.717,
YWGT,18,36,-36.4156,146.3085,189.398,11.96,-2.562,-1.562,
YWHA,05,23,-33.05602,137.51157,54.321,7.241,-2.921,-2.426,
YWHA,17,35,-33.0587,137.519,173.68,7.245,-3.565,-3.069,
YWIS,14,32,-22.47375,150.179,152.542,8.879,3.663,3.691,
YWKB,08,26,-36.32165,142.42049,85.763,10.245,-4.483,-3.581,
YWKB,17,35,-36.32095,142.4185,173.265,10.244,-6.979,-6.078,1951.35
YWKI,02,20,-34.18015,140.033,25.711,8.561,-2.85,-2.213,
YWKI,08,26,-34.1867,140.029,84.494,8.561,-4.067,-3.43,
YWLG,05,23,-30.03345,148.1255,59.464,10.345,-0.881,-0.425,
YWLG,18,36,-30.03175,148.125,189.656,10.344,-0.688,-0.232,
YWLM,12,30,-32.796,151.83505,130.251,12.592,-2.341,-1.558,
YWLU,03,21,-26.6326,120.2195,34.354,1.021,3.333,3.752,
YWLU,15,33,-26.6331,120.222,145.361,1.022,-5.66,-5.241,1941.6
YWRN,03,21,-31.7371,147.79601,43.504,10.793,2.711,3.295,
YWRN,09,27,-31.73415,147.80949,98.709,10.797,-2.087,-1.503,
YWSL,05,23,-38.09355,146.9645,57.641,12.957,-5.316,-4.1,2017.81
YWSL,14,32,-38.0944,146.9665,142.825,12.958,-10.133,-8.917,
YWTN,14,32,-22.3625,143.08649,148.907,6.783,2.124,1.909,
YWUD,07,25,-33.04325,135.4445,73.126,6.393,-3.267,-2.789,
YWUD,14,32,-33.03995,135.4455,145.667,6.393,-0.727,-0.248,
YWWL,04,22,-33.93705,147.1955,38.195,11.355,-13.16,-12.394,
YWWL,09,27,-33.9391,147.1895,98.836,11.353,-2.517,-1.752,
YWYM,12,30,-15.5085,128.155,125.189,2.085,3.104,2.019,
YWYY,05,23,-40.99665,145.72701,64.428,13.753,0.674,2.27,
YWYY,09,27,-40.998,145.7335,99.471,13.757,-4.286,-2.69,
YYND,12,30,-22.25355,131.78217,127.911,3.606,4.305,3.805,
YYNG,01,19,-34.2556,148.24711,14.761,11.875,-7.114,-6.29,1948.92
YYRM,05,23,-38.56932,146.75379,62.373,13.08,-0.706,0.565,
YYRM,09,27,-38.56671,146.75323,99.193,13.078,-3.885,-2.613,
YYWG,01,19,-36.03255,146.0275,23.171,11.69,1.482,2.432,
Z13,11,29,60.90485,-161.4225,115.568,9.28,-3.713,-13.534,
Z40,07,25,61.39445,-149.8425,93.501,14.04,9.46,-2.295,2011.7
Z92,04,22,42.5894,-82.57565,43.753,-7.882,11.635,8.51,
ZA-0047,08,26,-28.6271,20.32465,59.82,-21.406,1.225,0.087,
ZA-0105,03,21,-25.69275,27.78275,11.821,-19.875,1.697,-1.785,
ZA-0112,06,24,-25.97125,28.3502,39.914,-20.536,0.449,-3.475,
ZA-0113,08,26,-26.85135,28.1981,57.253,-21.866,-0.88,-5.28,
ZA-0114,08,26,-24.7567,27.9691,64.506,-18.474,2.98,0.004,
ZA-0327,06,24,-29.9701,30.95055,35.419,-27.826,3.245,-3.863,
ZA-0355,02,20,-33.5885,18.61822,353.524,-26.51,0.034,-2.769,
ZBAA,01,19,40.07587,116.61495,353.155,-7.648,-9.198,-11.143,
ZBAA,18L,36R,40.07244,116.5975,173.093,-7.642,0.735,-1.21,
ZBAA,18R,36L,40.0878,116.57193,173.161,-7.638,0.799,-1.145,
ZBAD,01L,19R,39.4865,116.429,354.183,-7.451,-8.366,-10.307,
ZBAD,11L,29R,39.5128,116.4525,103.169,-7.464,0.633,-1.309,
ZBAD,17L,35R,39.50092,116.39879,173.027,-7.446,10.472,8.532,
ZBAD,17R,35L,39.50009,116.39002,173.026,-7.443,10.469,8.529,
ZBDS,13,31,39.49196,109.8611,122.99,-5.354,-1.657,-3.323,
ZBDT,14,32,40.06214,113.47961,131.615,-6.682,-1.703,-3.555,
ZBHH,08,26,40.85145,111.824,71.956,-6.295,-1.749,-3.549,
ZBLA,09,27,49.205,119.825,83.702,-10.99,4.693,2.703,
ZBSJ,15,33,38.2807,114.6975,147.304,-6.663,3.967,2.084,
ZBTJ,16L,34R,39.12847,117.37059,154.466,-7.626,2.092,0.128,
ZBTJ,16R,34L,39.12437,117.34618,154.451,-7.618,2.07,0.106,
ZBYC,08,26,35.11819,111.03133,77.988,-4.925,2.913,1.251,
ZBYN,13L,31R,37.7469,112.6285,127.065,-5.919,2.984,1.2,
ZGDY,08,26,29.10295,110.44359,75.746,-3.719,-0.536,-2.122,
ZGGG,01L,19R,23.39559,113.27931,13.991,-3.322,7.312,5.484,1955.87
ZGGG,01R,19L,23.39261,113.28798,13.078,-3.323,6.401,4.572,1986.63
ZGGG,02L,20R,23.3923,113.3095,14.05,-3.327,-2.623,-4.454,
ZGGG,02R,20L,23.38615,113.3125,14.01,-3.326,-2.664,-4.495,
ZGGG,03,21,23.37055,113.32341,14.005,-3.325,-12.67,-14.501,
ZGHA,18L,36R,28.19198,113.22346,176.892,-4.193,1.084,-0.727,
ZGKL,01,19,25.2181,110.039,4.127,-3.005,-2.868,-4.411,
ZGOW,04,22,23.55195,116.5035,39.069,-3.937,3.006,0.925,
ZGSD,05,23,22.00834,113.37833,44.788,-3.092,-2.12,-3.957,
ZGSZ,15,33,22.6393,113.8105,153.059,-3.282,6.341,4.468,2000.17
ZGSZ,16L,34R,22.63917,113.79324,153.021,-3.279,-3.7,-5.573,
ZGSZ,16R,34L,22.64457,113.78428,153.026,-3.278,-3.695,-5.567,
ZHCC,12L,30R,34.53335,113.859,112.43,-5.61,-1.96,-3.796,
ZHCC,12R,30L,34.51965,113.841,112.562,-5.602,-1.835,-3.671,
ZHHH,04,22,30.78375,114.208,42.138,-4.927,7.065,5.195,1965.08
ZHHH,05L,23R,30.7698,114.22324,41.464,-4.928,-3.608,-5.479,
ZHHH,05R,23L,30.76902,114.22746,41.47,-4.929,-3.601,-5.473,
ZHYC,14,32,30.55461,111.48238,133.228,-4.219,-2.553,-4.227,
ZJHK,09,27,19.93485,110.459,89.814,-2.262,2.077,0.519,
ZJHK,10,28,19.95376,110.46554,89.813,-2.266,-7.921,-9.48,
ZJQH,15,33,19.14146,110.45278,150.199,-2.141,2.34,0.789,
ZJSY,08,26,18.3029,109.412,82.17,-1.867,4.037,2.597,
ZKPY,17,35,39.2053,125.67,162.816,-9.33,2.147,0.208,
ZLIC,03,21,38.32119,106.3922,29.492,-3.984,3.476,2.072,
ZLLL,01,19,36.52166,103.64531,357.033,-2.893,-10.074,-11.204,
ZLLL,18L,36R,36.51361,103.62493,177.052,-2.886,-0.063,-1.191,
ZLXN,11,29,36.53032,102.03954,109.036,-2.408,1.444,0.448,
ZLXY,05L,23R,34.45343,108.75119,48.828,-4.147,2.976,1.487,
ZLXY,06L,24R,34.43226,108.76661,48.822,-4.149,-7.03,-8.519,
ZLXY,06R,24L,34.432,108.77265,49.002,-4.15,-6.848,-8.338,
ZMBH,16,34,46.16335,100.704,156.979,-2.502,-0.518,-2.05,
ZMBU,18,36,46.66035,113.285,171.866,-8.107,-0.027,-2.062,
ZMCD,12,30,48.1357,114.646,112.312,-8.982,1.294,-0.803,
ZMCK,11,29,47.6469,106.82,104.762,-5.509,0.271,-1.706,
ZMDZ,03,21,43.59175,104.4295,26.556,-3.915,0.472,-1.073,
ZMKD,16,34,47.95375,91.62725,157.384,1.732,-4.349,-5.381,
ZMMN,10,28,49.6633,100.0995,102.111,-2.312,4.423,2.533,
ZMUB,14,32,47.8426,106.767,137.808,-5.513,3.321,1.329,
ZMUB,15,33,47.8434,106.7575,145.692,-5.509,1.201,-0.791,
ZPJH,16,34,21.97395,100.7595,160.743,-1.203,1.947,1.303,
ZPLJ,02,20,26.67707,100.24475,17.035,-1.404,-1.561,-2.193,
ZPPP,03,21,25.11637,102.9293,38.391,-1.715,10.106,9.233,
ZPPP,04,22,25.10559,102.94458,38.368,-1.717,0.085,-0.789,
ZSAM,05,23,24.544,118.128,51.668,-4.421,6.09,3.913,2009.89
ZSHC,06,24,30.24517,120.42403,62.937,-6.122,9.059,6.875,
ZSHC,07,25,30.22951,120.43441,62.932,-6.12,-0.948,-3.132,
ZSJN,01,19,36.8572,117.216,0.0,-7.031,-2.969,-4.944,
ZSNB,13,31,29.8267,121.462,122.903,-6.192,-0.905,-3.125,
ZSNJ,06,24,31.742,118.862,57.82,-6.186,4.006,1.904,
ZSNJ,07,25,31.72211,118.86422,57.997,-6.182,-5.821,-7.924,
ZSNT,18,36,32.07413,120.98006,178.348,-6.673,5.021,2.864,2025.94
ZSOF,15,33,31.98844,116.97652,149.921,-5.835,5.756,3.738,2015.12
ZSPD,16L,34R,31.14388,121.82231,162.02,-6.58,8.6,6.404,1913.19
ZSPD,16R,34L,31.1427,121.818,162.428,-6.579,9.007,6.811,
ZSPD,17L,35R,31.14415,121.7925,161.941,-6.575,-1.484,-3.68,
ZSPD,17R,35L,31.14025,121.78867,162.022,-6.574,-1.404,-3.6,
ZSQD,16,34,36.36582,120.0993,162.372,-7.592,9.965,7.917,
ZSQD,17,35,36.35556,120.0778,162.37,-7.585,-0.045,-2.093,
ZSQZ,03,21,24.79718,118.58922,30.43,-4.552,4.983,2.784,
ZSSH,04,22,33.79235,119.12636,35.71,-6.737,2.447,0.373,
ZSSS,18L,36R,31.19785,121.336,176.796,-6.514,3.31,1.125,
ZSTX,13,31,29.73369,118.2562,127.965,-5.594,3.56,1.449,
ZSWH,02,20,37.18715,122.229,19.737,-8.234,7.971,5.927,1933.01
ZSWX,03,21,31.49737,120.43056,20.234,-6.43,-3.336,-5.493,
ZSWZ,03,21,27.90849,120.85218,28.215,-5.628,3.843,1.597,
ZSXZ,09,27,34.05935,117.55642,85.48,-6.448,1.928,-0.089,
ZSYA,17,35,32.56691,119.71879,166.839,-6.558,3.397,1.282,
ZSYN,04,22,33.42835,120.20522,38.556,-6.868,5.424,3.315,2019.34
ZSYW,02,20,29.34268,120.03155,18.262,-5.835,4.097,1.907,
ZUCK,02L,20R,29.71901,106.64153,16.805,-2.923,-0.272,-1.53,
ZUCK,02R,20L,29.72029,106.64606,16.845,-2.924,-0.231,-1.489,
ZUCK,03L,21R,29.73072,106.66718,16.908,-2.93,-10.162,-11.423,
ZUCK,03R,21L,29.73567,106.67302,16.924,-2.932,-10.144,-11.404,
ZUGY,01L,19R,26.53845,106.801,10.729,-2.552,3.281,2.032,
ZUGY,01R,19L,26.54023,106.80529,9.919,-2.553,2.473,1.223,
ZUHY,16,34,32.53155,102.3525,163.212,-2.194,5.406,4.495,2016.13
ZULS,10R,28L,29.29807,90.91226,89.027,-0.049,-10.923,-10.712,
ZUTF,01,19,30.30712,104.42537,22.167,-2.483,14.65,13.587,
ZUTF,02,20,30.291,104.44474,22.221,-2.485,4.706,3.641,
ZUTF,11,29,30.30865,104.4782,112.099,-2.495,4.593,3.526,
ZUUU,02L,20R,30.57853,103.94699,21.916,-2.401,4.316,3.294,
ZUUU,02R,20L,30.53455,103.94384,21.482,-2.396,3.878,2.856,
ZUXC,18,36,27.98905,102.1845,178.436,-1.816,0.252,-0.575,
ZWKC,08,26,41.6776,82.8728,83.076,3.34,-0.264,0.055,
ZWSH,08,26,39.5429,76.01995,86.007,4.099,1.907,2.837,
ZWTN,11,29,37.0385,79.8649,110.465,2.794,-2.328,-1.514,
ZWWW,07,25,43.9071,87.47425,73.534,2.562,0.972,0.723,
ZWWW,08L,26R,43.9277,87.47362,73.632,2.566,-8.934,-9.185,
ZWWW,08R,26L,43.9239,87.47255,73.686,2.566,-8.88,-9.131,
ZYCC,06,24,43.9962,125.685,49.029,-10.716,-0.254,-2.049,
ZYHB,05L,23R,45.6234,126.25,39.406,-11.266,0.672,-1.059,
ZYHB,05R,23L,45.58997,126.22364,39.375,-11.252,0.627,-1.105,
ZYJM,06,24,46.8426,130.464,48.399,-11.958,0.357,-1.129,
ZYMD,04,22,44.52405,129.569,25.4,-11.236,-3.364,-4.972,
ZYTL,10,28,38.96565,121.539,95.569,-8.581,4.15,2.145,
ZYTX,06,24,41.63985,123.4835,49.009,-9.693,-1.299,-3.219,
ZYYJ,09,27,42.8828,129.4515,81.507,-10.743,2.251,0.578,
